ISO-10303-21;
HEADER;
FILE_DESCRIPTION (( 'STEP AP214' ),
    '1' );
FILE_NAME ('902ÅÁÎ÷Äá·¨À¼.STEP',
    '2026-09-02T06:50:00',
    ( '' ),
    ( '' ),
    'SwSTEP 2.0',
    'SolidWorks 2024',
    '' );
FILE_SCHEMA (( 'AUTOMOTIVE_DESIGN' ));
ENDSEC;

DATA;
#1 = FACE_OUTER_BOUND ( 'NONE', #5492, .T. ) ;
#2 = ORIENTED_EDGE ( 'NONE', *, *, #3630, .F. ) ;
#3 = CARTESIAN_POINT ( 'NONE',  ( -46.96203082768271031, 50.11429676277850831, 34.35882444406047398 ) ) ;
#4 = VERTEX_POINT ( 'NONE', #2108 ) ;
#5 = DIRECTION ( 'NONE',  ( 0.000000000000000000, 0.000000000000000000, -1.000000000000000000 ) ) ;
#6 = FACE_OUTER_BOUND ( 'NONE', #2600, .T. ) ;
#7 = CARTESIAN_POINT ( 'NONE',  ( -47.63650621250133099, 10.41314405244940744, 49.46950688943059049 ) ) ;
#8 = CARTESIAN_POINT ( 'NONE',  ( -16.43791430085531147, 15.09858293986367883, 46.50645455425303965 ) ) ;
#9 = CARTESIAN_POINT ( 'NONE',  ( -4.598110735783330405, 40.11429676277855805, 27.17766952966350047 ) ) ;
#10 = EDGE_CURVE ( 'NONE', #2246, #1325, #2551, .T. ) ;
#11 = CIRCLE ( 'NONE', #2450, 2.500000000000002220 ) ;
#12 = CARTESIAN_POINT ( 'NONE',  ( -18.52378818297509966, 44.72389447986096656, 48.21193739515653931 ) ) ;
#13 = DIRECTION ( 'NONE',  ( 0.000000000000000000, 0.000000000000000000, 1.000000000000000000 ) ) ;
#14 = DIRECTION ( 'NONE',  ( 0.000000000000000000, 1.000000000000000000, 0.000000000000000000 ) ) ;
#15 = AXIS2_PLACEMENT_3D ( 'NONE', #39, #1722, #830 ) ;
#16 = ORIENTED_EDGE ( 'NONE', *, *, #5204, .F. ) ;
#17 = VECTOR ( 'NONE', #4613, 1000.000000000000000 ) ;
#18 = EDGE_CURVE ( 'NONE', #2143, #2740, #1132, .T. ) ;
#19 = CARTESIAN_POINT ( 'NONE',  ( -48.00799207476446639, 47.00817796703277196, 49.92796961961845881 ) ) ;
#20 = LINE ( 'NONE', #467, #2974 ) ;
#21 = VECTOR ( 'NONE', #3544, 1000.000000000000000 ) ;
#22 = CIRCLE ( 'NONE', #3403, 1.000000000000000888 ) ;
#23 = CARTESIAN_POINT ( 'NONE',  ( -47.45244441446233452, 14.33390124028954382, 49.01586674996107718 ) ) ;
#24 = FACE_OUTER_BOUND ( 'NONE', #4743, .T. ) ;
#25 = VERTEX_POINT ( 'NONE', #2215 ) ;
#26 = VECTOR ( 'NONE', #413, 1000.000000000000000 ) ;
#27 = CIRCLE ( 'NONE', #3948, 10.00000000000000000 ) ;
#28 = EDGE_CURVE ( 'NONE', #4629, #262, #5478, .T. ) ;
#29 = CARTESIAN_POINT ( 'NONE',  ( -14.51506936893387412, 44.99060487017725762, 44.46540111200002343 ) ) ;
#30 = AXIS2_PLACEMENT_3D ( 'NONE', #428, #2146, #5 ) ;
#31 = ORIENTED_EDGE ( 'NONE', *, *, #2029, .T. ) ;
#32 = CARTESIAN_POINT ( 'NONE',  ( -22.27074199593434756, 47.32216616760130279, 54.85882444406049530 ) ) ;
#33 = VERTEX_POINT ( 'NONE', #1319 ) ;
#34 = CARTESIAN_POINT ( 'NONE',  ( -17.49550611166486291, 47.76340536577733786, 48.04067844662183973 ) ) ;
#35 = ORIENTED_EDGE ( 'NONE', *, *, #381, .T. ) ;
#36 = EDGE_LOOP ( 'NONE', ( #343, #179, #127, #4139, #1626 ) ) ;
#37 = VECTOR ( 'NONE', #4559, 1000.000000000000000 ) ;
#38 = DIRECTION ( 'NONE',  ( 1.000000000000000000, 0.000000000000000000, 0.000000000000000000 ) ) ;
#39 = CARTESIAN_POINT ( 'NONE',  ( -20.79346926866904965, 18.86830646247155130, 37.85882444406049530 ) ) ;
#40 = ADVANCED_FACE ( 'NONE', ( #77 ), #1786, .F. ) ;
#41 = AXIS2_PLACEMENT_3D ( 'NONE', #4239, #5065, #415 ) ;
#42 = PLANE ( 'NONE',  #294 ) ;
#43 = DIRECTION ( 'NONE',  ( 0.7071067811865475727, -0.7071067811865475727, 0.000000000000000000 ) ) ;
#44 = CARTESIAN_POINT ( 'NONE',  ( -12.64790989955100109, 3.868306462471565066, 22.17766952966350047 ) ) ;
#45 = DIRECTION ( 'NONE',  ( 0.000000000000000000, 1.000000000000000000, 0.000000000000000000 ) ) ;
#46 = ADVANCED_FACE ( 'NONE', ( #463, #2570 ), #2593, .F. ) ;
#47 = ORIENTED_EDGE ( 'NONE', *, *, #2862, .T. ) ;
#48 = CARTESIAN_POINT ( 'NONE',  ( -51.23122916787012571, 14.12513007473730120, 47.16758878566575675 ) ) ;
#49 = CARTESIAN_POINT ( 'NONE',  ( -49.77811073578330081, -5.931693537528449411, -20.97766952966370013 ) ) ;
#50 = B_SPLINE_CURVE_WITH_KNOTS ( 'NONE', 3,
 ( #1405, #48, #4367, #76, #2214, #4721, #4811, #979, #1759, #1005, #553, #3984, #168, #3918, #3498, #2592, #3152, #1460, #3888, #1785, #4755, #1881, #5199, #5252, #105, #2269, #5226, #522, #140, #2711, #3462, #2239, #3531, #3558, #1430, #2625, #5138, #4844, #4280, #461, #3952, #1343, #3439, #5164, #918, #4312, #1369, #3093, #3063, #4343, #950, #2653, #1818, #1855, #2258, #131, #3974, #5496, #1842, #996, #1808, #3550, #2295, #4832, #185, #3939, #3524, #5243, #1424, #434, #5219, #835, #3112, #2566, #4672, #1699, #162, #4804, #4233, #2545, #4254, #866, #1451, #3140, #411, #5082, #2127, #3085, #1287, #1396, #4776, #1033, #2735, #4002, #2979, #1873, #4427, #609, #1260, #2151, #2323 ),
 .UNSPECIFIED., .F., .F.,
 ( 4, 2, 2, 1, 1, 2, 2, 2, 1, 1, 1, 2, 2, 2, 2, 1, 1, 2, 2, 2, 2, 1, 1, 1, 2, 2, 2, 2, 1, 1, 2, 2, 2, 2, 2, 1, 1, 1, 2, 2, 2, 2, 1, 1, 1, 2, 2, 2, 2, 2, 1, 2, 2, 2, 2, 2, 1, 1, 2, 2, 4 ),
 ( 0.000000000000000000, 0.06249999999989325206, 0.09374999999983885113, 0.1093749999998128442, 0.1171874999997997852, 0.1210937499997931793, 0.1249999999997865874, 0.1562499999997363775, 0.1718749999997123135, 0.1796874999997003231, 0.1835937499996929678, 0.1855468749996901923, 0.1874999999996874167, 0.2187499999996592448, 0.2343749999996438682, 0.2421874999996362077, 0.2460937499996312949, 0.2480468749996279643, 0.2499999999996246336, 0.2812499999995738409, 0.2968749999995490274, 0.3046874999995385358, 0.3085937499995324296, 0.3105468749995310418, 0.3115234374995317634, 0.3124999999995324851, 0.3437499999995443645, 0.3593749999995491939, 0.3671874999995506927, 0.3710937499995512479, 0.3730468749995513034, 0.3749999999995513589, 0.4999999999995441424, 0.5624999999995414779, 0.5937499999995410338, 0.6093749999995412558, 0.6171874999995426991, 0.6210937499995428102, 0.6230468749995424771, 0.6249999999995421440, 0.6562499999995161648, 0.6718749999995019540, 0.6796874999994947375, 0.6835937499994917399, 0.6855468749994908517, 0.6865234374994909627, 0.6874999999994909627, 0.7187499999995391464, 0.7343749999995644595, 0.7421874999995776712, 0.7460937499995837774, 0.7480468749995865529, 0.7499999999995893285, 0.8124999999997033484, 0.8437499999997595257, 0.8593749999997890576, 0.8671874999998042677, 0.8710937499998118172, 0.8730468749998147038, 0.8749999999998175904, 1.000000000000000000 ),
 .UNSPECIFIED. ) ;
#51 = CARTESIAN_POINT ( 'NONE',  ( -48.03803569912071936, 46.98207565445546408, 49.95700997672294363 ) ) ;
#52 = PRODUCT_DEFINITION_CONTEXT ( 'detailed design', #867, 'design' ) ;
#53 = DIRECTION ( 'NONE',  ( 1.000000000000000000, 0.000000000000000000, 0.000000000000000000 ) ) ;
#55 = ORIENTED_EDGE ( 'NONE', *, *, #5080, .F. ) ;
#54 = CARTESIAN_POINT ( 'NONE',  ( -52.87178819448959644, 14.09973489411209968, 23.68124034523389909 ) ) ;
#56 = B_SPLINE_CURVE_WITH_KNOTS ( 'NONE', 3,
 ( #855, #1669, #1273, #4189, #366, #2090, #2941, #5486, #1690, #2968, #4795, #118, #5236, #3104, #2663, #1386, #3448, #2726, #3542, #1326, #1865, #4768, #3874, #2223, #3131, #153, #4381, #3900, #1442, #5149, #4351, #3843, #3474, #4823, #533, #29, #445, #3425, #1771, #4703, #1022, #3076, #568, #2250, #1351, #961, #1741, #3929, #3042, #60, #900, #988, #1831, #5122, #3018, #4736, #931, #2637, #2604, #4290, #477, #2196, #88, #4325, #1799, #5176, #2164, #3965, #506, #3513, #2691, #5211, #2284, #1416, #1526, #716 ),
 .UNSPECIFIED., .F., .F.,
 ( 4, 2, 2, 1, 1, 1, 2, 2, 2, 2, 2, 1, 2, 2, 2, 2, 2, 1, 1, 1, 2, 2, 2, 2, 2, 1, 1, 1, 1, 2, 2, 2, 2, 2, 1, 2, 2, 2, 2, 2, 1, 1, 2, 2, 4 ),
 ( 0.000000000000000000, 0.06249999999996620759, 0.09374999999994917954, 0.1093749999999394096, 0.1171874999999337752, 0.1210937499999299866, 0.1230468749999284322, 0.1249999999999268779, 0.1874999999998752942, 0.2187499999998494815, 0.2343749999998369915, 0.2421874999998313849, 0.2460937499998286648, 0.2499999999998259448, 0.3124999999997821742, 0.3437499999997601363, 0.3593749999997497557, 0.3671874999997452593, 0.3710937499997430389, 0.3730468749997407074, 0.3740234374997398192, 0.3749999999997389866, 0.4999999999997171152, 0.5624999999997050137, 0.5937499999996979083, 0.6093749999996943556, 0.6171874999996932454, 0.6210937499996923572, 0.6230468749996929123, 0.6240234374996936895, 0.6249999999996944666, 0.6874999999997403188, 0.7187499999997623013, 0.7343749999997737365, 0.7421874999997803979, 0.7460937499997833955, 0.7499999999997862821, 0.8124999999998367972, 0.8437499999998629985, 0.8593749999998760991, 0.8671874999998810951, 0.8710937499998846478, 0.8730468749998860911, 0.8749999999998876454, 1.000000000000000000 ),
 .UNSPECIFIED. ) ;
#57 = PLANE ( 'NONE',  #1025 ) ;
#58 = EDGE_LOOP ( 'NONE', ( #4060, #4268 ) ) ;
#59 = ORIENTED_EDGE ( 'NONE', *, *, #1561, .F. ) ;
#60 = CARTESIAN_POINT ( 'NONE',  ( -16.16265262899596777, 46.63897772670185304, 44.46017800636296613 ) ) ;
#61 = EDGE_CURVE ( 'NONE', #2112, #3971, #4697, .T. ) ;
#62 = ORIENTED_EDGE ( 'NONE', *, *, #1612, .T. ) ;
#63 = DIRECTION ( 'NONE',  ( 0.000000000000000000, 0.000000000000000000, -1.000000000000000000 ) ) ;
#64 = VERTEX_POINT ( 'NONE', #49 ) ;
#65 = CARTESIAN_POINT ( 'NONE',  ( -17.47793408996104247, 47.74962264825705205, 48.13941026553295188 ) ) ;
#66 = EDGE_LOOP ( 'NONE', ( #4762, #2557 ) ) ;
#67 = VERTEX_POINT ( 'NONE', #3011 ) ;
#68 = DIRECTION ( 'NONE',  ( 1.026956297778268916E-13, -1.000000000000000000, 0.000000000000000000 ) ) ;
#69 = ORIENTED_EDGE ( 'NONE', *, *, #542, .T. ) ;
#70 = CARTESIAN_POINT ( 'NONE',  ( -50.61899991391818077, 13.37078248378463208, 49.68384450213644499 ) ) ;
#71 = FILL_AREA_STYLE_COLOUR ( '', #1100 ) ;
#72 = CYLINDRICAL_SURFACE ( 'NONE', #5186, 15.69999999999999929 ) ;
#73 = CARTESIAN_POINT ( 'NONE',  ( -18.06074748551489151, 44.31083011128887250, 48.84449765135182986 ) ) ;
#74 = DIRECTION ( 'NONE',  ( 0.7071067811865475727, 0.7071067811865475727, 0.000000000000000000 ) ) ;
#75 = EDGE_LOOP ( 'NONE', ( #311, #4281, #4291, #1585, #4246, #926, #47, #5458, #1269, #4084, #4387, #4609 ) ) ;
#76 = CARTESIAN_POINT ( 'NONE',  ( -51.18857856654877025, 14.07035671174829439, 46.67705302095658482 ) ) ;
#77 = FACE_OUTER_BOUND ( 'NONE', #1499, .T. ) ;
#78 = ADVANCED_FACE ( 'NONE', ( #1760 ), #586, .F. ) ;
#79 = CARTESIAN_POINT ( 'NONE',  ( -14.42277167645590019, 3.868306462471565066, -17.67766952966359995 ) ) ;
#80 = CARTESIAN_POINT ( 'NONE',  ( -16.59811073578330110, 18.86830646247155130, 22.17766952966350047 ) ) ;
#82 = ORIENTED_EDGE ( 'NONE', *, *, #2037, .F. ) ;
#81 = DIRECTION ( 'NONE',  ( -1.000000000000000000, 0.000000000000000000, 0.000000000000000000 ) ) ;
#83 = CARTESIAN_POINT ( 'NONE',  ( -51.23122916787829695, 43.61148285021339888, 47.35882438196049549 ) ) ;
#84 = VERTEX_POINT ( 'NONE', #1294 ) ;
#85 = EDGE_LOOP ( 'NONE', ( #5296, #2316, #4475, #2940 ) ) ;
#86 = EDGE_CURVE ( 'NONE', #4742, #816, #4369, .T. ) ;
#87 = DIRECTION ( 'NONE',  ( -1.000000000000000000, 0.000000000000000000, 0.000000000000000000 ) ) ;
#88 = CARTESIAN_POINT ( 'NONE',  ( -17.12570821988751746, 47.46842482607265623, 45.53811632233862383 ) ) ;
#89 = EDGE_LOOP ( 'NONE', ( #104, #4945 ) ) ;
#90 = FACE_OUTER_BOUND ( 'NONE', #421, .T. ) ;
#91 = ORIENTED_EDGE ( 'NONE', *, *, #4049, .T. ) ;
#92 = CARTESIAN_POINT ( 'NONE',  ( -16.95098013846593332, 47.32392420231271046, 49.46867212272391612 ) ) ;
#93 = EDGE_LOOP ( 'NONE', ( #3397, #4477, #3603, #3520 ) ) ;
#94 = ORIENTED_EDGE ( 'NONE', *, *, #2810, .T. ) ;
#95 = EDGE_CURVE ( 'NONE', #3221, #2320, #2156, .T. ) ;
#96 = CARTESIAN_POINT ( 'NONE',  ( -47.03664565641089723, 46.01564590624769835, 47.35882438196049549 ) ) ;
#97 = DIRECTION ( 'NONE',  ( 0.000000000000000000, 1.000000000000000000, 0.000000000000000000 ) ) ;
#98 = VERTEX_POINT ( 'NONE', #3094 ) ;
#99 = CARTESIAN_POINT ( 'NONE',  ( -49.73180366009155051, 12.37870141219580589, 50.42865250873749972 ) ) ;
#100 = CARTESIAN_POINT ( 'NONE',  ( -23.29346926866904965, 14.36830646247156018, 39.85882444406045266 ) ) ;
#101 = EDGE_CURVE ( 'NONE', #3253, #1827, #5200, .T. ) ;
#102 = CARTESIAN_POINT ( 'NONE',  ( -14.42277167645590019, -2.931693537528434756, -21.17766952966359995 ) ) ;
#103 = CARTESIAN_POINT ( 'NONE',  ( -17.28235367133327927, 10.14159288451452845, 45.88425723011084045 ) ) ;
#104 = ORIENTED_EDGE ( 'NONE', *, *, #2322, .F. ) ;
#105 = CARTESIAN_POINT ( 'NONE',  ( -50.76726147584633964, 13.54774460539787029, 45.28305431265560088 ) ) ;
#106 = CARTESIAN_POINT ( 'NONE',  ( -51.10772535932689209, 43.76877231393657297, 48.49062562693882938 ) ) ;
#107 = CIRCLE ( 'NONE', #744, 3.300000000000000711 ) ;
#108 = DIRECTION ( 'NONE',  ( 0.000000000000000000, 0.000000000000000000, 1.000000000000000000 ) ) ;
#109 = CARTESIAN_POINT ( 'NONE',  ( -16.31976198020241497, 42.50091012419915160, 46.91318177105382858 ) ) ;
#110 = CARTESIAN_POINT ( 'NONE',  ( -47.86186348153555059, 14.77395860488449131, 48.72061086264148599 ) ) ;
#111 = CIRCLE ( 'NONE', #2007, 1.000000000000000888 ) ;
#112 = CARTESIAN_POINT ( 'NONE',  ( -51.01518803426451854, 43.88527848758864280, 45.88023314650978079 ) ) ;
#113 = ORIENTED_EDGE ( 'NONE', *, *, #4544, .T. ) ;
#114 = EDGE_LOOP ( 'NONE', ( #159, #4534, #16, #3219, #3991, #3431 ) ) ;
#115 = LINE ( 'NONE', #151, #597 ) ;
#116 = CIRCLE ( 'NONE', #3239, 21.00000537967435221 ) ;
#117 = AXIS2_PLACEMENT_3D ( 'NONE', #2805, #2421, #686 ) ;
#118 = CARTESIAN_POINT ( 'NONE',  ( -13.48826744408477651, 43.78019391752954448, 46.18808133922171777 ) ) ;
#119 = ORIENTED_EDGE ( 'NONE', *, *, #3907, .T. ) ;
#120 = EDGE_CURVE ( 'NONE', #1863, #5237, #4229, .T. ) ;
#121 = CARTESIAN_POINT ( 'NONE',  ( -54.47572988274549743, 36.61087154449395342, 39.85882444406045266 ) ) ;
#122 = AXIS2_PLACEMENT_3D ( 'NONE', #2634, #2278, #3037 ) ;
#123 = ORIENTED_EDGE ( 'NONE', *, *, #213, .T. ) ;
#124 = AXIS2_PLACEMENT_3D ( 'NONE', #4317, #5089, #5503 ) ;
#125 = CARTESIAN_POINT ( 'NONE',  ( -17.28227611898365979, 47.59495906343435934, 48.83360047241997393 ) ) ;
#126 = VERTEX_POINT ( 'NONE', #2713 ) ;
#127 = ORIENTED_EDGE ( 'NONE', *, *, #1607, .T. ) ;
#128 = DIRECTION ( 'NONE',  ( 0.000000000000000000, 0.000000000000000000, 1.000000000000000000 ) ) ;
#129 = AXIS2_PLACEMENT_3D ( 'NONE', #188, #1902, #4837 ) ;
#130 = CIRCLE ( 'NONE', #3933, 9.999999999999998224 ) ;
#131 = CARTESIAN_POINT ( 'NONE',  ( -48.78011505359591382, 11.42717479099681199, 44.29000837474539765 ) ) ;
#132 = ORIENTED_EDGE ( 'NONE', *, *, #657, .T. ) ;
#133 = CYLINDRICAL_SURFACE ( 'NONE', #5444, 23.99999999999235101 ) ;
#134 = EDGE_CURVE ( 'NONE', #4792, #1666, #2583, .T. ) ;
#135 = DIRECTION ( 'NONE',  ( 0.000000000000000000, 0.000000000000000000, 1.000000000000000000 ) ) ;
#136 = AXIS2_PLACEMENT_3D ( 'NONE', #223, #2852, #4117 ) ;
#137 = DIRECTION ( 'NONE',  ( 0.000000000000000000, 0.000000000000000000, 1.000000000000000000 ) ) ;
#138 = CARTESIAN_POINT ( 'NONE',  ( -17.12066118088677413, 10.27253611507751074, 45.53592130420949502 ) ) ;
#139 = ORIENTED_EDGE ( 'NONE', *, *, #3920, .F. ) ;
#140 = CARTESIAN_POINT ( 'NONE',  ( -50.70934215400339440, 13.47819078688098315, 45.17889637395576585 ) ) ;
#141 = EDGE_CURVE ( 'NONE', #1191, #1552, #2332, .T. ) ;
#142 = DIRECTION ( 'NONE',  ( 0.000000000000000000, 0.000000000000000000, -1.000000000000000000 ) ) ;
#143 = VECTOR ( 'NONE', #608, 1000.000000000000000 ) ;
#144 = DIRECTION ( 'NONE',  ( 0.000000000000000000, 0.000000000000000000, -1.000000000000000000 ) ) ;
#145 = CARTESIAN_POINT ( 'NONE',  ( -16.56498490835656767, 42.78308749925825083, 46.23725907234125287 ) ) ;
#146 = CARTESIAN_POINT ( 'NONE',  ( -45.89189448872959787, 12.86571818637669828, 47.35882438196049549 ) ) ;
#147 = AXIS2_PLACEMENT_3D ( 'NONE', #1525, #2058, #264 ) ;
#148 = CARTESIAN_POINT ( 'NONE',  ( -4.598110735783330405, 14.28573076751572124, 24.17766952966350047 ) ) ;
#149 = ORIENTED_EDGE ( 'NONE', *, *, #945, .F. ) ;
#150 = ORIENTED_EDGE ( 'NONE', *, *, #5329, .T. ) ;
#151 = CARTESIAN_POINT ( 'NONE',  ( -13.09552015946595915, 43.61148285019935145, 47.35882438196059496 ) ) ;
#152 = ADVANCED_FACE ( 'NONE', ( #4012 ), #981, .T. ) ;
#153 = CARTESIAN_POINT ( 'NONE',  ( -14.29687253492802945, 44.74615373256696671, 44.63979559582199386 ) ) ;
#154 = ORIENTED_EDGE ( 'NONE', *, *, #3802, .F. ) ;
#155 = CARTESIAN_POINT ( 'NONE',  ( -49.77811073578359924, 3.868306462471565066, 17.67766952966350047 ) ) ;
#156 = ADVANCED_FACE ( 'NONE', ( #3669 ), #171, .F. ) ;
#157 = VERTEX_POINT ( 'NONE', #1572 ) ;
#158 = DIRECTION ( 'NONE',  ( 0.000000000000000000, 0.000000000000000000, 1.000000000000000000 ) ) ;
#159 = ORIENTED_EDGE ( 'NONE', *, *, #225, .T. ) ;
#160 = CARTESIAN_POINT ( 'NONE',  ( -42.79346926866904965, 50.11429676277849410, 27.17766952966350047 ) ) ;
#161 = EDGE_CURVE ( 'NONE', #157, #2624, #2216, .T. ) ;
#162 = CARTESIAN_POINT ( 'NONE',  ( -47.96388021909338306, 10.69028588328459151, 44.83300297296823089 ) ) ;
#163 = CARTESIAN_POINT ( 'NONE',  ( -50.65918761523001024, 13.41839361028966060, 49.62171744676913931 ) ) ;
#164 = CARTESIAN_POINT ( 'NONE',  ( -49.77811073578330081, 3.868306462471565066, -12.17766952966374028 ) ) ;
#165 = DIRECTION ( 'NONE',  ( 0.000000000000000000, 0.000000000000000000, 1.000000000000000000 ) ) ;
#166 = CARTESIAN_POINT ( 'NONE',  ( -44.79346926866904965, 9.954375923019689765, 37.85882444406049530 ) ) ;
#167 = EDGE_LOOP ( 'NONE', ( #707, #1029, #2500, #1817 ) ) ;
#168 = CARTESIAN_POINT ( 'NONE',  ( -51.05277521364234161, 13.89869382607244752, 46.00651179697363347 ) ) ;
#169 = CARTESIAN_POINT ( 'NONE',  ( -51.23122916787829695, 43.61148285021339888, 47.35882438196049549 ) ) ;
#170 = ORIENTED_EDGE ( 'NONE', *, *, #5040, .T. ) ;
#171 = CYLINDRICAL_SURFACE ( 'NONE', #1303, 1.700000000000002176 ) ;
#172 = CARTESIAN_POINT ( 'NONE',  ( -49.77811073578330081, -6.131693537528450477, -17.67766952966370297 ) ) ;
#173 = LINE ( 'NONE', #4528, #4393 ) ;
#174 = FACE_OUTER_BOUND ( 'NONE', #4585, .T. ) ;
#175 = VERTEX_POINT ( 'NONE', #3124 ) ;
#176 = ORIENTED_EDGE ( 'NONE', *, *, #5159, .F. ) ;
#177 = DIRECTION ( 'NONE',  ( 0.000000000000000000, 1.000000000000000000, 0.000000000000000000 ) ) ;
#178 = DIRECTION ( 'NONE',  ( -0.7071067811865470176, -0.7071067811865480168, 0.000000000000000000 ) ) ;
#179 = ORIENTED_EDGE ( 'NONE', *, *, #3613, .T. ) ;
#180 = DIRECTION ( 'NONE',  ( -0.9890987445808150369, 0.1472537723410020094, 0.000000000000000000 ) ) ;
#181 = ORIENTED_EDGE ( 'NONE', *, *, #3028, .F. ) ;
#182 = CARTESIAN_POINT ( 'NONE',  ( -13.57215139308772400, 43.88578089291706164, 48.83869454863382487 ) ) ;
#183 = ORIENTED_EDGE ( 'NONE', *, *, #3591, .F. ) ;
#184 = LINE ( 'NONE', #4803, #1662 ) ;
#185 = CARTESIAN_POINT ( 'NONE',  ( -48.36086305738329827, 11.04009084063673285, 44.49906459470783915 ) ) ;
#186 = CARTESIAN_POINT ( 'NONE',  ( -50.06210712479405345, 12.73524929470867484, 50.25884019293375360 ) ) ;
#187 = DIRECTION ( 'NONE',  ( 0.000000000000000000, 0.7071067811865550112, 0.7071067811865400232 ) ) ;
#188 = CARTESIAN_POINT ( 'NONE',  ( -32.29346926866904965, 28.86830646247155130, 39.85882444406045266 ) ) ;
#189 = CARTESIAN_POINT ( 'NONE',  ( -13.49365448991158090, 13.94962543673137390, 46.16553474901821374 ) ) ;
#190 = DIRECTION ( 'NONE',  ( -1.000000000000000000, 0.000000000000000000, 0.000000000000000000 ) ) ;
#191 = CARTESIAN_POINT ( 'NONE',  ( -16.74956965503006856, 10.58105320369063840, 44.95986357025818592 ) ) ;
#192 = VERTEX_POINT ( 'NONE', #2682 ) ;
#193 = CARTESIAN_POINT ( 'NONE',  ( -47.59811073578330110, 8.954375923019691541, 42.16311116877835019 ) ) ;
#194 = ADVANCED_FACE ( 'NONE', ( #4725 ), #921, .F. ) ;
#195 = ORIENTED_EDGE ( 'NONE', *, *, #1967, .F. ) ;
#196 = CARTESIAN_POINT ( 'NONE',  ( -42.79346926866904965, 49.11429676277849410, 42.16311116877835019 ) ) ;
#197 = AXIS2_PLACEMENT_3D ( 'NONE', #3782, #864, #4230 ) ;
#198 = CARTESIAN_POINT ( 'NONE',  ( -22.79346926865059686, 48.20092139164069778, 54.85882444406049530 ) ) ;
#199 = CARTESIAN_POINT ( 'NONE',  ( -18.65796359207491051, 8.954375923019691541, 35.62037545663918792 ) ) ;
#200 = CARTESIAN_POINT ( 'NONE',  ( -16.87345662681638814, 10.47746315539122541, 49.58094926113318479 ) ) ;
#201 = CARTESIAN_POINT ( 'NONE',  ( -56.61176889139247237, 37.05401930922757714, 34.38380697125964502 ) ) ;
#202 = ORIENTED_EDGE ( 'NONE', *, *, #5306, .T. ) ;
#203 = EDGE_CURVE ( 'NONE', #3602, #5380, #5383, .T. ) ;
#204 = CONICAL_SURFACE ( 'NONE', #3312, 3.499999999999999556, 0.7853981633974984611 ) ;
#205 = ORIENTED_EDGE ( 'NONE', *, *, #4502, .T. ) ;
#206 = LINE ( 'NONE', #2662, #4320 ) ;
#207 = AXIS2_PLACEMENT_3D ( 'NONE', #2789, #5274, #1174 ) ;
#208 = LINE ( 'NONE', #1925, #1468 ) ;
#209 = ORIENTED_EDGE ( 'NONE', *, *, #1960, .T. ) ;
#210 = DIRECTION ( 'NONE',  ( 0.000000000000000000, 1.000000000000000000, 0.000000000000000000 ) ) ;
#211 = VERTEX_POINT ( 'NONE', #4316 ) ;
#212 = CIRCLE ( 'NONE', #4035, 3.499999999999999556 ) ;
#213 = EDGE_CURVE ( 'NONE', #575, #1191, #766, .T. ) ;
#214 = AXIS2_PLACEMENT_3D ( 'NONE', #2961, #2135, #737 ) ;
#215 = CARTESIAN_POINT ( 'NONE',  ( -14.68572657922251956, 45.17679015066414649, 50.35390829161926973 ) ) ;
#216 = ORIENTED_EDGE ( 'NONE', *, *, #2668, .T. ) ;
#217 = CARTESIAN_POINT ( 'NONE',  ( -54.77941434455399872, 37.25772086661499571, -6.042575751263660422 ) ) ;
#218 = CARTESIAN_POINT ( 'NONE',  ( -46.15736209262538381, 13.09502573230885147, 46.32008518589388046 ) ) ;
#219 = AXIS2_PLACEMENT_3D ( 'NONE', #4071, #253, #5283 ) ;
#220 = DIRECTION ( 'NONE',  ( 0.000000000000000000, 1.000000000000000000, 0.000000000000000000 ) ) ;
#221 = CARTESIAN_POINT ( 'NONE',  ( -54.95282232633920216, 36.77739737154699640, -6.042575751263660422 ) ) ;
#222 = CARTESIAN_POINT ( 'NONE',  ( -19.74865207137042233, 50.11429676277849410, 34.85684742616223275 ) ) ;
#223 = CARTESIAN_POINT ( 'NONE',  ( -6.293469268685610629, 28.86830646247155130, 36.35882444406050240 ) ) ;
#224 = AXIS2_PLACEMENT_3D ( 'NONE', #5079, #43, #3365 ) ;
#225 = EDGE_CURVE ( 'NONE', #1332, #1523, #399, .T. ) ;
#226 = CARTESIAN_POINT ( 'NONE',  ( -52.87178819448959644, 14.09973489411209968, 23.68124034523389909 ) ) ;
#227 = CARTESIAN_POINT ( 'NONE',  ( -17.55029288094127438, 9.930546563276772432, 47.16759526348089793 ) ) ;
#228 = CIRCLE ( 'NONE', #2727, 15.69999999999999929 ) ;
#229 = CARTESIAN_POINT ( 'NONE',  ( -32.29346926866904965, 28.86830646247155130, 54.85882444406049530 ) ) ;
#230 = EDGE_LOOP ( 'NONE', ( #4420, #2012, #5348, #2893 ) ) ;
#231 = CIRCLE ( 'NONE', #3339, 2.000000000000001776 ) ;
#232 = DIRECTION ( 'NONE',  ( 0.000000000000000000, 0.000000000000000000, 1.000000000000000000 ) ) ;
#233 = EDGE_CURVE ( 'NONE', #1481, #5424, #1375, .T. ) ;
#234 = CARTESIAN_POINT ( 'NONE',  ( -56.28304389358662263, 20.73715929491121202, 34.46983848973678732 ) ) ;
#235 = CARTESIAN_POINT ( 'NONE',  ( -14.42277167645590019, 3.868306462471565066, -12.17766952966359995 ) ) ;
#236 = AXIS2_PLACEMENT_3D ( 'NONE', #5002, #406, #1254 ) ;
#237 = EDGE_LOOP ( 'NONE', ( #3930, #2247, #2423, #1449, #94, #1796, #2857, #5412, #697, #2078, #4754, #2484, #4016, #4431, #261, #3873, #5303, #3186, #4051, #507, #2865, #3482, #535 ) ) ;
#238 = ORIENTED_EDGE ( 'NONE', *, *, #213, .F. ) ;
#239 = FACE_OUTER_BOUND ( 'NONE', #3179, .T. ) ;
#240 = AXIS2_PLACEMENT_3D ( 'NONE', #4580, #4159, #1553 ) ;
#241 = CARTESIAN_POINT ( 'NONE',  ( -14.42277167645590019, 3.868306462471565066, -17.67766952966359995 ) ) ;
#242 = ORIENTED_EDGE ( 'NONE', *, *, #1431, .T. ) ;
#243 = CARTESIAN_POINT ( 'NONE',  ( -47.03664565641088302, 47.80606636168077017, 47.16748520369743858 ) ) ;
#244 = ORIENTED_EDGE ( 'NONE', *, *, #2207, .F. ) ;
#245 = DIRECTION ( 'NONE',  ( 0.000000000000000000, 1.000000000000000000, 0.000000000000000000 ) ) ;
#246 = DIRECTION ( 'NONE',  ( -1.000000000000000000, 0.000000000000000000, 0.000000000000000000 ) ) ;
#247 = EDGE_CURVE ( 'NONE', #5216, #5259, #1219, .T. ) ;
#248 = CARTESIAN_POINT ( 'NONE',  ( -47.86285302854222579, 14.77505645984173377, 45.99821560015582378 ) ) ;
#249 = DIRECTION ( 'NONE',  ( 0.000000000000000000, 1.000000000000000000, 0.000000000000000000 ) ) ;
#250 = CARTESIAN_POINT ( 'NONE',  ( -54.77941434454240266, 20.47889205832854742, -6.042575751263660422 ) ) ;
#251 = CARTESIAN_POINT ( 'NONE',  ( -18.58682796705798523, 50.11429676277848699, 34.48929586429117933 ) ) ;
#252 = CARTESIAN_POINT ( 'NONE',  ( -13.77623880636945408, 13.59934520290830307, 45.35092516787540262 ) ) ;
#253 = DIRECTION ( 'NONE',  ( 0.000000000000000000, 1.000000000000000000, 0.000000000000000000 ) ) ;
#254 = CARTESIAN_POINT ( 'NONE',  ( -69.59811073578329399, 3.868306462471565066, 17.78130422224800000 ) ) ;
#255 = EDGE_LOOP ( 'NONE', ( #1492, #1139, #730, #3766 ) ) ;
#256 = CARTESIAN_POINT ( 'NONE',  ( -14.42277167645602098, -6.131693537528450477, 17.67766952966370297 ) ) ;
#257 = ORIENTED_EDGE ( 'NONE', *, *, #2578, .F. ) ;
#258 = DIRECTION ( 'NONE',  ( -2.775557561562889810E-17, 1.000000000000000000, 0.000000000000000000 ) ) ;
#259 = CARTESIAN_POINT ( 'NONE',  ( -55.53034151721539757, 20.86192115151325766, 34.95289942287071483 ) ) ;
#260 = CARTESIAN_POINT ( 'NONE',  ( -16.70936202069784926, 10.61638422212517519, 49.78858490236250844 ) ) ;
#261 = ORIENTED_EDGE ( 'NONE', *, *, #3070, .T. ) ;
#262 = VERTEX_POINT ( 'NONE', #594 ) ;
#263 = ADVANCED_FACE ( 'NONE', ( #4758 ), #2308, .F. ) ;
#264 = DIRECTION ( 'NONE',  ( 1.000000000000000000, 0.000000000000000000, 0.000000000000000000 ) ) ;
#265 = LINE ( 'NONE', #4505, #3583 ) ;
#266 = VERTEX_POINT ( 'NONE', #4345 ) ;
#267 = CARTESIAN_POINT ( 'NONE',  ( -47.19398716912607483, 47.68252131969784813, 46.22684161721351614 ) ) ;
#268 = EDGE_LOOP ( 'NONE', ( #937, #1391, #149, #2419, #2992, #4470 ) ) ;
#269 = EDGE_CURVE ( 'NONE', #1335, #1748, #3699, .T. ) ;
#270 = CARTESIAN_POINT ( 'NONE',  ( -13.91549186230736979, 44.30365168583008284, 49.60212761908182699 ) ) ;
#271 = CARTESIAN_POINT ( 'NONE',  ( -32.10044120611970442, -11.13169353752843982, -12.00000000000000000 ) ) ;
#272 = DIRECTION ( 'NONE',  ( 1.000000000000000000, 0.000000000000000000, 0.000000000000000000 ) ) ;
#273 = LINE ( 'NONE', #1937, #4489 ) ;
#274 = PLANE ( 'NONE',  #1007 ) ;
#275 = EDGE_CURVE ( 'NONE', #772, #907, #5255, .T. ) ;
#276 = CARTESIAN_POINT ( 'NONE',  ( -14.57679030665109821, 12.67819091547855059, 44.42519561856863675 ) ) ;
#277 = CARTESIAN_POINT ( 'NONE',  ( -59.59811073578330110, -64.59143548592969353, 34.35882444406045266 ) ) ;
#278 = CARTESIAN_POINT ( 'NONE',  ( -32.29346926866904965, 28.86830646247155130, 36.35882444406050240 ) ) ;
#279 = DIRECTION ( 'NONE',  ( 0.000000000000000000, 0.000000000000000000, 1.000000000000000000 ) ) ;
#280 = ORIENTED_EDGE ( 'NONE', *, *, #3926, .F. ) ;
#281 = ADVANCED_FACE ( 'NONE', ( #3503 ), #5202, .F. ) ;
#282 = DIRECTION ( 'NONE',  ( 0.000000000000000000, 1.000000000000000000, 0.000000000000000000 ) ) ;
#283 = CARTESIAN_POINT ( 'NONE',  ( -55.49967166751359571, 20.86706737438824533, 34.98445749616119116 ) ) ;
#284 = CARTESIAN_POINT ( 'NONE',  ( -17.11647811062979940, 10.27604363109591112, 49.19472807173488604 ) ) ;
#285 = EDGE_LOOP ( 'NONE', ( #974, #1930, #5506, #1051 ) ) ;
#286 = ORIENTED_EDGE ( 'NONE', *, *, #2630, .F. ) ;
#287 = CARTESIAN_POINT ( 'NONE',  ( -16.59811073578330110, 3.868306462471565066, 24.35882444406049885 ) ) ;
#288 = DIRECTION ( 'NONE',  ( 0.000000000000000000, -0.7071067811865201502, 0.7071067811865749952 ) ) ;
#289 = CIRCLE ( 'NONE', #5431, 1.699999999999999734 ) ;
#290 = ORIENTED_EDGE ( 'NONE', *, *, #2115, .F. ) ;
#291 = DIRECTION ( 'NONE',  ( 0.000000000000000000, 0.000000000000000000, -1.000000000000000000 ) ) ;
#292 = VERTEX_POINT ( 'NONE', #303 ) ;
#293 = CARTESIAN_POINT ( 'NONE',  ( -14.52373868228753118, 45.00016003137916698, 50.25810767847590199 ) ) ;
#294 = AXIS2_PLACEMENT_3D ( 'NONE', #490, #547, #4274 ) ;
#295 = CARTESIAN_POINT ( 'NONE',  ( -46.02407181469662589, 12.97892496881674340, 46.60212767789303001 ) ) ;
#296 = EDGE_CURVE ( 'NONE', #574, #3647, #1203, .T. ) ;
#297 = CARTESIAN_POINT ( 'NONE',  ( -47.59811073578330110, -1.131693537528442040, 34.35882444406045266 ) ) ;
#298 = VECTOR ( 'NONE', #4777, 1000.000000000000000 ) ;
#299 = CARTESIAN_POINT ( 'NONE',  ( -13.43756878540970057, 14.02050892347361177, 48.28789504490467976 ) ) ;
#300 = AXIS2_PLACEMENT_3D ( 'NONE', #2814, #4021, #1474 ) ;
#301 = ORIENTED_EDGE ( 'NONE', *, *, #161, .T. ) ;
#302 = CARTESIAN_POINT ( 'NONE',  ( -13.49088625347894066, 13.95311695392172524, 46.17705227624158937 ) ) ;
#303 = CARTESIAN_POINT ( 'NONE',  ( -43.79346926866904965, 14.36830646247156018, 39.85882444406045266 ) ) ;
#304 = CIRCLE ( 'NONE', #3319, 3.499999999999999556 ) ;
#305 = VECTOR ( 'NONE', #793, 1000.000000000000000 ) ;
#306 = DIRECTION ( 'NONE',  ( 0.000000000000000000, 0.000000000000000000, 1.000000000000000000 ) ) ;
#307 = DIRECTION ( 'NONE',  ( 0.000000000000000000, 0.000000000000000000, -1.000000000000000000 ) ) ;
#308 = CARTESIAN_POINT ( 'NONE',  ( -56.76842478614372567, 37.07943953623001221, 34.35882444406050240 ) ) ;
#309 = VECTOR ( 'NONE', #3871, 1000.000000000000000 ) ;
#310 = AXIS2_PLACEMENT_3D ( 'NONE', #44, #2981, #3829 ) ;
#311 = ORIENTED_EDGE ( 'NONE', *, *, #3636, .F. ) ;
#312 = CARTESIAN_POINT ( 'NONE',  ( -41.79346926866904965, 47.59662726280569700, 39.85882444406045266 ) ) ;
#313 = AXIS2_PLACEMENT_3D ( 'NONE', #4034, #2795, #1488 ) ;
#314 = EDGE_CURVE ( 'NONE', #5233, #3572, #231, .T. ) ;
#315 = CARTESIAN_POINT ( 'NONE',  ( -46.82787449090668730, 44.02728160821781955, 49.01586674999114734 ) ) ;
#316 = CARTESIAN_POINT ( 'NONE',  ( -14.51021648034742029, 12.75136071858751308, 50.24893826054928070 ) ) ;
#317 = ORIENTED_EDGE ( 'NONE', *, *, #5140, .T. ) ;
#318 = AXIS2_PLACEMENT_3D ( 'NONE', #3228, #4921, #2999 ) ;
#319 = DIRECTION ( 'NONE',  ( 0.000000000000000000, 0.000000000000000000, 1.000000000000000000 ) ) ;
#320 = DIRECTION ( 'NONE',  ( 0.000000000000000000, 0.000000000000000000, -1.000000000000000000 ) ) ;
#321 = ORIENTED_EDGE ( 'NONE', *, *, #3050, .T. ) ;
#322 = DIRECTION ( 'NONE',  ( 0.000000000000000000, 1.000000000000000000, 0.000000000000000000 ) ) ;
#323 = VERTEX_POINT ( 'NONE', #3361 ) ;
#324 = AXIS2_PLACEMENT_3D ( 'NONE', #2562, #3002, #429 ) ;
#325 = DIRECTION ( 'NONE',  ( -0.9441397107360783858, -0.3295454545448838202, 0.000000000000000000 ) ) ;
#326 = LINE ( 'NONE', #701, #4209 ) ;
#327 = CARTESIAN_POINT ( 'NONE',  ( -13.46964036338297177, 13.97992540489079438, 48.44797381495738620 ) ) ;
#328 = DIRECTION ( 'NONE',  ( 0.000000000000000000, 1.000000000000000000, 0.000000000000000000 ) ) ;
#329 = EDGE_CURVE ( 'NONE', #1026, #5424, #2902, .T. ) ;
#330 = LINE ( 'NONE', #1178, #1393 ) ;
#331 = CARTESIAN_POINT ( 'NONE',  ( -20.90568944441785249, 49.99455721061860203, 54.85882444406049530 ) ) ;
#332 = CARTESIAN_POINT ( 'NONE',  ( -18.52463712523032413, 13.01197782671655112, 46.50851489804477268 ) ) ;
#333 = CARTESIAN_POINT ( 'NONE',  ( -55.35987076629726289, 36.84624092413917396, 35.14753127319578851 ) ) ;
#334 = ORIENTED_EDGE ( 'NONE', *, *, #2666, .T. ) ;
#335 = CARTESIAN_POINT ( 'NONE',  ( -43.20675826695154598, 50.11429676277849410, 54.85882444406049530 ) ) ;
#336 = CARTESIAN_POINT ( 'NONE',  ( -54.95282232633920216, 36.77739737154699640, 39.85882444406045266 ) ) ;
#337 = CARTESIAN_POINT ( 'NONE',  ( -47.59811073578330110, 7.850029902232659396, 34.35882444406045266 ) ) ;
#338 = EDGE_LOOP ( 'NONE', ( #1745, #515, #3449, #2232 ) ) ;
#339 = FACE_OUTER_BOUND ( 'NONE', #3298, .T. ) ;
#340 = DIRECTION ( 'NONE',  ( -0.01918471725807160272, 0.000000000000000000, 0.9998159563758360902 ) ) ;
#341 = ORIENTED_EDGE ( 'NONE', *, *, #637, .T. ) ;
#342 = CARTESIAN_POINT ( 'NONE',  ( -50.26454172346335270, 44.77558319775776852, 44.61698540320062278 ) ) ;
#343 = ORIENTED_EDGE ( 'NONE', *, *, #1446, .T. ) ;
#344 = CARTESIAN_POINT ( 'NONE',  ( -41.79346926866965362, 47.59662726280689782, 54.85882444406049530 ) ) ;
#345 = CARTESIAN_POINT ( 'NONE',  ( -45.22139633703136496, 50.11429676277847989, 34.70571799504334365 ) ) ;
#346 = CARTESIAN_POINT ( 'NONE',  ( -13.66178538679540999, 13.73960472977000258, 49.09322969970738626 ) ) ;
#347 = DIRECTION ( 'NONE',  ( 1.000000000000000000, 0.000000000000000000, 0.000000000000000000 ) ) ;
#348 = FACE_OUTER_BOUND ( 'NONE', #1675, .T. ) ;
#349 = DIRECTION ( 'NONE',  ( 0.000000000000000000, 0.000000000000000000, 1.000000000000000000 ) ) ;
#350 = CARTESIAN_POINT ( 'NONE',  ( -16.72979689299469541, 14.76935030043149055, 46.00583004251441821 ) ) ;
#351 = CARTESIAN_POINT ( 'NONE',  ( -22.79346926866904965, 47.30088631446159297, 37.85882444406049530 ) ) ;
#352 = ORIENTED_EDGE ( 'NONE', *, *, #4454, .T. ) ;
#353 = FACE_OUTER_BOUND ( 'NONE', #717, .T. ) ;
#354 = CARTESIAN_POINT ( 'NONE',  ( -18.81833453916294729, 8.954375923019689765, 35.82431211496316337 ) ) ;
#355 = EDGE_CURVE ( 'NONE', #1773, #2643, #939, .T. ) ;
#356 = DIRECTION ( 'NONE',  ( 0.000000000000000000, 0.000000000000000000, -1.000000000000000000 ) ) ;
#357 = ORIENTED_EDGE ( 'NONE', *, *, #3702, .T. ) ;
#358 = CARTESIAN_POINT ( 'NONE',  ( -47.96458495449916626, 47.04572051226537610, 49.88538298521970660 ) ) ;
#359 = DIRECTION ( 'NONE',  ( 0.000000000000000000, -1.000000000000000000, 0.000000000000000000 ) ) ;
#360 = ADVANCED_FACE ( 'NONE', ( #348 ), #5393, .T. ) ;
#361 = ORIENTED_EDGE ( 'NONE', *, *, #2715, .T. ) ;
#362 = CARTESIAN_POINT ( 'NONE',  ( -48.70616931838152652, 46.38330242998910080, 44.28672124345030880 ) ) ;
#363 = ORIENTED_EDGE ( 'NONE', *, *, #4172, .T. ) ;
#364 = CARTESIAN_POINT ( 'NONE',  ( -16.56649790062423833, 14.95182232387961108, 48.48280443071972456 ) ) ;
#365 = CIRCLE ( 'NONE', #1187, 2.000000000000002220 ) ;
#366 = CARTESIAN_POINT ( 'NONE',  ( -13.41222722355293051, 43.68393649727143924, 46.57773314865738001 ) ) ;
#367 = EDGE_CURVE ( 'NONE', #1131, #3717, #2121, .T. ) ;
#368 = VERTEX_POINT ( 'NONE', #2946 ) ;
#369 = CARTESIAN_POINT ( 'NONE',  ( -17.05236140668358047, 8.954375923019693317, 34.57746126345782756 ) ) ;
#370 = EDGE_CURVE ( 'NONE', #5262, #790, #2440, .T. ) ;
#371 =( BOUNDED_CURVE ( )  B_SPLINE_CURVE ( 3, ( #2584, #940, #909, #5129 ),
 .UNSPECIFIED., .F., .T. ) 
 B_SPLINE_CURVE_WITH_KNOTS ( ( 4, 4 ),
 ( 1.570796326794899889, 1.982313172862385064 ),
 .UNSPECIFIED. ) 
 CURVE ( )  GEOMETRIC_REPRESENTATION_ITEM ( )  RATIONAL_B_SPLINE_CURVE ( ( 1.000000000000000000, 0.9859375419538020102, 0.9859375419538020102, 1.000000000000000000 ) ) 
 REPRESENTATION_ITEM ( '' )  );
#372 = VECTOR ( 'NONE', #3735, 1000.000000000000000 ) ;
#373 = DIRECTION ( 'NONE',  ( 0.000000000000000000, 0.000000000000000000, 1.000000000000000000 ) ) ;
#374 = CARTESIAN_POINT ( 'NONE',  ( -8.003533875690029831, 3.868306462471565066, 23.27206602578905148 ) ) ;
#375 = CIRCLE ( 'NONE', #1108, 31.50000000000000000 ) ;
#376 = VECTOR ( 'NONE', #822, 1000.000000000000114 ) ;
#377 = CARTESIAN_POINT ( 'NONE',  ( -47.57072404584035041, 10.35853102738583331, 49.36552348130604884 ) ) ;
#378 = CARTESIAN_POINT ( 'NONE',  ( -18.43061742966274252, 13.09411122819684259, 46.32188052303042269 ) ) ;
#379 = CARTESIAN_POINT ( 'NONE',  ( -9.442155208850008918, -64.59143548592969353, 21.88268894962254763 ) ) ;
#380 = VECTOR ( 'NONE', #3281, 1000.000000000000000 ) ;
#381 = EDGE_CURVE ( 'NONE', #2880, #5225, #330, .T. ) ;
#382 = DIRECTION ( 'NONE',  ( 0.000000000000000000, 1.000000000000000000, 0.000000000000000000 ) ) ;
#383 = DIRECTION ( 'NONE',  ( -0.7071067811865475727, -0.7071067811865475727, 0.000000000000000000 ) ) ;
#384 = CARTESIAN_POINT ( 'NONE',  ( -44.79346926866904965, 9.954375923019689765, 54.85882444406049530 ) ) ;
#385 = EDGE_CURVE ( 'NONE', #1987, #3167, #943, .T. ) ;
#386 = CIRCLE ( 'NONE', #2718, 3.300000000000000711 ) ;
#387 = CARTESIAN_POINT ( 'NONE',  ( -54.47572988274549743, 36.61087154449395342, 54.85882444406049530 ) ) ;
#388 = AXIS2_PLACEMENT_3D ( 'NONE', #4673, #4694, #3436 ) ;
#389 = ORIENTED_EDGE ( 'NONE', *, *, #1352, .T. ) ;
#390 = EDGE_CURVE ( 'NONE', #4464, #4311, #403, .T. ) ;
#391 = CARTESIAN_POINT ( 'NONE',  ( -48.04875690756406925, 46.97275201409087941, 49.96728022242213285 ) ) ;
#392 = AXIS2_PLACEMENT_3D ( 'NONE', #384, #2129, #916 ) ;
#393 = CONICAL_SURFACE ( 'NONE', #5016, 3.300000000000000711, 0.7853981633974476129 ) ;
#394 = CARTESIAN_POINT ( 'NONE',  ( -3.536079629456974960, 3.868306462471565066, 13.27882704600354025 ) ) ;
#395 = VERTEX_POINT ( 'NONE', #4224 ) ;
#396 = CARTESIAN_POINT ( 'NONE',  ( -48.02447283370648989, 46.99385434454687527, 44.77378857873836893 ) ) ;
#397 = ORIENTED_EDGE ( 'NONE', *, *, #3516, .F. ) ;
#398 = CARTESIAN_POINT ( 'NONE',  ( -16.40360534609680343, 15.13826293589985461, 48.11399381489617610 ) ) ;
#399 = CIRCLE ( 'NONE', #2904, 24.00000000000344968 ) ;
#400 = DIRECTION ( 'NONE',  ( 0.000000000000000000, 0.000000000000000000, 1.000000000000000000 ) ) ;
#401 = ADVANCED_BREP_SHAPE_REPRESENTATION ( '902\X2\5e15897f5c3c6cd55170\X0\', ( #1518, #3778 ), #3504 ) ;
#402 = CARTESIAN_POINT ( 'NONE',  ( -44.17475338278799057, 50.11429676277850120, 35.21601765309411292 ) ) ;
#403 = CIRCLE ( 'NONE', #2033, 12.00000000000000000 ) ;
#404 = FACE_BOUND ( 'NONE', #4732, .T. ) ;
#405 = EDGE_CURVE ( 'NONE', #3311, #4148, #2737, .T. ) ;
#406 = DIRECTION ( 'NONE',  ( -1.000000000000000000, -2.775557561562889810E-17, 0.000000000000000000 ) ) ;
#407 = VECTOR ( 'NONE', #2314, 1000.000000000000000 ) ;
#408 = CARTESIAN_POINT ( 'NONE',  ( -48.02906061955318506, 10.74674011711107191, 49.94832869178762991 ) ) ;
#409 = FACE_OUTER_BOUND ( 'NONE', #2676, .T. ) ;
#410 = CARTESIAN_POINT ( 'NONE',  ( -48.29605754476390445, 15.26988124241090006, 47.35882438196059496 ) ) ;
#411 = CARTESIAN_POINT ( 'NONE',  ( -47.70302451862789894, 10.46869720903444367, 45.15128471912561281 ) ) ;
#412 = CARTESIAN_POINT ( 'NONE',  ( -48.18333319128054626, 42.59834998901196457, 48.11399381481930959 ) ) ;
#413 = DIRECTION ( 'NONE',  ( -1.000000000000000000, 0.000000000000000000, 0.000000000000000000 ) ) ;
#414 = DIRECTION ( 'NONE',  ( 0.000000000000000000, 0.000000000000000000, -1.000000000000000000 ) ) ;
#415 = DIRECTION ( 'NONE',  ( 0.000000000000000000, 0.000000000000000000, 1.000000000000000000 ) ) ;
#416 = CARTESIAN_POINT ( 'NONE',  ( -50.17964927285918009, 44.87097948870490427, 50.17296885229573888 ) ) ;
#417 = CARTESIAN_POINT ( 'NONE',  ( -43.79346926866904965, 9.954375923019689765, 27.17766952966350047 ) ) ;
#418 = FACE_OUTER_BOUND ( 'NONE', #3324, .T. ) ;
#419 = CARTESIAN_POINT ( 'NONE',  ( -47.67548423692947779, 47.29094876070114850, 45.19059239276572981 ) ) ;
#420 = ADVANCED_FACE ( 'NONE', ( #1647 ), #1674, .F. ) ;
#421 = EDGE_LOOP ( 'NONE', ( #1868, #1074, #5427, #5180 ) ) ;
#422 = CARTESIAN_POINT ( 'NONE',  ( -16.29092725950057741, 15.26982679563157674, 47.58458128931134468 ) ) ;
#423 = DIRECTION ( 'NONE',  ( 0.000000000000000000, 0.000000000000000000, 1.000000000000000000 ) ) ;
#424 = ORIENTED_EDGE ( 'NONE', *, *, #836, .T. ) ;
#425 = ADVANCED_FACE ( 'NONE', ( #4956 ), #827, .F. ) ;
#426 = CARTESIAN_POINT ( 'NONE',  ( -47.28039344140850631, 50.11429676277849410, 34.35882444406045266 ) ) ;
#427 = ORIENTED_EDGE ( 'NONE', *, *, #1500, .F. ) ;
#428 = CARTESIAN_POINT ( 'NONE',  ( -32.10044120611970442, -11.13169353752843982, 0.000000000000000000 ) ) ;
#429 = DIRECTION ( 'NONE',  ( 1.000000000000000000, -2.081668171172168513E-15, 0.000000000000000000 ) ) ;
#430 = CARTESIAN_POINT ( 'NONE',  ( -47.19405936628739795, 10.05414877598069268, 48.49105888430053568 ) ) ;
#431 = CARTESIAN_POINT ( 'NONE',  ( -16.52018853843298274, 15.00441363860756105, 46.32008518609277559 ) ) ;
#432 = EDGE_CURVE ( 'NONE', #3971, #5262, #3176, .T. ) ;
#433 = DIRECTION ( 'NONE',  ( 1.000000000000000000, 0.000000000000000000, 0.000000000000000000 ) ) ;
#434 = CARTESIAN_POINT ( 'NONE',  ( -48.09210036520713771, 10.80165479517569160, 44.70988797885759425 ) ) ;
#435 = CARTESIAN_POINT ( 'NONE',  ( -17.60187107479217872, 43.87394140243004159, 49.04778145696620584 ) ) ;
#436 = FACE_OUTER_BOUND ( 'NONE', #1243, .T. ) ;
#437 = CARTESIAN_POINT ( 'NONE',  ( -14.42277167645590019, 3.868306462471565066, -23.17766952966360350 ) ) ;
#438 = CARTESIAN_POINT ( 'NONE',  ( -47.59811073578330110, 8.954375923019691541, 34.56495894638185007 ) ) ;
#439 = EDGE_CURVE ( 'NONE', #552, #3430, #1489, .T. ) ;
#440 = CARTESIAN_POINT ( 'NONE',  ( -49.80847215145821849, 45.28096965556762399, 50.43069633999025569 ) ) ;
#441 = DIRECTION ( 'NONE',  ( 8.659560562354849042E-17, 0.7071067811865550112, -0.7071067811865400232 ) ) ;
#442 = CARTESIAN_POINT ( 'NONE',  ( -43.20675826695154598, 49.11429676277849410, 36.35882444406050240 ) ) ;
#443 = CARTESIAN_POINT ( 'NONE',  ( -50.12212629774857220, 44.93520949682649501, 44.49939585251434693 ) ) ;
#444 = VERTEX_POINT ( 'NONE', #4147 ) ;
#445 = CARTESIAN_POINT ( 'NONE',  ( -14.77785616228039700, 45.28031287557683982, 44.28724290054377377 ) ) ;
#446 = CARTESIAN_POINT ( 'NONE',  ( -17.55931372089504805, 8.954375923019693317, 34.77995320558491699 ) ) ;
#447 = ORIENTED_EDGE ( 'NONE', *, *, #3858, .T. ) ;
#448 = CARTESIAN_POINT ( 'NONE',  ( -17.38774402349785575, 47.67839390468097349, 48.50868792480938652 ) ) ;
#449 = ORIENTED_EDGE ( 'NONE', *, *, #2139, .T. ) ;
#450 = CIRCLE ( 'NONE', #4376, 23.99999999999235101 ) ;
#451 = CARTESIAN_POINT ( 'NONE',  ( -14.42277167645590019, 3.868306462471565066, -17.67766952966359995 ) ) ;
#452 = EDGE_CURVE ( 'NONE', #3198, #3602, #3784, .T. ) ;
#453 = CARTESIAN_POINT ( 'NONE',  ( -47.61414104228964561, 10.39455117566174458, 49.43479763424458895 ) ) ;
#454 = LINE ( 'NONE', #2174, #2881 ) ;
#455 = VECTOR ( 'NONE', #1263, 1000.000000000000000 ) ;
#456 = CARTESIAN_POINT ( 'NONE',  ( -16.59811073578330110, -6.131693537528450477, 29.35882444406044911 ) ) ;
#457 = CIRCLE ( 'NONE', #1721, 12.00000000000000000 ) ;
#458 = B_SPLINE_CURVE_WITH_KNOTS ( 'NONE', 3,
 ( #426, #3, #5100, #4614, #1713, #3401, #4635, #2488, #879, #1306, #345, #2065, #2997, #4267, #1641, #798, #1251, #824, #402, #5488, #2226 ),
 .UNSPECIFIED., .F., .F.,
 ( 4, 2, 1, 1, 1, 2, 2, 1, 1, 1, 1, 2, 2, 4 ),
 ( 0.000000000000000000, 0.2499999999999869549, 0.3749999999999830691, 0.4374999999999837907, 0.4687499999999807376, 0.4843749999999784617, 0.4999999999999761302, 0.6249999999999464873, 0.6874999999999341638, 0.7187499999999267253, 0.7343749999999217293, 0.7421874999999230615, 0.7499999999999245048, 1.000000000000000000 ),
 .UNSPECIFIED. ) ;
#459 = CARTESIAN_POINT ( 'NONE',  ( -56.19734853654929907, 13.86830646247156018, 23.27206602578910122 ) ) ;
#460 = CARTESIAN_POINT ( 'NONE',  ( -54.31095715546150160, 20.65367152508159876, -6.042575751263660422 ) ) ;
#461 = CARTESIAN_POINT ( 'NONE',  ( -50.41284736883908124, 13.13019556358243989, 44.76687511267864750 ) ) ;
#462 = AXIS2_PLACEMENT_3D ( 'NONE', #3876, #1476, #4770 ) ;
#463 = FACE_BOUND ( 'NONE', #2169, .T. ) ;
#464 = AXIS2_PLACEMENT_3D ( 'NONE', #2529, #2141, #3797 ) ;
#465 = CARTESIAN_POINT ( 'NONE',  ( -50.49687723010794826, 44.50906952618342416, 49.85165521861217286 ) ) ;
#466 = EDGE_CURVE ( 'NONE', #1655, #1332, #1622, .T. ) ;
#467 = CARTESIAN_POINT ( 'NONE',  ( -49.77811073578330081, 3.868306462471565066, -12.17766952966374028 ) ) ;
#468 = VECTOR ( 'NONE', #598, 1000.000000000000000 ) ;
#469 = CIRCLE ( 'NONE', #2807, 1.000000000000000888 ) ;
#471 = EDGE_LOOP ( 'NONE', ( #839, #650, #4798, #4868 ) ) ;
#470 = CARTESIAN_POINT ( 'NONE',  ( -43.79346926866904965, 14.36830646247156018, 37.35882444406049530 ) ) ;
#472 = DIRECTION ( 'NONE',  ( -0.7071067811865475727, 0.7071067811865475727, 0.000000000000000000 ) ) ;
#473 = ORIENTED_EDGE ( 'NONE', *, *, #3812, .F. ) ;
#474 = VERTEX_POINT ( 'NONE', #2925 ) ;
#475 = CIRCLE ( 'NONE', #4138, 2.500000000000000444 ) ;
#476 = VECTOR ( 'NONE', #2158, 1000.000000000000000 ) ;
#477 = CARTESIAN_POINT ( 'NONE',  ( -16.88680219314126063, 47.27033685037712729, 45.15530979679265045 ) ) ;
#478 = VECTOR ( 'NONE', #965, 1000.000000000000000 ) ;
#479 = ORIENTED_EDGE ( 'NONE', *, *, #5484, .F. ) ;
#480 = DIRECTION ( 'NONE',  ( 0.000000000000000000, 0.000000000000000000, 1.000000000000000000 ) ) ;
#481 = ORIENTED_EDGE ( 'NONE', *, *, #1762, .F. ) ;
#482 = DIRECTION ( 'NONE',  ( 0.7071067811865471286, -0.7071067811865481278, 0.000000000000000000 ) ) ;
#483 = ORIENTED_EDGE ( 'NONE', *, *, #3587, .F. ) ;
#484 = VERTEX_POINT ( 'NONE', #1751 ) ;
#485 = VECTOR ( 'NONE', #1407, 1000.000000000000000 ) ;
#486 = DIRECTION ( 'NONE',  ( 1.000000000000000000, 0.000000000000000000, 0.000000000000000000 ) ) ;
#487 = ORIENTED_EDGE ( 'NONE', *, *, #3172, .F. ) ;
#488 = CARTESIAN_POINT ( 'NONE',  ( -47.15882854903171761, 10.02626364432880912, 48.36197925913542406 ) ) ;
#489 = AXIS2_PLACEMENT_3D ( 'NONE', #4271, #3432, #1359 ) ;
#490 = CARTESIAN_POINT ( 'NONE',  ( -32.10044120611970442, -6.131693537528450477, 0.000000000000000000 ) ) ;
#491 = DIRECTION ( 'NONE',  ( 0.000000000000000000, 1.000000000000000000, 0.000000000000000000 ) ) ;
#492 = EDGE_CURVE ( 'NONE', #2818, #4579, #371, .T. ) ;
#493 = AXIS2_PLACEMENT_3D ( 'NONE', #3103, #3963, #5263 ) ;
#494 = CYLINDRICAL_SURFACE ( 'NONE', #2813, 31.50000000000000000 ) ;
#495 = CARTESIAN_POINT ( 'NONE',  ( -45.38022713868549829, 8.954375923019691541, 54.85882444406049530 ) ) ;
#496 = ORIENTED_EDGE ( 'NONE', *, *, #5067, .F. ) ;
#497 = DIRECTION ( 'NONE',  ( -1.000000000000000000, 0.000000000000000000, 0.000000000000000000 ) ) ;
#498 = ORIENTED_EDGE ( 'NONE', *, *, #4454, .F. ) ;
#499 = CARTESIAN_POINT ( 'NONE',  ( -47.21224026073639379, 47.66804984711745163, 48.55240931997234810 ) ) ;
#500 = CYLINDRICAL_SURFACE ( 'NONE', #4839, 1.000000000000000888 ) ;
#502 = VERTEX_POINT ( 'NONE', #859 ) ;
#501 = CARTESIAN_POINT ( 'NONE',  ( -46.06315035434440119, 13.01271844505870234, 48.21193739510688658 ) ) ;
#503 = CARTESIAN_POINT ( 'NONE',  ( -20.79346926866904965, 8.954375923019691541, 54.85882444406049530 ) ) ;
#504 = ORIENTED_EDGE ( 'NONE', *, *, #367, .T. ) ;
#505 = ORIENTED_EDGE ( 'NONE', *, *, #4493, .T. ) ;
#506 = CARTESIAN_POINT ( 'NONE',  ( -17.36132150397991580, 47.65744810229744388, 46.12197080407457861 ) ) ;
#507 = ORIENTED_EDGE ( 'NONE', *, *, #225, .F. ) ;
#508 = DIRECTION ( 'NONE',  ( 0.000000000000000000, -1.000000000000000000, 0.000000000000000000 ) ) ;
#509 = EDGE_CURVE ( 'NONE', #1250, #484, #3084, .T. ) ;
#510 = ORIENTED_EDGE ( 'NONE', *, *, #1138, .F. ) ;
#511 = DIRECTION ( 'NONE',  ( 1.000000000000000000, 0.000000000000000000, 0.000000000000000000 ) ) ;
#512 = ORIENTED_EDGE ( 'NONE', *, *, #615, .F. ) ;
#513 = VERTEX_POINT ( 'NONE', #4333 ) ;
#514 = PLANE ( 'NONE',  #3964 ) ;
#515 = ORIENTED_EDGE ( 'NONE', *, *, #1427, .T. ) ;
#516 = CARTESIAN_POINT ( 'NONE',  ( -14.42277167645590019, -6.131693537528450477, -17.67766952966359995 ) ) ;
#517 = CARTESIAN_POINT ( 'NONE',  ( -49.77811073578330081, 3.868306462471565066, -14.37766952966370049 ) ) ;
#518 = CARTESIAN_POINT ( 'NONE',  ( -47.59811073578330110, -1.131693537528442040, 29.35882444406044911 ) ) ;
#519 = CARTESIAN_POINT ( 'NONE',  ( -16.34821135292409622, 44.81356437821644789, 47.35882438196059496 ) ) ;
#520 = CARTESIAN_POINT ( 'NONE',  ( -16.97360198898095618, 10.39388438316956709, 45.28411246049700623 ) ) ;
#521 = ORIENTED_EDGE ( 'NONE', *, *, #977, .F. ) ;
#522 = CARTESIAN_POINT ( 'NONE',  ( -50.71617466152326159, 13.48636961640065834, 45.19070582563320926 ) ) ;
#523 = CARTESIAN_POINT ( 'NONE',  ( -50.63382422949943873, 44.34870828310193502, 49.66724276146700845 ) ) ;
#524 = DIRECTION ( 'NONE',  ( 0.000000000000000000, 0.000000000000000000, 1.000000000000000000 ) ) ;
#525 = ADVANCED_FACE ( 'NONE', ( #4775 ), #1807, .F. ) ;
#526 = CARTESIAN_POINT ( 'NONE',  ( -60.56252771658730438, -6.131693537528450477, 13.49665260242922038 ) ) ;
#527 = CARTESIAN_POINT ( 'NONE',  ( -46.82681819404821510, 13.70935180012684640, 49.00386918950015058 ) ) ;
#528 = CARTESIAN_POINT ( 'NONE',  ( -47.59811073578328688, 8.597380763505903190, 34.44950600870478752 ) ) ;
#529 = ORIENTED_EDGE ( 'NONE', *, *, #3391, .F. ) ;
#530 = VERTEX_POINT ( 'NONE', #4249 ) ;
#531 = CARTESIAN_POINT ( 'NONE',  ( -32.29346926866904965, 28.86830646247155130, 89.74078634214809824 ) ) ;
#532 = EDGE_CURVE ( 'NONE', #3296, #4704, #4594, .T. ) ;
#533 = CARTESIAN_POINT ( 'NONE',  ( -14.51489051220213611, 44.99040725363946081, 44.46552451312195586 ) ) ;
#534 = B_SPLINE_CURVE_WITH_KNOTS ( 'NONE', 3,
 ( #4363, #3978, #1454, #3144, #2739, #4430, #613, #2326, #643, #2352, #222, #1091, #4890, #4486, #4069, #2793, #672, #2385, #251, #1965, #3643, #5336, #1536 ),
 .UNSPECIFIED., .F., .F.,
 ( 4, 1, 1, 1, 1, 2, 2, 1, 1, 1, 2, 2, 2, 2, 4 ),
 ( 0.000000000000000000, 0.1249999999999875655, 0.1874999999999802935, 0.2187499999999742151, 0.2343749999999711620, 0.2421874999999696354, 0.2499999999999681088, 0.3749999999999615863, 0.4374999999999570899, 0.4687499999999548139, 0.4843749999999540368, 0.4999999999999532596, 0.6249999999999642508, 0.7499999999999752420, 1.000000000000000000 ),
 .UNSPECIFIED. ) ;
#535 = ORIENTED_EDGE ( 'NONE', *, *, #765, .T. ) ;
#536 = LINE ( 'NONE', #3931, #3406 ) ;
#537 = ORIENTED_EDGE ( 'NONE', *, *, #1395, .T. ) ;
#538 = B_SPLINE_CURVE_WITH_KNOTS ( 'NONE', 3,
 ( #3848, #2228, #2609, #34, #65, #881, #2642, #3429, #5152, #448, #4356, #1390, #2695, #125, #2254, #4772, #4330, #1355, #3904, #92, #2581, #3081, #3935, #1837, #2290, #5215, #1420, #4269, #2168, #3108, #4800, #4386, #3970, #992, #1869, #5125, #1330, #3021, #4708, #4026, #1506, #2432, #4087, #2760, #606, #4111, #4512, #2380, #2346, #4884, #5271, #2015, #215, #3609, #1115, #3693, #3661, #698, #293, #1988, #1530, #1896, #5387, #1932, #2731, #720, #2319, #3637, #4451, #1085, #1594, #4537, #3255, #2787, #5354, #1028, #4828, #270, #4061, #4424, #4911, #3999, #4948, #1560, #182, #3576, #1959, #5331, #1147, #666, #3222, #4478, #2847, #2820, #5304, #635 ),
 .UNSPECIFIED., .F., .F.,
 ( 4, 2, 2, 1, 1, 1, 2, 2, 2, 2, 2, 1, 1, 2, 2, 2, 2, 2, 1, 1, 2, 2, 2, 2, 1, 1, 2, 2, 2, 2, 2, 1, 1, 1, 2, 2, 2, 2, 1, 1, 1, 2, 2, 2, 2, 2, 1, 2, 2, 2, 2, 2, 1, 1, 2, 2, 4 ),
 ( 0.000000000000000000, 0.06250000000004968248, 0.09375000000007571721, 0.1093750000000887346, 0.1171875000000949241, 0.1210937500000970196, 0.1230468750000978523, 0.1250000000000986711, 0.1875000000000809630, 0.2187500000000732470, 0.2343750000000701661, 0.2421875000000687783, 0.2460937500000683897, 0.2480468750000676126, 0.2500000000000668354, 0.2812500000000368594, 0.2968750000000213718, 0.3046875000000131561, 0.3085937500000084377, 0.3105468750000074385, 0.3115234375000082157, 0.3125000000000089928, 0.3437500000000800471, 0.3593750000001159628, 0.3671875000001323386, 0.3710937500001404987, 0.3730468750001449396, 0.3750000000001493805, 0.5000000000003945733, 0.5625000000005180301, 0.5937500000005794254, 0.6093750000006101786, 0.6171875000006259437, 0.6210937500006337153, 0.6230468750006373790, 0.6250000000006410428, 0.6562500000006878942, 0.6718750000007114309, 0.6796875000007237544, 0.6835937500007299716, 0.6855468750007331913, 0.6865234375007336354, 0.6875000000007340795, 0.7187500000006310508, 0.7343750000005788703, 0.7421875000005532241, 0.7460937500005404566, 0.7480468750005344614, 0.7500000000005284662, 0.8125000000003782530, 0.8437500000003027578, 0.8593750000002650102, 0.8671875000002473577, 0.8710937500002384759, 0.8730468750002345901, 0.8750000000002307043, 1.000000000000000000 ),
 .UNSPECIFIED. ) ;
#539 = CARTESIAN_POINT ( 'NONE',  ( -21.38018027042864944, 49.11429676277849410, 36.35882444406050240 ) ) ;
#540 = EDGE_LOOP ( 'NONE', ( #3215, #3322, #5294, #4107 ) ) ;
#541 = ORIENTED_EDGE ( 'NONE', *, *, #3754, .F. ) ;
#542 = EDGE_CURVE ( 'NONE', #2327, #5225, #2555, .T. ) ;
#543 = FACE_OUTER_BOUND ( 'NONE', #4000, .T. ) ;
#544 = EDGE_CURVE ( 'NONE', #790, #2112, #1398, .T. ) ;
#545 = PLANE ( 'NONE',  #1195 ) ;
#546 = CARTESIAN_POINT ( 'NONE',  ( -49.90010341054237131, 12.55862580940205753, 50.35447313677408943 ) ) ;
#547 = DIRECTION ( 'NONE',  ( 0.000000000000000000, -1.000000000000000000, 0.000000000000000000 ) ) ;
#548 = CARTESIAN_POINT ( 'NONE',  ( -18.69504404861235258, 12.86571818638065956, 47.35882438196049549 ) ) ;
#549 = CARTESIAN_POINT ( 'NONE',  ( -46.82625931037384959, 44.02882862750293924, 45.70236405451677086 ) ) ;
#550 = VECTOR ( 'NONE', #2950, 1000.000000000000000 ) ;
#551 = CARTESIAN_POINT ( 'NONE',  ( -16.22234209402234484, 11.04370444946929375, 44.49801082411148911 ) ) ;
#552 = VERTEX_POINT ( 'NONE', #4711 ) ;
#553 = CARTESIAN_POINT ( 'NONE',  ( -51.10047206598974867, 13.95868995277151825, 46.19567884417753589 ) ) ;
#554 = CARTESIAN_POINT ( 'NONE',  ( -50.82581280242185784, 44.11823555005140207, 49.31930757088047557 ) ) ;
#555 = EDGE_CURVE ( 'NONE', #2010, #192, #1942, .T. ) ;
#556 = DIRECTION ( 'NONE',  ( 0.000000000000000000, -1.000000000000000000, 0.000000000000000000 ) ) ;
#557 = CARTESIAN_POINT ( 'NONE',  ( -11.82852080966931219, 14.21338318526996858, 24.00317063136770201 ) ) ;
#558 = ADVANCED_FACE ( 'NONE', ( #6 ), #514, .T. ) ;
#559 = CARTESIAN_POINT ( 'NONE',  ( -48.26809248384200401, 15.23676621497283712, 47.80127121709911364 ) ) ;
#560 = AXIS2_PLACEMENT_3D ( 'NONE', #4491, #306, #4927 ) ;
#561 = CONICAL_SURFACE ( 'NONE', #4285, 3.150000000000000799, 0.7853981633974456145 ) ;
#562 = LINE ( 'NONE', #2245, #309 ) ;
#563 = ORIENTED_EDGE ( 'NONE', *, *, #2924, .T. ) ;
#564 = ADVANCED_FACE ( 'NONE', ( #543 ), #1334, .F. ) ;
#565 = DIRECTION ( 'NONE',  ( 0.000000000000000000, 0.000000000000000000, -1.000000000000000000 ) ) ;
#566 = AXIS2_PLACEMENT_3D ( 'NONE', #155, #5150, #480 ) ;
#567 = VECTOR ( 'NONE', #340, 1000.000000000000114 ) ;
#568 = CARTESIAN_POINT ( 'NONE',  ( -15.98357448635918310, 46.47474230607002710, 44.36307483718164946 ) ) ;
#569 = VERTEX_POINT ( 'NONE', #3024 ) ;
#570 = LINE ( 'NONE', #2287, #2537 ) ;
#571 = CIRCLE ( 'NONE', #4293, 0.5000000000000004441 ) ;
#572 = EDGE_LOOP ( 'NONE', ( #2345, #991, #1519, #1137, #4552, #449 ) ) ;
#573 = CARTESIAN_POINT ( 'NONE',  ( -49.77811073578330081, 3.868306462471565066, -23.17766952966369942 ) ) ;
#574 = VERTEX_POINT ( 'NONE', #5155 ) ;
#575 = VERTEX_POINT ( 'NONE', #2204 ) ;
#576 = CARTESIAN_POINT ( 'NONE',  ( -32.29346926866904965, 28.86830646247155130, 36.35882444406050240 ) ) ;
#577 = VECTOR ( 'NONE', #3495, 1000.000000000000000 ) ;
#578 = AXIS2_PLACEMENT_3D ( 'NONE', #2334, #4574, #1162 ) ;
#579 = CARTESIAN_POINT ( 'NONE',  ( -14.42277167645590019, -3.131693537528430049, -14.37766952966360101 ) ) ;
#580 = CARTESIAN_POINT ( 'NONE',  ( -50.40687490364302903, 13.12332177731452276, 49.95741236116218431 ) ) ;
#581 = LINE ( 'NONE', #517, #4474 ) ;
#582 = DIRECTION ( 'NONE',  ( 0.000000000000000000, 0.000000000000000000, 1.000000000000000000 ) ) ;
#583 = CIRCLE ( 'NONE', #4941, 31.50000000000000000 ) ;
#584 = ORIENTED_EDGE ( 'NONE', *, *, #1427, .F. ) ;
#585 = EDGE_CURVE ( 'NONE', #3083, #4437, #5293, .T. ) ;
#586 = CONICAL_SURFACE ( 'NONE', #41, 3.300000000000000711, 0.7853981633974399523 ) ;
#587 = CARTESIAN_POINT ( 'NONE',  ( -49.77811073578359924, 3.868306462471565066, 14.37766952966349976 ) ) ;
#588 = CARTESIAN_POINT ( 'NONE',  ( -54.95282232633920216, 36.77739737154699640, 54.85882444406049530 ) ) ;
#589 = ORIENTED_EDGE ( 'NONE', *, *, #3357, .T. ) ;
#590 = LINE ( 'NONE', #3122, #2524 ) ;
#591 = DIRECTION ( 'NONE',  ( 2.886579864025410161E-15, 1.000000000000000000, 0.000000000000000000 ) ) ;
#592 = VECTOR ( 'NONE', #1872, 1000.000000000000000 ) ;
#593 = EDGE_CURVE ( 'NONE', #4972, #157, #4855, .T. ) ;
#594 = CARTESIAN_POINT ( 'NONE',  ( -45.94921661129509971, 9.132031116956278893, 54.85882444406049530 ) ) ;
#595 = CARTESIAN_POINT ( 'NONE',  ( -18.56286672264443283, 44.75768795612162876, 46.60212767792894795 ) ) ;
#596 = CARTESIAN_POINT ( 'NONE',  ( -32.10044120611970442, -11.13169353752843982, 12.00000000000000000 ) ) ;
#597 = VECTOR ( 'NONE', #4821, 1000.000000000000000 ) ;
#598 = DIRECTION ( 'NONE',  ( 0.000000000000000000, 0.000000000000000000, -1.000000000000000000 ) ) ;
#599 = ORIENTED_EDGE ( 'NONE', *, *, #3523, .F. ) ;
#600 = ORIENTED_EDGE ( 'NONE', *, *, #2831, .T. ) ;
#601 = DIRECTION ( 'NONE',  ( 0.000000000000000000, 0.000000000000000000, 1.000000000000000000 ) ) ;
#602 = DIRECTION ( 'NONE',  ( 0.7071067811865480168, 0.7071067811865470176, 0.000000000000000000 ) ) ;
#603 = ORIENTED_EDGE ( 'NONE', *, *, #1222, .T. ) ;
#604 = CARTESIAN_POINT ( 'NONE',  ( -49.77811073578359924, -2.931693537528434756, 14.17766952966349869 ) ) ;
#605 = ORIENTED_EDGE ( 'NONE', *, *, #3714, .T. ) ;
#606 = CARTESIAN_POINT ( 'NONE',  ( -16.17652971294139874, 46.65156486082172904, 50.24893437721372891 ) ) ;
#607 = ORIENTED_EDGE ( 'NONE', *, *, #3132, .F. ) ;
#608 = DIRECTION ( 'NONE',  ( 4.625929269271489858E-16, 1.000000000000000000, 0.000000000000000000 ) ) ;
#609 = CARTESIAN_POINT ( 'NONE',  ( -47.20864643615880141, 10.06571366115635158, 46.17709324551414340 ) ) ;
#610 = EDGE_CURVE ( 'NONE', #4298, #2227, #3049, .T. ) ;
#611 = LINE ( 'NONE', #2324, #298 ) ;
#612 = CARTESIAN_POINT ( 'NONE',  ( -49.26403201714089874, 11.89774371399968089, 47.35882438196059496 ) ) ;
#613 = CARTESIAN_POINT ( 'NONE',  ( -20.13056461165584565, 50.11429676277850831, 35.05757185943524945 ) ) ;
#614 = ORIENTED_EDGE ( 'NONE', *, *, #1997, .T. ) ;
#615 = EDGE_CURVE ( 'NONE', #484, #395, #1045, .T. ) ;
#616 = EDGE_CURVE ( 'NONE', #4629, #4742, #3704, .T. ) ;
#617 = CARTESIAN_POINT ( 'NONE',  ( -48.26793310445546581, 42.50003662674142646, 46.91511326466561371 ) ) ;
#618 = CARTESIAN_POINT ( 'NONE',  ( -16.91214624757638418, 10.44508480208292944, 45.19155535682107683 ) ) ;
#619 = ORIENTED_EDGE ( 'NONE', *, *, #4510, .T. ) ;
#620 = CARTESIAN_POINT ( 'NONE',  ( -54.47572988274549743, 36.61087154449395342, -6.042575751263660422 ) ) ;
#621 = ORIENTED_EDGE ( 'NONE', *, *, #5280, .F. ) ;
#622 = CARTESIAN_POINT ( 'NONE',  ( -47.03664565641087592, 47.80606636168076307, 47.74185056839112207 ) ) ;
#623 = PLANE ( 'NONE',  #578 ) ;
#624 = DIRECTION ( 'NONE',  ( 0.000000000000000000, 0.000000000000000000, -1.000000000000000000 ) ) ;
#625 = EDGE_CURVE ( 'NONE', #4731, #3726, #2672, .T. ) ;
#626 = DIRECTION ( 'NONE',  ( 0.000000000000000000, 0.000000000000000000, -1.000000000000000000 ) ) ;
#627 = ORIENTED_EDGE ( 'NONE', *, *, #61, .F. ) ;
#628 = ORIENTED_EDGE ( 'NONE', *, *, #3120, .F. ) ;
#629 = ORIENTED_EDGE ( 'NONE', *, *, #3926, .T. ) ;
#630 = CARTESIAN_POINT ( 'NONE',  ( -54.31095715546150160, 20.65367152508159876, 54.85882444406049530 ) ) ;
#631 = CARTESIAN_POINT ( 'NONE',  ( -49.77811073578330081, -3.131693537528430049, -14.37766952966370049 ) ) ;
#632 = VERTEX_POINT ( 'NONE', #96 ) ;
#633 = DIRECTION ( 'NONE',  ( 0.000000000000000000, 0.000000000000000000, -1.000000000000000000 ) ) ;
#634 = ORIENTED_EDGE ( 'NONE', *, *, #5363, .F. ) ;
#635 = CARTESIAN_POINT ( 'NONE',  ( -13.35570936947424059, 43.61148285019935145, 47.35882438196059496 ) ) ;
#636 = ORIENTED_EDGE ( 'NONE', *, *, #1698, .F. ) ;
#637 = EDGE_CURVE ( 'NONE', #2292, #2710, #4232, .T. ) ;
#638 = CARTESIAN_POINT ( 'NONE',  ( -47.59811073578330110, 3.868306462471565066, 24.35882444406049885 ) ) ;
#639 = LINE ( 'NONE', #4864, #1365 ) ;
#640 = ADVANCED_FACE ( 'NONE', ( #4426 ), #2699, .F. ) ;
#641 = CARTESIAN_POINT ( 'NONE',  ( -50.80893635295205968, 13.59723361445718837, 49.36977973082419169 ) ) ;
#642 = FACE_OUTER_BOUND ( 'NONE', #2728, .T. ) ;
#643 = CARTESIAN_POINT ( 'NONE',  ( -20.09895259390450661, 50.11429676277850831, 35.03945493742698858 ) ) ;
#644 = CARTESIAN_POINT ( 'NONE',  ( -14.00850193418565759, 13.32309911795937296, 44.97439067806406143 ) ) ;
#645 = EDGE_CURVE ( 'NONE', #569, #4103, #5242, .T. ) ;
#646 = CARTESIAN_POINT ( 'NONE',  ( -14.42277167645590019, -2.931693537528434756, -23.17766952966360350 ) ) ;
#647 = DIRECTION ( 'NONE',  ( 0.000000000000000000, 1.000000000000000000, 0.000000000000000000 ) ) ;
#648 = ORIENTED_EDGE ( 'NONE', *, *, #2700, .T. ) ;
#649 = LINE ( 'NONE', #4041, #1903 ) ;
#650 = ORIENTED_EDGE ( 'NONE', *, *, #4399, .F. ) ;
#651 = CARTESIAN_POINT ( 'NONE',  ( -18.37656945040896872, 44.59491030668910128, 46.23420158536207225 ) ) ;
#652 = FACE_OUTER_BOUND ( 'NONE', #4507, .T. ) ;
#653 = CARTESIAN_POINT ( 'NONE',  ( -16.85839367487885809, 10.49010267591432921, 49.60176162733418437 ) ) ;
#654 = VERTEX_POINT ( 'NONE', #4064 ) ;
#655 = AXIS2_PLACEMENT_3D ( 'NONE', #5106, #886, #3027 ) ;
#656 = ORIENTED_EDGE ( 'NONE', *, *, #3248, .F. ) ;
#657 = EDGE_CURVE ( 'NONE', #1131, #2227, #3522, .T. ) ;
#658 = LINE ( 'NONE', #3994, #2394 ) ;
#659 = AXIS2_PLACEMENT_3D ( 'NONE', #1055, #2756, #1142 ) ;
#660 = DIRECTION ( 'NONE',  ( 0.000000000000000000, 1.000000000000000000, 0.000000000000000000 ) ) ;
#661 = EDGE_LOOP ( 'NONE', ( #3911, #2908, #1380 ) ) ;
#662 = DIRECTION ( 'NONE',  ( 1.000000000000000000, 0.000000000000000000, 0.000000000000000000 ) ) ;
#663 = ORIENTED_EDGE ( 'NONE', *, *, #4712, .F. ) ;
#664 = CIRCLE ( 'NONE', #4124, 1.999999999999997335 ) ;
#665 = CIRCLE ( 'NONE', #4210, 21.00000000000679989 ) ;
#666 = CARTESIAN_POINT ( 'NONE',  ( -13.49703470148875262, 43.79125113771312527, 48.56607509581302651 ) ) ;
#667 = FACE_OUTER_BOUND ( 'NONE', #3561, .T. ) ;
#668 = DIRECTION ( 'NONE',  ( 0.000000000000000000, 0.000000000000000000, -1.000000000000000000 ) ) ;
#669 = VECTOR ( 'NONE', #2328, 1000.000000000000000 ) ;
#670 = CARTESIAN_POINT ( 'NONE',  ( -49.77811073578330081, 3.868306462471565066, -17.67766952966370297 ) ) ;
#671 = FACE_OUTER_BOUND ( 'NONE', #4236, .T. ) ;
#672 = CARTESIAN_POINT ( 'NONE',  ( -19.05152846521108145, 50.11429676277848699, 34.60488459884432189 ) ) ;
#673 = CARTESIAN_POINT ( 'NONE',  ( -32.29346926866904965, 28.86830646247155130, 54.85882444406049530 ) ) ;
#674 = AXIS2_PLACEMENT_3D ( 'NONE', #3886, #2548, #4624 ) ;
#675 = CIRCLE ( 'NONE', #828, 3.499999999999999556 ) ;
#676 = B_SPLINE_CURVE_WITH_KNOTS ( 'NONE', 3,
 ( #1727, #3915, #1815, #868, #12, #4255, #3885, #5109, #73, #1782, #1402, #435, #889, #3459, #2590, #3090, #2650, #5498, #4277, #4782, #4752, #5160 ),
 .UNSPECIFIED., .F., .F.,
 ( 4, 2, 2, 2, 2, 2, 2, 2, 2, 2, 4 ),
 ( 0.000000000000000000, 0.1250000000000006106, 0.1875000000000014155, 0.2500000000000022204, 0.3750000000000019429, 0.4375000000000006661, 0.4999999999999994449, 0.6249999999999995559, 0.7499999999999997780, 0.8749999999999998890, 1.000000000000000000 ),
 .UNSPECIFIED. ) ;
#677 = CARTESIAN_POINT ( 'NONE',  ( -45.92607293047089456, 44.84201375088666452, 46.91318177092858122 ) ) ;
#678 = DIRECTION ( 'NONE',  ( 0.000000000000000000, 0.000000000000000000, -1.000000000000000000 ) ) ;
#679 = EDGE_CURVE ( 'NONE', #1655, #4769, #184, .T. ) ;
#680 = VECTOR ( 'NONE', #2467, 1000.000000000000000 ) ;
#681 = ORIENTED_EDGE ( 'NONE', *, *, #2552, .T. ) ;
#682 = FACE_OUTER_BOUND ( 'NONE', #2313, .T. ) ;
#683 = ORIENTED_EDGE ( 'NONE', *, *, #2987, .F. ) ;
#684 = VECTOR ( 'NONE', #3284, 1000.000000000000000 ) ;
#685 = CARTESIAN_POINT ( 'NONE',  ( -16.29088099257809930, 15.26988124241490041, 47.35882438196049549 ) ) ;
#686 = DIRECTION ( 'NONE',  ( 0.000000000000000000, 0.000000000000000000, -1.000000000000000000 ) ) ;
#687 = ADVANCED_FACE ( 'NONE', ( #667 ), #3075, .F. ) ;
#688 = CARTESIAN_POINT ( 'NONE',  ( -16.62183743983814921, 10.69133768189901801, 49.88593535336286067 ) ) ;
#689 = VECTOR ( 'NONE', #2734, 1000.000000000000000 ) ;
#690 = ORIENTED_EDGE ( 'NONE', *, *, #616, .F. ) ;
#691 = VERTEX_POINT ( 'NONE', #5332 ) ;
#692 = CARTESIAN_POINT ( 'NONE',  ( -54.75872720338940525, 3.868306462471565066, 21.88268894962254763 ) ) ;
#693 = VECTOR ( 'NONE', #319, 1000.000000000000000 ) ;
#694 = DIRECTION ( 'NONE',  ( 0.7071067811865477948, -0.7071067811865472397, 0.000000000000000000 ) ) ;
#695 = ORIENTED_EDGE ( 'NONE', *, *, #1138, .T. ) ;
#696 = DIRECTION ( 'NONE',  ( 0.000000000000000000, 0.000000000000000000, 1.000000000000000000 ) ) ;
#697 = ORIENTED_EDGE ( 'NONE', *, *, #4831, .F. ) ;
#698 = CARTESIAN_POINT ( 'NONE',  ( -14.52854210535348933, 45.00544961981159275, 50.26132063387524340 ) ) ;
#699 = DIRECTION ( 'NONE',  ( 0.000000000000000000, 1.000000000000000000, 0.000000000000000000 ) ) ;
#700 = CARTESIAN_POINT ( 'NONE',  ( -47.45399143386748619, 14.33551642095015310, 45.70236405458056339 ) ) ;
#701 = CARTESIAN_POINT ( 'NONE',  ( -22.79346926866904965, 45.36830646247160104, 37.35882444406049530 ) ) ;
#702 = DIRECTION ( 'NONE',  ( 0.000000000000000000, 0.7071067811865201502, 0.7071067811865749952 ) ) ;
#703 = ADVANCED_FACE ( 'NONE', ( #1961 ), #3223, .F. ) ;
#704 = CARTESIAN_POINT ( 'NONE',  ( -32.10044120611970442, -11.13169353752843982, 0.000000000000000000 ) ) ;
#705 = CARTESIAN_POINT ( 'NONE',  ( -47.59811073578330110, 3.868306462471565066, 49.17766952966350402 ) ) ;
#706 = DIRECTION ( 'NONE',  ( 0.000000000000000000, 1.000000000000000000, 0.000000000000000000 ) ) ;
#707 = ORIENTED_EDGE ( 'NONE', *, *, #4712, .T. ) ;
#708 = CARTESIAN_POINT ( 'NONE',  ( -54.95282232633920216, 36.77739737154699640, 39.85882444406045266 ) ) ;
#709 = ORIENTED_EDGE ( 'NONE', *, *, #370, .T. ) ;
#710 = DIRECTION ( 'NONE',  ( 0.000000000000000000, 0.000000000000000000, 1.000000000000000000 ) ) ;
#711 = CARTESIAN_POINT ( 'NONE',  ( -56.18152499215827334, 20.75361424675000066, 34.51353159603573317 ) ) ;
#712 = CARTESIAN_POINT ( 'NONE',  ( -17.37285943899739138, 10.07002218584167608, 48.55870338627250504 ) ) ;
#713 = ORIENTED_EDGE ( 'NONE', *, *, #2342, .T. ) ;
#714 = VERTEX_POINT ( 'NONE', #2381 ) ;
#715 = CARTESIAN_POINT ( 'NONE',  ( -14.42277167645602098, -5.931693537528449411, 14.37766952966370049 ) ) ;
#716 = CARTESIAN_POINT ( 'NONE',  ( -17.55029288094119622, 47.80606636166629642, 47.35882438196059496 ) ) ;
#717 = EDGE_LOOP ( 'NONE', ( #4801, #427, #695, #3539 ) ) ;
#718 = DIRECTION ( 'NONE',  ( 0.000000000000000000, 1.000000000000000000, 0.000000000000000000 ) ) ;
#719 = ORIENTED_EDGE ( 'NONE', *, *, #3290, .F. ) ;
#720 = CARTESIAN_POINT ( 'NONE',  ( -14.20186649647733823, 44.63834336392594082, 49.98124107974429364 ) ) ;
#721 = LINE ( 'NONE', #4886, #3317 ) ;
#722 = CARTESIAN_POINT ( 'NONE',  ( -14.42277167645590019, -6.131693537528450477, -21.17766952966359995 ) ) ;
#723 = DIRECTION ( 'NONE',  ( 0.000000000000000000, 0.000000000000000000, -1.000000000000000000 ) ) ;
#724 = CARTESIAN_POINT ( 'NONE',  ( -14.63459863738642852, 12.61509820262520343, 44.39059080640443256 ) ) ;
#725 = EDGE_CURVE ( 'NONE', #2710, #1836, #4480, .T. ) ;
#726 = CARTESIAN_POINT ( 'NONE',  ( -14.42277167645602098, -2.931693537528434756, 17.67766952966370297 ) ) ;
#727 = CYLINDRICAL_SURFACE ( 'NONE', #3051, 5.500000000000000000 ) ;
#728 = CARTESIAN_POINT ( 'NONE',  ( -32.29346926866904965, 28.86830646247155130, -6.042575751263660422 ) ) ;
#729 = DIRECTION ( 'NONE',  ( 0.000000000000000000, 0.000000000000000000, 1.000000000000000000 ) ) ;
#730 = ORIENTED_EDGE ( 'NONE', *, *, #3357, .F. ) ;
#731 = LINE ( 'NONE', #2476, #1554 ) ;
#732 = DIRECTION ( 'NONE',  ( 0.000000000000000000, 1.000000000000000000, 0.000000000000000000 ) ) ;
#733 = CARTESIAN_POINT ( 'NONE',  ( -15.05536064805984431, 12.16539347277913308, 50.50819707703822559 ) ) ;
#734 = EDGE_CURVE ( 'NONE', #3521, #4972, #1898, .T. ) ;
#735 = EDGE_LOOP ( 'NONE', ( #5450, #683, #4226, #3446 ) ) ;
#736 = DIRECTION ( 'NONE',  ( 0.000000000000000000, -1.000000000000000000, 0.000000000000000000 ) ) ;
#737 = DIRECTION ( 'NONE',  ( -0.7071067811865475727, -0.7071067811865475727, 0.000000000000000000 ) ) ;
#738 = VECTOR ( 'NONE', #3286, 1000.000000000000000 ) ;
#739 = VERTEX_POINT ( 'NONE', #1482 ) ;
#740 = CARTESIAN_POINT ( 'NONE',  ( -14.42277167645590019, -5.931693537528449411, -20.97766952966359710 ) ) ;
#741 = EDGE_CURVE ( 'NONE', #67, #5305, #1583, .T. ) ;
#742 = EDGE_LOOP ( 'NONE', ( #3045, #5288, #1609, #1543, #1590, #3962, #3121, #512, #770, #5173, #2761, #1421, #2844, #3936, #3023, #3243, #3887, #4820, #4626, #3047, #4131, #4928, #3543, #1110, #4450, #3483 ) ) ;
#743 = CARTESIAN_POINT ( 'NONE',  ( -18.69498851543304951, 12.86576537648343965, 47.58440980060162673 ) ) ;
#744 = AXIS2_PLACEMENT_3D ( 'NONE', #4676, #1242, #356 ) ;
#745 = CARTESIAN_POINT ( 'NONE',  ( -49.77811073578330081, -6.131693537528450477, -21.17766952966370297 ) ) ;
#746 = B_SPLINE_CURVE_WITH_KNOTS ( 'NONE', 3,
 ( #3379, #3304, #5466, #3800 ),
 .UNSPECIFIED., .F., .F.,
 ( 4, 4 ),
 ( 0.000000000000000000, 0.0009034715659574140550 ),
 .UNSPECIFIED. ) ;
#747 = DIRECTION ( 'NONE',  ( 0.000000000000000000, 0.000000000000000000, 1.000000000000000000 ) ) ;
#748 = AXIS2_PLACEMENT_3D ( 'NONE', #670, #5309, #2411 ) ;
#749 = CARTESIAN_POINT ( 'NONE',  ( -13.39841907621352846, 14.07028077582598691, 48.04106389351269968 ) ) ;
#750 = CARTESIAN_POINT ( 'NONE',  ( -14.42277167645602098, -3.131693537528430049, 20.97766952966370013 ) ) ;
#751 = CARTESIAN_POINT ( 'NONE',  ( -32.10044120611970442, -6.131693537528450477, 0.000000000000000000 ) ) ;
#752 = AXIS2_PLACEMENT_3D ( 'NONE', #2816, #3196, #633 ) ;
#753 = VECTOR ( 'NONE', #2009, 1000.000000000000000 ) ;
#754 = ORIENTED_EDGE ( 'NONE', *, *, #2723, .F. ) ;
#755 = DIRECTION ( 'NONE',  ( 0.000000000000000000, -1.000000000000000000, 0.000000000000000000 ) ) ;
#756 = DIRECTION ( 'NONE',  ( -0.7071067811865475727, -0.7071067811865475727, 0.000000000000000000 ) ) ;
#757 = FACE_OUTER_BOUND ( 'NONE', #75, .T. ) ;
#758 = CIRCLE ( 'NONE', #2897, 25.99999999998344791 ) ;
#759 = AXIS2_PLACEMENT_3D ( 'NONE', #519, #975, #1700 ) ;
#760 = ORIENTED_EDGE ( 'NONE', *, *, #329, .T. ) ;
#761 = CARTESIAN_POINT ( 'NONE',  ( -4.598110735783330405, -1.131693537528442040, 29.35882444406044911 ) ) ;
#762 = DIRECTION ( 'NONE',  ( 1.000000000000000000, 2.775557561562889810E-17, 0.000000000000000000 ) ) ;
#763 = CARTESIAN_POINT ( 'NONE',  ( -15.80379147665957795, 11.43004092941068173, 50.42867821323078914 ) ) ;
#764 = ORIENTED_EDGE ( 'NONE', *, *, #3794, .T. ) ;
#765 = EDGE_CURVE ( 'NONE', #739, #2697, #3512, .T. ) ;
#766 = CIRCLE ( 'NONE', #5289, 2.000000000000001776 ) ;
#767 = DIRECTION ( 'NONE',  ( 0.000000000000000000, 0.000000000000000000, -1.000000000000000000 ) ) ;
#768 = LINE ( 'NONE', #2059, #1114 ) ;
#769 = AXIS2_PLACEMENT_3D ( 'NONE', #3955, #556, #144 ) ;
#770 = ORIENTED_EDGE ( 'NONE', *, *, #509, .F. ) ;
#771 = CARTESIAN_POINT ( 'NONE',  ( -48.99944344983583733, 46.10344715304703556, 44.20888262618366582 ) ) ;
#772 = VERTEX_POINT ( 'NONE', #1116 ) ;
#773 = CARTESIAN_POINT ( 'NONE',  ( -17.75906404641789749, 13.70933131675078975, 49.01586675000260129 ) ) ;
#774 = AXIS2_PLACEMENT_3D ( 'NONE', #2408, #3111, #1450 ) ;
#775 = DIRECTION ( 'NONE',  ( 0.000000000000000000, 0.000000000000000000, -1.000000000000000000 ) ) ;
#776 = DIRECTION ( 'NONE',  ( 0.000000000000000000, -1.000000000000000000, 0.000000000000000000 ) ) ;
#777 = CARTESIAN_POINT ( 'NONE',  ( -14.17179425943902338, 13.13284025298976054, 49.94820706295644186 ) ) ;
#778 = DIRECTION ( 'NONE',  ( 0.000000000000000000, 1.000000000000000000, 0.000000000000000000 ) ) ;
#779 = EDGE_CURVE ( 'NONE', #1670, #2624, #3173, .T. ) ;
#780 = CARTESIAN_POINT ( 'NONE',  ( -49.77811073578330081, -6.131693537528450477, -17.67766952966370297 ) ) ;
#781 = ORIENTED_EDGE ( 'NONE', *, *, #4306, .T. ) ;
#782 = LINE ( 'NONE', #2830, #1297 ) ;
#783 = CARTESIAN_POINT ( 'NONE',  ( -20.84114568449994920, 50.11429676277849410, 35.63383741123350035 ) ) ;
#784 = CARTESIAN_POINT ( 'NONE',  ( -45.94921661129509971, 9.132031116956278893, 36.35882444406045266 ) ) ;
#785 = EDGE_LOOP ( 'NONE', ( #363, #5327 ) ) ;
#786 = ADVANCED_FACE ( 'NONE', ( #2321 ), #4029, .T. ) ;
#787 = LINE ( 'NONE', #3289, #4747 ) ;
#788 = CARTESIAN_POINT ( 'NONE',  ( -18.84574468404602143, 8.954375923019689765, 35.86033382443352480 ) ) ;
#789 = DIRECTION ( 'NONE',  ( 0.000000000000000000, -1.000000000000000000, 0.000000000000000000 ) ) ;
#790 = VERTEX_POINT ( 'NONE', #160 ) ;
#791 = CARTESIAN_POINT ( 'NONE',  ( -48.71065023459004095, 46.37487810658899434, 50.40226954761580913 ) ) ;
#792 = EDGE_CURVE ( 'NONE', #1026, #4557, #4001, .T. ) ;
#793 = DIRECTION ( 'NONE',  ( 0.000000000000000000, 1.000000000000000000, 0.000000000000000000 ) ) ;
#794 = ORIENTED_EDGE ( 'NONE', *, *, #616, .T. ) ;
#795 = CARTESIAN_POINT ( 'NONE',  ( -47.66354045304637310, 47.30092403085051700, 45.20796385284414498 ) ) ;
#796 = EDGE_LOOP ( 'NONE', ( #2525, #5353 ) ) ;
#797 = CARTESIAN_POINT ( 'NONE',  ( -32.10044120611970442, -6.131693537528450477, 15.69999999999999929 ) ) ;
#798 = CARTESIAN_POINT ( 'NONE',  ( -44.52945591088113275, 50.11429676277849410, 35.01627030236763005 ) ) ;
#799 = ADVANCED_FACE ( 'NONE', ( #3549 ), #4418, .F. ) ;
#800 = DIRECTION ( 'NONE',  ( -0.000000000000000000, 1.000000000000000000, 0.000000000000000000 ) ) ;
#801 = DIRECTION ( 'NONE',  ( 1.000000000000000000, 0.000000000000000000, 0.000000000000000000 ) ) ;
#802 = EDGE_CURVE ( 'NONE', #1523, #3020, #2348, .T. ) ;
#803 = ORIENTED_EDGE ( 'NONE', *, *, #997, .F. ) ;
#804 = LINE ( 'NONE', #5469, #1642 ) ;
#805 = CARTESIAN_POINT ( 'NONE',  ( -18.37868823187789857, 13.13982210216303059, 46.23725907233540511 ) ) ;
#806 = CARTESIAN_POINT ( 'NONE',  ( -14.42277167645590019, -6.131693537528450477, -17.67766952966359995 ) ) ;
#807 = ADVANCED_FACE ( 'NONE', ( #5307 ), #1508, .T. ) ;
#808 = DIRECTION ( 'NONE',  ( -1.000000000000000000, 0.000000000000000000, 0.000000000000000000 ) ) ;
#809 = CARTESIAN_POINT ( 'NONE',  ( -14.42277167645590019, -2.931693537528434756, -12.17766952966359995 ) ) ;
#810 = LINE ( 'NONE', #2154, #4046 ) ;
#811 = ORIENTED_EDGE ( 'NONE', *, *, #765, .F. ) ;
#812 = FACE_OUTER_BOUND ( 'NONE', #813, .T. ) ;
#813 = EDGE_LOOP ( 'NONE', ( #4388, #4313, #628, #397 ) ) ;
#814 = CARTESIAN_POINT ( 'NONE',  ( -50.47511729779159140, 44.53436895479819668, 49.87832271178199761 ) ) ;
#815 = CARTESIAN_POINT ( 'NONE',  ( -18.63772192605910050, 9.132031116955959149, 54.85882444406049530 ) ) ;
#816 = VERTEX_POINT ( 'NONE', #5356 ) ;
#817 = CARTESIAN_POINT ( 'NONE',  ( -50.65997970922623495, 44.31727736903062720, 45.09719202171613261 ) ) ;
#818 = EDGE_LOOP ( 'NONE', ( #5286, #3316, #4903, #2062 ) ) ;
#819 = ADVANCED_FACE ( 'NONE', ( #1989 ), #3662, .F. ) ;
#820 = APPLICATION_PROTOCOL_DEFINITION ( 'draft international standard', 'automotive_design', 1998, #5119 ) ;
#821 = AXIS2_PLACEMENT_3D ( 'NONE', #1946, #1996, #3623 ) ;
#822 = DIRECTION ( 'NONE',  ( 0.01918471725807160272, 0.000000000000000000, -0.9998159563758360902 ) ) ;
#823 = VERTEX_POINT ( 'NONE', #271 ) ;
#824 = CARTESIAN_POINT ( 'NONE',  ( -44.50627812593683785, 50.11429676277847989, 35.02914082833657261 ) ) ;
#825 = CIRCLE ( 'NONE', #4642, 10.00000000000000178 ) ;
#826 = CARTESIAN_POINT ( 'NONE',  ( -32.10044120611970442, -16.13169353752845225, -12.00000000000000000 ) ) ;
#827 = CYLINDRICAL_SURFACE ( 'NONE', #857, 3.300000000000000711 ) ;
#828 = AXIS2_PLACEMENT_3D ( 'NONE', #4126, #2497, #3677 ) ;
#829 = CIRCLE ( 'NONE', #207, 2.500000000000002220 ) ;
#830 = DIRECTION ( 'NONE',  ( -2.775557561562889810E-17, 1.000000000000000000, 0.000000000000000000 ) ) ;
#831 = LINE ( 'NONE', #3364, #3039 ) ;
#832 = CARTESIAN_POINT ( 'NONE',  ( -19.20671139866825072, 9.954375923019689765, 36.35882444406050240 ) ) ;
#833 = CIRCLE ( 'NONE', #1916, 20.99999999999999289 ) ;
#834 = AXIS2_PLACEMENT_3D ( 'NONE', #3270, #3291, #383 ) ;
#835 = CARTESIAN_POINT ( 'NONE',  ( -48.04735536085284764, 10.76264131945019997, 44.75170240833504920 ) ) ;
#836 = EDGE_CURVE ( 'NONE', #5318, #1437, #115, .T. ) ;
#837 = CARTESIAN_POINT ( 'NONE',  ( -18.87214252736052700, 8.954375923019691541, 35.89532867234942159 ) ) ;
#838 = CARTESIAN_POINT ( 'NONE',  ( -49.77811073578330081, 3.868306462471565066, -20.97766952966370013 ) ) ;
#839 = ORIENTED_EDGE ( 'NONE', *, *, #405, .F. ) ;
#840 = AXIS2_PLACEMENT_3D ( 'NONE', #2336, #5418, #1625 ) ;
#841 = LINE ( 'NONE', #1658, #455 ) ;
#842 = AXIS2_PLACEMENT_3D ( 'NONE', #4346, #954, #53 ) ;
#843 = ORIENTED_EDGE ( 'NONE', *, *, #95, .F. ) ;
#844 = CARTESIAN_POINT ( 'NONE',  ( -50.41822113261510196, 44.60022716215625849, 49.94475561157737076 ) ) ;
#845 = CIRCLE ( 'NONE', #3852, 5.500000000000000000 ) ;
#846 = AXIS2_PLACEMENT_3D ( 'NONE', #761, #2054, #3785 ) ;
#847 = EDGE_CURVE ( 'NONE', #790, #4881, #1472, .T. ) ;
#848 = CARTESIAN_POINT ( 'NONE',  ( -21.79346926866904965, 50.11429676277849410, 54.85882444406049530 ) ) ;
#849 = CARTESIAN_POINT ( 'NONE',  ( -50.67240294687781699, 44.30251286975062186, 45.11707045092168755 ) ) ;
#850 = AXIS2_PLACEMENT_3D ( 'NONE', #4595, #778, #4248 ) ;
#851 = ORIENTED_EDGE ( 'NONE', *, *, #381, .F. ) ;
#852 = ADVANCED_FACE ( 'NONE', ( #1080 ), #3604, .F. ) ;
#853 = VECTOR ( 'NONE', #4678, 1000.000000000000000 ) ;
#854 = EDGE_CURVE ( 'NONE', #4214, #2652, #206, .T. ) ;
#855 = CARTESIAN_POINT ( 'NONE',  ( -13.35570936947424059, 43.61148285019935145, 47.35882438196059496 ) ) ;
#856 = CARTESIAN_POINT ( 'NONE',  ( -18.29419840289178723, 8.954375923019691541, 35.20701991226649596 ) ) ;
#857 = AXIS2_PLACEMENT_3D ( 'NONE', #4118, #2536, #2068 ) ;
#858 = DIRECTION ( 'NONE',  ( 1.000000000000000000, 0.000000000000000000, 0.000000000000000000 ) ) ;
#859 = CARTESIAN_POINT ( 'NONE',  ( -59.59811073578330110, 13.86830646247156018, 22.17766952966350047 ) ) ;
#860 = AXIS2_PLACEMENT_3D ( 'NONE', #2340, #1864, #2782 ) ;
#861 = ORIENTED_EDGE ( 'NONE', *, *, #1586, .T. ) ;
#862 = EDGE_CURVE ( 'NONE', #2143, #84, #4517, .T. ) ;
#863 = DIRECTION ( 'NONE',  ( -0.7071067811865475727, 0.7071067811865475727, 0.000000000000000000 ) ) ;
#864 = DIRECTION ( 'NONE',  ( 0.000000000000000000, 0.000000000000000000, -1.000000000000000000 ) ) ;
#865 = CARTESIAN_POINT ( 'NONE',  ( -52.14640703381998321, 14.24785763240686620, 24.08862783852946876 ) ) ;
#866 = CARTESIAN_POINT ( 'NONE',  ( -47.74284744095468369, 10.50213832296573280, 45.09664713742201059 ) ) ;
#867 = APPLICATION_CONTEXT ( 'automotive_design' ) ;
#868 = CARTESIAN_POINT ( 'NONE',  ( -18.56342574207118190, 44.75817038502125200, 48.11399381493870209 ) ) ;
#869 = DIRECTION ( 'NONE',  ( 1.000000000000000000, 0.000000000000000000, 0.000000000000000000 ) ) ;
#870 = FACE_OUTER_BOUND ( 'NONE', #3675, .T. ) ;
#871 = CARTESIAN_POINT ( 'NONE',  ( -54.95282232633920216, 36.77739737154699640, 55.72258472405719942 ) ) ;
#872 = CARTESIAN_POINT ( 'NONE',  ( -48.16936969227210597, 46.86711094548142142, 50.07512382505200321 ) ) ;
#873 = CARTESIAN_POINT ( 'NONE',  ( -14.42277167645590019, -2.931693537528434756, -14.17766952966359995 ) ) ;
#874 = CARTESIAN_POINT ( 'NONE',  ( -50.69356586378731322, 44.27727978288304911, 45.15210156059411162 ) ) ;
#875 = EDGE_LOOP ( 'NONE', ( #5120, #2781 ) ) ;
#876 = EDGE_CURVE ( 'NONE', #1016, #4684, #4794, .T. ) ;
#877 = DIRECTION ( 'NONE',  ( 1.000000000000000000, 0.000000000000000000, 0.000000000000000000 ) ) ;
#878 = ORIENTED_EDGE ( 'NONE', *, *, #1030, .F. ) ;
#879 = CARTESIAN_POINT ( 'NONE',  ( -45.42316153896498321, 50.11429676277849410, 34.64105361835331109 ) ) ;
#880 = ORIENTED_EDGE ( 'NONE', *, *, #161, .F. ) ;
#881 = CARTESIAN_POINT ( 'NONE',  ( -17.44579314211719634, 47.72430244794355758, 48.28736642820826575 ) ) ;
#882 = ORIENTED_EDGE ( 'NONE', *, *, #3325, .F. ) ;
#883 = DIRECTION ( 'NONE',  ( 0.000000000000000000, 1.000000000000000000, 0.000000000000000000 ) ) ;
#884 = ORIENTED_EDGE ( 'NONE', *, *, #5207, .T. ) ;
#885 = FACE_OUTER_BOUND ( 'NONE', #1557, .T. ) ;
#886 = DIRECTION ( 'NONE',  ( 0.000000000000000000, 0.000000000000000000, 1.000000000000000000 ) ) ;
#887 = DIRECTION ( 'NONE',  ( 0.000000000000000000, 0.000000000000000000, 1.000000000000000000 ) ) ;
#888 = EDGE_CURVE ( 'NONE', #3208, #4326, #4763, .T. ) ;
#889 = CARTESIAN_POINT ( 'NONE',  ( -17.52434472690421075, 43.79766207540333056, 49.05878041314493032 ) ) ;
#890 = DIRECTION ( 'NONE',  ( 0.7071067811865475727, -0.7071067811865475727, 0.000000000000000000 ) ) ;
#891 = CARTESIAN_POINT ( 'NONE',  ( -48.06195048913139090, 47.04095073896819912, 47.35882438196049549 ) ) ;
#892 = CARTESIAN_POINT ( 'NONE',  ( -59.59811073578330110, 3.868306462471565066, 15.36646252191465045 ) ) ;
#893 = CARTESIAN_POINT ( 'NONE',  ( -48.43134584924177233, 46.63256738134652579, 50.26176400563028324 ) ) ;
#894 = UNCERTAINTY_MEASURE_WITH_UNIT (LENGTH_MEASURE( 1.000000000000000082E-05 ), #3355, 'distance_accuracy_value', 'NONE');
#895 = DIRECTION ( 'NONE',  ( 0.000000000000000000, 0.000000000000000000, -1.000000000000000000 ) ) ;
#897 = ORIENTED_EDGE ( 'NONE', *, *, #2862, .F. ) ;
#896 = DIRECTION ( 'NONE',  ( 0.000000000000000000, 0.000000000000000000, -1.000000000000000000 ) ) ;
#898 = CARTESIAN_POINT ( 'NONE',  ( -32.10044120611970442, 3.868306462471565066, 12.00000000000000000 ) ) ;
#899 = VERTEX_POINT ( 'NONE', #3570 ) ;
#900 = CARTESIAN_POINT ( 'NONE',  ( -16.24252495409576724, 46.71146966329471439, 44.50897150933698754 ) ) ;
#901 = ADVANCED_FACE ( 'NONE', ( #4767 ), #2725, .T. ) ;
#902 = ORIENTED_EDGE ( 'NONE', *, *, #971, .T. ) ;
#903 = PLANE ( 'NONE',  #2971 ) ;
#904 = VERTEX_POINT ( 'NONE', #3541 ) ;
#905 = DIRECTION ( 'NONE',  ( 0.000000000000000000, 0.000000000000000000, -1.000000000000000000 ) ) ;
#906 = ORIENTED_EDGE ( 'NONE', *, *, #1271, .T. ) ;
#907 = VERTEX_POINT ( 'NONE', #4446 ) ;
#908 = CIRCLE ( 'NONE', #4022, 5.000000000000000888 ) ;
#909 = CARTESIAN_POINT ( 'NONE',  ( -4.585963060050139539, 14.00943247613262166, 23.54459061233852069 ) ) ;
#910 = CARTESIAN_POINT ( 'NONE',  ( -48.41357395892819682, 11.08791667358226540, 50.25089879645469182 ) ) ;
#911 = FACE_BOUND ( 'NONE', #1559, .T. ) ;
#912 = VECTOR ( 'NONE', #2131, 1000.000000000000000 ) ;
#913 = DIRECTION ( 'NONE',  ( 0.000000000000000000, 0.000000000000000000, 1.000000000000000000 ) ) ;
#914 = AXIS2_PLACEMENT_3D ( 'NONE', #5026, #4218, #5071 ) ;
#915 = DIRECTION ( 'NONE',  ( 0.000000000000000000, -0.7071067811865140440, 0.7071067811865809905 ) ) ;
#916 = DIRECTION ( 'NONE',  ( 1.000000000000000000, 0.000000000000000000, 0.000000000000000000 ) ) ;
#917 = ORIENTED_EDGE ( 'NONE', *, *, #5148, .T. ) ;
#918 = CARTESIAN_POINT ( 'NONE',  ( -50.17788530028118288, 12.86366183320791734, 44.54326934860632292 ) ) ;
#919 = ORIENTED_EDGE ( 'NONE', *, *, #5247, .F. ) ;
#920 = AXIS2_PLACEMENT_3D ( 'NONE', #1825, #2989, #4318 ) ;
#921 = CYLINDRICAL_SURFACE ( 'NONE', #3860, 3.300000000000000711 ) ;
#922 = CARTESIAN_POINT ( 'NONE',  ( -68.77938887605888851, 13.86830646247156018, 27.17766952966350047 ) ) ;
#923 = EDGE_CURVE ( 'NONE', #513, #4720, #1401, .T. ) ;
#924 = AXIS2_PLACEMENT_3D ( 'NONE', #5036, #1237, #2928 ) ;
#926 = ORIENTED_EDGE ( 'NONE', *, *, #4341, .T. ) ;
#925 = DIRECTION ( 'NONE',  ( 0.000000000000000000, 0.000000000000000000, 1.000000000000000000 ) ) ;
#927 = DIRECTION ( 'NONE',  ( 0.7071067811865475727, 0.7071067811865475727, 0.000000000000000000 ) ) ;
#928 = EDGE_LOOP ( 'NONE', ( #3972, #2377, #690, #4728, #1505, #3451 ) ) ;
#929 = ORIENTED_EDGE ( 'NONE', *, *, #3575, .F. ) ;
#930 = AXIS2_PLACEMENT_3D ( 'NONE', #3285, #2416, #3705 ) ;
#931 = CARTESIAN_POINT ( 'NONE',  ( -16.80318177120003753, 47.19990231860152363, 45.04301440651300936 ) ) ;
#932 = VECTOR ( 'NONE', #1447, 1000.000000000000114 ) ;
#933 = ORIENTED_EDGE ( 'NONE', *, *, #4959, .T. ) ;
#934 = FACE_OUTER_BOUND ( 'NONE', #4468, .T. ) ;
#935 = ORIENTED_EDGE ( 'NONE', *, *, #5373, .T. ) ;
#936 = CARTESIAN_POINT ( 'NONE',  ( -3.536079629456974960, 3.868306462471565066, 13.27882704600354025 ) ) ;
#937 = ORIENTED_EDGE ( 'NONE', *, *, #4019, .T. ) ;
#938 = VERTEX_POINT ( 'NONE', #1830 ) ;
#939 = CIRCLE ( 'NONE', #4056, 3.499999999999999556 ) ;
#940 = CARTESIAN_POINT ( 'NONE',  ( -4.572988439166355334, 13.86830646247156551, 22.86841525812126719 ) ) ;
#941 = ORIENTED_EDGE ( 'NONE', *, *, #1253, .F. ) ;
#942 = DIRECTION ( 'NONE',  ( 0.000000000000000000, -1.000000000000000000, 0.000000000000000000 ) ) ;
#943 = CIRCLE ( 'NONE', #1136, 3.499999999999999556 ) ;
#944 = DIRECTION ( 'NONE',  ( 0.000000000000000000, 0.000000000000000000, -1.000000000000000000 ) ) ;
#945 = EDGE_CURVE ( 'NONE', #2199, #3971, #1441, .T. ) ;
#946 = CIRCLE ( 'NONE', #2742, 5.000000000000000888 ) ;
#947 = DIRECTION ( 'NONE',  ( 0.000000000000000000, -1.000000000000000000, 0.000000000000000000 ) ) ;
#948 = LINE ( 'NONE', #588, #577 ) ;
#949 = ORIENTED_EDGE ( 'NONE', *, *, #2764, .T. ) ;
#950 = CARTESIAN_POINT ( 'NONE',  ( -50.07167145284510212, 12.74578917877294693, 44.46526002383831155 ) ) ;
#951 = DIRECTION ( 'NONE',  ( 1.000000000000000000, 0.000000000000000000, 0.000000000000000000 ) ) ;
#952 = EDGE_CURVE ( 'NONE', #4437, #3083, #3969, .T. ) ;
#953 = CARTESIAN_POINT ( 'NONE',  ( -14.42277167645602098, 3.868306462471565066, 17.67766952966370297 ) ) ;
#954 = DIRECTION ( 'NONE',  ( 0.000000000000000000, 0.000000000000000000, -1.000000000000000000 ) ) ;
#955 = CARTESIAN_POINT ( 'NONE',  ( -47.06259381042168854, 13.93895084951978802, 49.05878041314490901 ) ) ;
#956 = CARTESIAN_POINT ( 'NONE',  ( -47.59811073578330820, 8.867259707267940883, 34.53090733071902463 ) ) ;
#957 = ORIENTED_EDGE ( 'NONE', *, *, #741, .F. ) ;
#958 = EDGE_CURVE ( 'NONE', #1827, #4579, #2689, .T. ) ;
#959 = DIRECTION ( 'NONE',  ( 0.000000000000000000, -1.000000000000000000, 0.000000000000000000 ) ) ;
#960 = EDGE_CURVE ( 'NONE', #4731, #907, #4677, .T. ) ;
#961 = CARTESIAN_POINT ( 'NONE',  ( -16.13237774770416522, 46.61145304535943268, 44.44202576213017153 ) ) ;
#962 = ORIENTED_EDGE ( 'NONE', *, *, #4039, .F. ) ;
#963 = DIRECTION ( 'NONE',  ( 0.000000000000000000, 1.000000000000000000, 0.000000000000000000 ) ) ;
#964 = EDGE_LOOP ( 'NONE', ( #1792, #424, #5443, #843 ) ) ;
#965 = DIRECTION ( 'NONE',  ( -1.000000000000000000, 2.942091015256665227E-15, 0.000000000000000000 ) ) ;
#966 = EDGE_LOOP ( 'NONE', ( #1922, #2917, #1354, #2664 ) ) ;
#967 = ORIENTED_EDGE ( 'NONE', *, *, #792, .F. ) ;
#968 = CARTESIAN_POINT ( 'NONE',  ( -14.42277167645590019, -5.931693537528449411, -17.67766952966359995 ) ) ;
#969 = CARTESIAN_POINT ( 'NONE',  ( -43.20675826695154598, 49.11429676277849410, -6.042575751263660422 ) ) ;
#970 = FACE_OUTER_BOUND ( 'NONE', #5272, .T. ) ;
#971 = EDGE_CURVE ( 'NONE', #474, #126, #4417, .T. ) ;
#972 = SURFACE_STYLE_FILL_AREA ( #2234 ) ;
#973 = CARTESIAN_POINT ( 'NONE',  ( -54.47008524068209567, 13.86830646247156018, 22.17766952966350047 ) ) ;
#974 = ORIENTED_EDGE ( 'NONE', *, *, #1173, .F. ) ;
#975 = DIRECTION ( 'NONE',  ( 0.7071067811865475727, 0.7071067811865475727, 0.000000000000000000 ) ) ;
#976 = CARTESIAN_POINT ( 'NONE',  ( -16.92793567979414604, 10.43190527717793437, 45.21470495408074441 ) ) ;
#977 = EDGE_CURVE ( 'NONE', #4326, #2327, #658, .T. ) ;
#978 = EDGE_LOOP ( 'NONE', ( #2646, #505, #3803, #4263 ) ) ;
#979 = CARTESIAN_POINT ( 'NONE',  ( -51.11746204593146814, 13.98013263514312143, 46.27043066944403193 ) ) ;
#980 = DIRECTION ( 'NONE',  ( 0.000000000000000000, 0.000000000000000000, -1.000000000000000000 ) ) ;
#981 = CYLINDRICAL_SURFACE ( 'NONE', #5194, 1.000000000000000888 ) ;
#982 = CARTESIAN_POINT ( 'NONE',  ( -16.40281919356317886, 42.59743760664980528, 46.60637532618083156 ) ) ;
#983 = DIRECTION ( 'NONE',  ( 0.000000000000000000, -1.000000000000000000, 0.000000000000000000 ) ) ;
#984 = DIRECTION ( 'NONE',  ( 1.000000000000000000, 0.000000000000000000, 0.000000000000000000 ) ) ;
#985 = ORIENTED_EDGE ( 'NONE', *, *, #10, .F. ) ;
#986 = ORIENTED_EDGE ( 'NONE', *, *, #5306, .F. ) ;
#987 = DIRECTION ( 'NONE',  ( 1.000000000000000000, 0.000000000000000000, 0.000000000000000000 ) ) ;
#988 = CARTESIAN_POINT ( 'NONE',  ( -16.34935852282613311, 46.80683568987897303, 44.58118510508382570 ) ) ;
#989 = EDGE_LOOP ( 'NONE', ( #811, #5347, #3233, #4115 ) ) ;
#990 = DIRECTION ( 'NONE',  ( 0.000000000000000000, 0.000000000000000000, -1.000000000000000000 ) ) ;
#991 = ORIENTED_EDGE ( 'NONE', *, *, #1715, .T. ) ;
#992 = CARTESIAN_POINT ( 'NONE',  ( -16.55841453447772693, 46.99033823213086691, 49.94780656479337466 ) ) ;
#993 = EDGE_LOOP ( 'NONE', ( #3273, #1059, #1226, #4974 ) ) ;
#994 = EDGE_LOOP ( 'NONE', ( #4205, #3514, #1839, #1584 ) ) ;
#995 = CARTESIAN_POINT ( 'NONE',  ( -14.42277167645602098, 3.868306462471565066, 17.67766952966370297 ) ) ;
#996 = CARTESIAN_POINT ( 'NONE',  ( -48.48315188589642588, 11.15123186241539877, 44.42543933681656654 ) ) ;
#997 = EDGE_CURVE ( 'NONE', #4684, #3487, #5206, .T. ) ;
#998 = CARTESIAN_POINT ( 'NONE',  ( -50.05730862389449243, 12.72996584292836886, 50.26204431784768900 ) ) ;
#999 = CARTESIAN_POINT ( 'NONE',  ( -54.77941434455399872, 37.25772086661499571, 39.85882444406045266 ) ) ;
#1000 = CYLINDRICAL_SURFACE ( 'NONE', #1032, 2.000000000000001776 ) ;
#1001 = CARTESIAN_POINT ( 'NONE',  ( -32.29346926866904965, 28.86830646247155130, 89.74078634214809824 ) ) ;
#1002 = VECTOR ( 'NONE', #2774, 1000.000000000000000 ) ;
#1003 = CARTESIAN_POINT ( 'NONE',  ( -15.58686290013240416, 11.63379062877625181, 44.20883545660305458 ) ) ;
#1004 = EDGE_LOOP ( 'NONE', ( #1739, #2834, #2748, #1838 ) ) ;
#1005 = CARTESIAN_POINT ( 'NONE',  ( -51.10360239599625487, 13.96263852443450482, 46.20910165010694470 ) ) ;
#1006 = CARTESIAN_POINT ( 'NONE',  ( -4.598110735783330405, -6.131693537528450477, 24.17766952966350047 ) ) ;
#1007 = AXIS2_PLACEMENT_3D ( 'NONE', #1151, #1992, #4068 ) ;
#1008 = DIRECTION ( 'NONE',  ( 0.000000000000000000, 0.000000000000000000, 1.000000000000000000 ) ) ;
#1009 = DIRECTION ( 'NONE',  ( 0.000000000000000000, 0.000000000000000000, -1.000000000000000000 ) ) ;
#1010 = CARTESIAN_POINT ( 'NONE',  ( -15.14612982490699977, 14.12513007474377957, 47.35882438196049549 ) ) ;
#1011 = VECTOR ( 'NONE', #3226, 1000.000000000000000 ) ;
#1012 = CIRCLE ( 'NONE', #4485, 1.700000000000000844 ) ;
#1013 = CARTESIAN_POINT ( 'NONE',  ( -49.77811073578359924, -3.131693537528430049, 20.97766952966349763 ) ) ;
#1014 = ORIENTED_EDGE ( 'NONE', *, *, #3891, .T. ) ;
#1015 = EDGE_LOOP ( 'NONE', ( #5316, #2202, #5266, #4908 ) ) ;
#1016 = VERTEX_POINT ( 'NONE', #1891 ) ;
#1017 = ORIENTED_EDGE ( 'NONE', *, *, #5040, .F. ) ;
#1018 = ADVANCED_FACE ( 'NONE', ( #2283, #4350, #1798 ), #3472, .F. ) ;
#1019 = DIRECTION ( 'NONE',  ( 1.000000000000000000, 0.000000000000000000, 0.000000000000000000 ) ) ;
#1020 = AXIS2_PLACEMENT_3D ( 'NONE', #3106, #2729, #3967 ) ;
#1021 = AXIS2_PLACEMENT_3D ( 'NONE', #2889, #359, #5426 ) ;
#1022 = CARTESIAN_POINT ( 'NONE',  ( -15.80368201046525023, 46.30646864547427555, 44.28893485419349929 ) ) ;
#1023 = ORIENTED_EDGE ( 'NONE', *, *, #3300, .F. ) ;
#1024 = DIRECTION ( 'NONE',  ( 0.000000000000000000, -1.000000000000000000, 0.000000000000000000 ) ) ;
#1025 = AXIS2_PLACEMENT_3D ( 'NONE', #3071, #4764, #1436 ) ;
#1026 = VERTEX_POINT ( 'NONE', #287 ) ;
#1027 = CIRCLE ( 'NONE', #1378, 31.50000000000000000 ) ;
#1028 = CARTESIAN_POINT ( 'NONE',  ( -13.95218302354698992, 44.34720467272390465, 49.66006079221784120 ) ) ;
#1029 = ORIENTED_EDGE ( 'NONE', *, *, #1671, .F. ) ;
#1030 = EDGE_CURVE ( 'NONE', #2219, #3022, #2913, .T. ) ;
#1031 = DIRECTION ( 'NONE',  ( 7.334490613845678799E-13, -1.000000000000000000, 0.000000000000000000 ) ) ;
#1032 = AXIS2_PLACEMENT_3D ( 'NONE', #4779, #5311, #3527 ) ;
#1033 = CARTESIAN_POINT ( 'NONE',  ( -47.25356823408599638, 10.10132829113180541, 46.03694968354916028 ) ) ;
#1034 = CARTESIAN_POINT ( 'NONE',  ( -50.47052893550151964, 13.19677996151501276, 49.88582252641344184 ) ) ;
#1035 = CARTESIAN_POINT ( 'NONE',  ( -47.59811073578330110, 18.86830646247155130, 24.35882444406049885 ) ) ;
#1036 = DIRECTION ( 'NONE',  ( 1.000000000000000000, 0.000000000000000000, 0.000000000000000000 ) ) ;
#1037 = CIRCLE ( 'NONE', #1575, 1.000000000000000888 ) ;
#1038 = ADVANCED_FACE ( 'NONE', ( #1220 ), #5349, .F. ) ;
#1039 = VECTOR ( 'NONE', #1788, 1000.000000000000000 ) ;
#1040 = DIRECTION ( 'NONE',  ( 0.000000000000000000, 0.000000000000000000, 1.000000000000000000 ) ) ;
#1041 = CARTESIAN_POINT ( 'NONE',  ( -17.38186224094002696, 10.06288226937046204, 46.18902269464683741 ) ) ;
#1042 = ORIENTED_EDGE ( 'NONE', *, *, #4154, .F. ) ;
#1043 = DIRECTION ( 'NONE',  ( 0.000000000000000000, 0.000000000000000000, -1.000000000000000000 ) ) ;
#1044 = ORIENTED_EDGE ( 'NONE', *, *, #5148, .F. ) ;
#1045 = CIRCLE ( 'NONE', #3422, 2.499999999999998668 ) ;
#1046 = DIRECTION ( 'NONE',  ( -3.469446951953611033E-15, 0.000000000000000000, 1.000000000000000000 ) ) ;
#1047 = CARTESIAN_POINT ( 'NONE',  ( -18.52374574612791491, 44.72386143034361083, 46.50645455442123222 ) ) ;
#1048 = CARTESIAN_POINT ( 'NONE',  ( -55.14392486974256258, 20.92743497487855819, 35.49598016324895866 ) ) ;
#1049 = CARTESIAN_POINT ( 'NONE',  ( -56.26075069434067899, 36.99608559241612937, 34.48082477620584996 ) ) ;
#1050 = EDGE_CURVE ( 'NONE', #3296, #33, #5325, .T. ) ;
#1051 = ORIENTED_EDGE ( 'NONE', *, *, #4341, .F. ) ;
#1052 = EDGE_LOOP ( 'NONE', ( #5151, #1044 ) ) ;
#1053 = ORIENTED_EDGE ( 'NONE', *, *, #4306, .F. ) ;
#1054 = DIRECTION ( 'NONE',  ( -0.8223448060637187362, -0.5689894726091377919, 0.000000000000000000 ) ) ;
#1055 = CARTESIAN_POINT ( 'NONE',  ( -32.10044120611970442, -11.13169353752843982, 0.000000000000000000 ) ) ;
#1056 = EDGE_LOOP ( 'NONE', ( #1419, #3267, #599, #2775, #3897, #1104, #4110 ) ) ;
#1057 = DIRECTION ( 'NONE',  ( 0.000000000000000000, 0.000000000000000000, 1.000000000000000000 ) ) ;
#1058 = EDGE_CURVE ( 'NONE', #2286, #1112, #4532, .T. ) ;
#1059 = ORIENTED_EDGE ( 'NONE', *, *, #2368, .F. ) ;
#1060 = DIRECTION ( 'NONE',  ( 1.000000000000000000, 0.000000000000000000, 0.000000000000000000 ) ) ;
#1061 = ORIENTED_EDGE ( 'NONE', *, *, #3164, .T. ) ;
#1062 = CARTESIAN_POINT ( 'NONE',  ( -14.42277167645590019, -6.131693537528450477, -17.67766952966359995 ) ) ;
#1063 = CARTESIAN_POINT ( 'NONE',  ( -48.18411934375183137, 15.13917531825802953, 46.60637532613911560 ) ) ;
#1064 = CARTESIAN_POINT ( 'NONE',  ( -32.10044120611970442, 3.868306462471565066, 0.000000000000000000 ) ) ;
#1065 = CARTESIAN_POINT ( 'NONE',  ( -11.32909421774971825, 14.09973489411209968, 23.68124034523389909 ) ) ;
#1066 = CARTESIAN_POINT ( 'NONE',  ( -32.29346926866904965, 28.86830646247155130, -6.042575751263660422 ) ) ;
#1067 = VERTEX_POINT ( 'NONE', #4132 ) ;
#1068 = CARTESIAN_POINT ( 'NONE',  ( -13.93928533149155946, 13.40470579101016035, 45.07739055056272548 ) ) ;
#1069 = B_SPLINE_CURVE_WITH_KNOTS ( 'NONE', 3,
 ( #1117, #4515, #1484, #1063, #2763, #1509, #2382, #248, #2349, #700, #2823, #2410, #2869, #4030, #2848, #4090, #4065, #3696, #218, #3640, #295, #2433, #3201, #1935 ),
 .UNSPECIFIED., .F., .F.,
 ( 4, 2, 2, 2, 2, 2, 2, 2, 2, 2, 2, 4 ),
 ( 0.000000000000000000, 0.1250000000000005829, 0.1875000000000025535, 0.2500000000000044964, 0.3750000000000033862, 0.5000000000000022204, 0.6250000000000011102, 0.6875000000000005551, 0.7499999999999998890, 0.8124999999999993339, 0.8749999999999987788, 1.000000000000000000 ),
 .UNSPECIFIED. ) ;
#1070 = CARTESIAN_POINT ( 'NONE',  ( -54.77941434455399872, 37.25772086661499571, 54.85882444406049530 ) ) ;
#1071 = CARTESIAN_POINT ( 'NONE',  ( -17.47795606146435787, 9.986973034585478359, 46.57835552359111375 ) ) ;
#1072 = LINE ( 'NONE', #193, #738 ) ;
#1073 = EDGE_CURVE ( 'NONE', #2166, #2053, #3294, .T. ) ;
#1074 = ORIENTED_EDGE ( 'NONE', *, *, #4265, .F. ) ;
#1075 = CARTESIAN_POINT ( 'NONE',  ( -18.42957644473813161, 44.64158719264912634, 46.32008518592456880 ) ) ;
#1076 = CARTESIAN_POINT ( 'NONE',  ( -54.95282232632759900, 20.95921555339655029, 36.35882444406045266 ) ) ;
#1077 = CARTESIAN_POINT ( 'NONE',  ( -17.49759986836036774, 9.971093073656417616, 48.14203913668855250 ) ) ;
#1078 = ORIENTED_EDGE ( 'NONE', *, *, #2952, .F. ) ;
#1079 = EDGE_LOOP ( 'NONE', ( #929, #3195, #636, #3517 ) ) ;
#1080 = FACE_OUTER_BOUND ( 'NONE', #4452, .T. ) ;
#1081 = FACE_OUTER_BOUND ( 'NONE', #1004, .T. ) ;
#1082 = ORIENTED_EDGE ( 'NONE', *, *, #615, .T. ) ;
#1083 = CARTESIAN_POINT ( 'NONE',  ( -22.79346926866904965, 48.20092139164069778, 37.85882444406049530 ) ) ;
#1084 = ORIENTED_EDGE ( 'NONE', *, *, #5465, .T. ) ;
#1085 = CARTESIAN_POINT ( 'NONE',  ( -14.17650125523696758, 44.60919179602230855, 49.95345843917046835 ) ) ;
#1086 = CARTESIAN_POINT ( 'NONE',  ( -59.59811073578330110, -64.59143548592969353, 27.17766952966350047 ) ) ;
#1087 = EDGE_CURVE ( 'NONE', #1404, #2914, #5032, .T. ) ;
#1088 = CARTESIAN_POINT ( 'NONE',  ( -59.59811073578330110, -6.131693537528450477, 29.35882444406044911 ) ) ;
#1089 = CARTESIAN_POINT ( 'NONE',  ( -44.63023074498820364, 51.75507810629639494, 36.35882444406050240 ) ) ;
#1090 = DIRECTION ( 'NONE',  ( -1.000000000000000000, 0.000000000000000000, 0.000000000000000000 ) ) ;
#1091 = CARTESIAN_POINT ( 'NONE',  ( -19.48213637710024670, 50.11429676277849410, 34.75021229591239091 ) ) ;
#1092 = ORIENTED_EDGE ( 'NONE', *, *, #5472, .F. ) ;
#1093 = CARTESIAN_POINT ( 'NONE',  ( -13.51173085614013125, 13.92681888625906872, 46.09304570283673996 ) ) ;
#1094 = EDGE_CURVE ( 'NONE', #5037, #4244, #2036, .T. ) ;
#1095 = DIRECTION ( 'NONE',  ( 0.000000000000000000, 0.000000000000000000, -1.000000000000000000 ) ) ;
#1096 = CARTESIAN_POINT ( 'NONE',  ( -56.95282232633929453, 37.10944150428139920, 34.35882444406045266 ) ) ;
#1097 = VERTEX_POINT ( 'NONE', #5425 ) ;
#1098 = CARTESIAN_POINT ( 'NONE',  ( -43.20675826695154598, 50.11429676277849410, 36.35882444406045266 ) ) ;
#1099 = VERTEX_POINT ( 'NONE', #3318 ) ;
#1100 = COLOUR_RGB ( '',0.7921568627450980005, 0.8196078431372548767, 0.9333333333333333481 ) ;
#1101 = FACE_OUTER_BOUND ( 'NONE', #4448, .T. ) ;
#1102 = CARTESIAN_POINT ( 'NONE',  ( -54.47572988273390138, 21.12574138044965011, 39.85882444406045266 ) ) ;
#1103 = CARTESIAN_POINT ( 'NONE',  ( -16.16045306804086223, 11.09963141075407300, 50.25881527657196557 ) ) ;
#1104 = ORIENTED_EDGE ( 'NONE', *, *, #958, .T. ) ;
#1105 = VECTOR ( 'NONE', #1702, 1000.000000000000114 ) ;
#1106 = ORIENTED_EDGE ( 'NONE', *, *, #4370, .T. ) ;
#1107 = CARTESIAN_POINT ( 'NONE',  ( -47.59811073578330110, 3.868306462471565066, 24.17766952966350047 ) ) ;
#1108 = AXIS2_PLACEMENT_3D ( 'NONE', #2493, #1995, #4958 ) ;
#1109 = CARTESIAN_POINT ( 'NONE',  ( -49.77811073578359924, -2.931693537528434756, 23.17766952966350047 ) ) ;
#1110 = ORIENTED_EDGE ( 'NONE', *, *, #4039, .T. ) ;
#1111 = FACE_OUTER_BOUND ( 'NONE', #2086, .T. ) ;
#1112 = VERTEX_POINT ( 'NONE', #715 ) ;
#1113 = CIRCLE ( 'NONE', #4571, 3.499999999999999556 ) ;
#1114 = VECTOR ( 'NONE', #5504, 1000.000000000000000 ) ;
#1115 = CARTESIAN_POINT ( 'NONE',  ( -14.57777565319193513, 45.05950025136981196, 50.29305988215093492 ) ) ;
#1116 = CARTESIAN_POINT ( 'NONE',  ( -21.38018027042864944, 50.11429676277849410, 54.85882444406049530 ) ) ;
#1117 = CARTESIAN_POINT ( 'NONE',  ( -48.29605754476390445, 15.26988124241090006, 47.35882438196059496 ) ) ;
#1118 = CIRCLE ( 'NONE', #1020, 3.300000000000000711 ) ;
#1119 = VECTOR ( 'NONE', #3035, 1000.000000000000114 ) ;
#1120 = CYLINDRICAL_SURFACE ( 'NONE', #3940, 2.500000000000000444 ) ;
#1121 = DIRECTION ( 'NONE',  ( -0.3295454545447590311, -0.9441397107361220176, 0.000000000000000000 ) ) ;
#1122 = CARTESIAN_POINT ( 'NONE',  ( -13.91621332935952182, 13.43211947915351701, 45.11445147337981609 ) ) ;
#1123 = VECTOR ( 'NONE', #1426, 1000.000000000000000 ) ;
#1124 = VECTOR ( 'NONE', #2024, 1000.000000000000000 ) ;
#1125 = LINE ( 'NONE', #3182, #669 ) ;
#1126 = CARTESIAN_POINT ( 'NONE',  ( -43.74579285288235297, 50.11429676277849410, 35.63383741123094950 ) ) ;
#1127 = AXIS2_PLACEMENT_3D ( 'NONE', #2120, #373, #5490 ) ;
#1128 = ORIENTED_EDGE ( 'NONE', *, *, #1229, .T. ) ;
#1129 = DIRECTION ( 'NONE',  ( 0.000000000000000000, 1.000000000000000000, 0.000000000000000000 ) ) ;
#1130 = EDGE_CURVE ( 'NONE', #2227, #4631, #946, .T. ) ;
#1131 = VERTEX_POINT ( 'NONE', #1107 ) ;
#1132 = CIRCLE ( 'NONE', #2475, 23.99999999998344791 ) ;
#1133 = CARTESIAN_POINT ( 'NONE',  ( -49.59811073578330110, 50.11429676277849410, 34.35882444406045266 ) ) ;
#1134 = CARTESIAN_POINT ( 'NONE',  ( -55.35816967984214898, 20.89097110221485565, 35.14980936065152406 ) ) ;
#1135 = CARTESIAN_POINT ( 'NONE',  ( -14.29154578855851021, 12.99577378937204841, 50.07371017195432472 ) ) ;
#1136 = AXIS2_PLACEMENT_3D ( 'NONE', #780, #4637, #4596 ) ;
#1137 = ORIENTED_EDGE ( 'NONE', *, *, #2873, .F. ) ;
#1138 = EDGE_CURVE ( 'NONE', #4686, #2430, #3245, .T. ) ;
#1139 = ORIENTED_EDGE ( 'NONE', *, *, #247, .T. ) ;
#1140 = CARTESIAN_POINT ( 'NONE',  ( -16.59811073578330110, 8.954375923019691541, 34.46546470606399737 ) ) ;
#1141 = VECTOR ( 'NONE', #4879, 1000.000000000000000 ) ;
#1142 = DIRECTION ( 'NONE',  ( 0.000000000000000000, 0.000000000000000000, 1.000000000000000000 ) ) ;
#1143 = ORIENTED_EDGE ( 'NONE', *, *, #4591, .T. ) ;
#1144 = CARTESIAN_POINT ( 'NONE',  ( -47.24860952833692096, 47.63920535110550247, 46.04353994433643749 ) ) ;
#1145 = ORIENTED_EDGE ( 'NONE', *, *, #1414, .T. ) ;
#1146 = ADVANCED_FACE ( 'NONE', ( #339 ), #4969, .T. ) ;
#1147 = CARTESIAN_POINT ( 'NONE',  ( -13.50480386824575341, 43.80105365585190924, 48.59756404000617636 ) ) ;
#1148 = DIRECTION ( 'NONE',  ( 1.000000000000000000, 2.775557561562889810E-17, 0.000000000000000000 ) ) ;
#1149 = DIRECTION ( 'NONE',  ( 0.000000000000000000, 1.000000000000000000, 0.000000000000000000 ) ) ;
#1150 = CARTESIAN_POINT ( 'NONE',  ( -16.59811073578330110, 8.954375923019691541, 42.16311116877835019 ) ) ;
#1151 = CARTESIAN_POINT ( 'NONE',  ( -12.57812370211967945, 13.86830646247156018, -45.00000458198000075 ) ) ;
#1152 = PRODUCT ( '902\X2\5e15897f5c3c6cd55170\X0\', '902\X2\5e15897f5c3c6cd55170\X0\', '', ( #2868 ) ) ;
#1153 = EDGE_LOOP ( 'NONE', ( #1382, #3453, #3795, #1082 ) ) ;
#1154 = CARTESIAN_POINT ( 'NONE',  ( -13.39627518548436491, 14.07241209813413896, 46.57542176258802158 ) ) ;
#1155 = CARTESIAN_POINT ( 'NONE',  ( -19.79346926866905321, 9.954375923019689765, 54.85882444406049530 ) ) ;
#1156 = ADVANCED_FACE ( 'NONE', ( #4054, #239 ), #3274, .F. ) ;
#1157 = DIRECTION ( 'NONE',  ( 0.000000000000000000, 0.000000000000000000, -1.000000000000000000 ) ) ;
#1158 = FACE_OUTER_BOUND ( 'NONE', #1169, .T. ) ;
#1159 = CARTESIAN_POINT ( 'NONE',  ( -14.42277167645602098, -2.931693537528434756, 23.17766952966369942 ) ) ;
#1160 = CARTESIAN_POINT ( 'NONE',  ( -55.42506912510947359, 36.85711095875900156, 35.06764219095364865 ) ) ;
#1161 = ORIENTED_EDGE ( 'NONE', *, *, #3043, .T. ) ;
#1162 = DIRECTION ( 'NONE',  ( 0.000000000000000000, -1.000000000000000000, 0.000000000000000000 ) ) ;
#1163 = EDGE_CURVE ( 'NONE', #3905, #2145, #2407, .T. ) ;
#1164 = CARTESIAN_POINT ( 'NONE',  ( -19.20671139866825072, 8.954375923019691541, 36.35882444406045266 ) ) ;
#1165 = CARTESIAN_POINT ( 'NONE',  ( -15.59063725106004661, 11.63325092187051801, 50.49038060648747717 ) ) ;
#1166 = ORIENTED_EDGE ( 'NONE', *, *, #101, .F. ) ;
#1167 = CARTESIAN_POINT ( 'NONE',  ( -32.10044120611970442, -6.131693537528450477, 0.000000000000000000 ) ) ;
#1168 = DIRECTION ( 'NONE',  ( 0.000000000000000000, -1.000000000000000000, 0.000000000000000000 ) ) ;
#1169 = EDGE_LOOP ( 'NONE', ( #2610, #4018, #1061, #2757 ) ) ;
#1170 = CARTESIAN_POINT ( 'NONE',  ( -47.46668689402828534, 47.46374418397190453, 45.53512949844431290 ) ) ;
#1171 = ORIENTED_EDGE ( 'NONE', *, *, #4558, .T. ) ;
#1172 = CARTESIAN_POINT ( 'NONE',  ( 0.000000000000000000, 0.000000000000000000, 0.000000000000000000 ) ) ;
#1173 = EDGE_CURVE ( 'NONE', #1218, #25, #1587, .T. ) ;
#1174 = DIRECTION ( 'NONE',  ( 1.000000000000000000, 0.000000000000000000, 0.000000000000000000 ) ) ;
#1175 = DIRECTION ( 'NONE',  ( 0.000000000000000000, -1.000000000000000000, 0.000000000000000000 ) ) ;
#1176 = CARTESIAN_POINT ( 'NONE',  ( -13.76116396535294761, 13.61833123538309032, 49.31938637751797216 ) ) ;
#1177 = CARTESIAN_POINT ( 'NONE',  ( -13.52650770670216929, 13.90818639165486914, 46.03688794999714418 ) ) ;
#1178 = CARTESIAN_POINT ( 'NONE',  ( -49.77811073578359924, 3.868306462471565066, 20.97766952966349763 ) ) ;
#1179 = CARTESIAN_POINT ( 'NONE',  ( -11.32909421774971825, -64.59143548592969353, 23.68124034523389909 ) ) ;
#1180 = CARTESIAN_POINT ( 'NONE',  ( -48.23872718442800078, 44.81356437823054506, 47.35882438196049549 ) ) ;
#1181 = CARTESIAN_POINT ( 'NONE',  ( -55.14595586496304946, 36.81052509610264423, 35.49135796912920426 ) ) ;
#1182 = EDGE_LOOP ( 'NONE', ( #3998, #880, #5402, #2374 ) ) ;
#1183 = CARTESIAN_POINT ( 'NONE',  ( -18.63772192605910050, 9.132031116955959149, -6.042575751263660422 ) ) ;
#1184 = CARTESIAN_POINT ( 'NONE',  ( -45.92500951617031291, 44.84292967764739046, 47.80127121679556979 ) ) ;
#1185 = CARTESIAN_POINT ( 'NONE',  ( -16.15516573885375351, 11.10443341132812556, 50.26202192480483433 ) ) ;
#1186 = ORIENTED_EDGE ( 'NONE', *, *, #2089, .F. ) ;
#1187 = AXIS2_PLACEMENT_3D ( 'NONE', #4463, #2801, #4492 ) ;
#1188 = DIRECTION ( 'NONE',  ( -1.000000000000000000, 0.000000000000000000, 0.000000000000000000 ) ) ;
#1189 = DIRECTION ( 'NONE',  ( 1.000000000000000000, 0.000000000000000000, 0.000000000000000000 ) ) ;
#1190 = VECTOR ( 'NONE', #3347, 1000.000000000000114 ) ;
#1191 = VERTEX_POINT ( 'NONE', #692 ) ;
#1192 = CARTESIAN_POINT ( 'NONE',  ( -50.57400936893122889, 44.41887469714617254, 44.96795624055886265 ) ) ;
#1193 = ORIENTED_EDGE ( 'NONE', *, *, #1073, .T. ) ;
#1194 = EDGE_CURVE ( 'NONE', #2519, #3850, #3789, .T. ) ;
#1195 = AXIS2_PLACEMENT_3D ( 'NONE', #1596, #5388, #4915 ) ;
#1196 = DIRECTION ( 'NONE',  ( 0.000000000000000000, 1.000000000000000000, 0.000000000000000000 ) ) ;
#1197 = CARTESIAN_POINT ( 'NONE',  ( -14.42277167645590019, -6.131693537528450477, -17.67766952966359995 ) ) ;
#1198 = AXIS2_PLACEMENT_3D ( 'NONE', #4738, #963, #4354 ) ;
#1199 = CARTESIAN_POINT ( 'NONE',  ( -14.11118817179509222, 13.20297822113195885, 49.87755039985143668 ) ) ;
#1200 = AXIS2_PLACEMENT_3D ( 'NONE', #2502, #2110, #2454 ) ;
#1201 = EDGE_CURVE ( 'NONE', #5324, #2331, #3685, .T. ) ;
#1202 = DIRECTION ( 'NONE',  ( 0.000000000000000000, 0.000000000000000000, 1.000000000000000000 ) ) ;
#1203 = LINE ( 'NONE', #5467, #2635 ) ;
#1204 = CIRCLE ( 'NONE', #3057, 3.499999999999999556 ) ;
#1205 = VECTOR ( 'NONE', #3868, 1000.000000000000000 ) ;
#1206 = PLANE ( 'NONE',  #5187 ) ;
#1207 = DIRECTION ( 'NONE',  ( -0.7071067811865474617, -0.7071067811865474617, 0.000000000000000000 ) ) ;
#1208 = CARTESIAN_POINT ( 'NONE',  ( -54.95282232633920216, 36.77739737154699640, 36.35882444406045266 ) ) ;
#1209 = TOROIDAL_SURFACE ( 'NONE', #3061, 3.000000000000000000, 2.000000000000000000 ) ;
#1210 = VECTOR ( 'NONE', #1340, 1000.000000000000000 ) ;
#1211 = ORIENTED_EDGE ( 'NONE', *, *, #1253, .T. ) ;
#1212 = EDGE_CURVE ( 'NONE', #691, #3221, #2035, .T. ) ;
#1213 = DIRECTION ( 'NONE',  ( -0.7071067811865475727, -0.7071067811865475727, 0.000000000000000000 ) ) ;
#1214 = AXIS2_PLACEMENT_3D ( 'NONE', #1309, #800, #347 ) ;
#1215 = CYLINDRICAL_SURFACE ( 'NONE', #834, 1.699999999999999734 ) ;
#1216 = ADVANCED_FACE ( 'NONE', ( #1610 ), #2833, .F. ) ;
#1217 = CARTESIAN_POINT ( 'NONE',  ( -19.79346926866905321, 8.954375923019691541, 27.17766952966350047 ) ) ;
#1218 = VERTEX_POINT ( 'NONE', #4121 ) ;
#1219 = CIRCLE ( 'NONE', #1579, 3.300000000000000711 ) ;
#1220 = FACE_OUTER_BOUND ( 'NONE', #4939, .T. ) ;
#1221 = DIRECTION ( 'NONE',  ( 0.000000000000000000, 0.000000000000000000, 1.000000000000000000 ) ) ;
#1222 = EDGE_CURVE ( 'NONE', #3548, #3602, #649, .T. ) ;
#1223 = AXIS2_PLACEMENT_3D ( 'NONE', #1155, #4980, #2874 ) ;
#1224 = ORIENTED_EDGE ( 'NONE', *, *, #390, .F. ) ;
#1225 = CARTESIAN_POINT ( 'NONE',  ( -48.29524867285600465, 46.75528587096824396, 44.54532033807114288 ) ) ;
#1226 = ORIENTED_EDGE ( 'NONE', *, *, #3089, .T. ) ;
#1227 = AXIS2_PLACEMENT_3D ( 'NONE', #1167, #736, #1633 ) ;
#1228 = DIRECTION ( 'NONE',  ( 0.000000000000000000, -1.000000000000000000, 0.000000000000000000 ) ) ;
#1229 = EDGE_CURVE ( 'NONE', #1893, #4214, #4929, .T. ) ;
#1230 = DIRECTION ( 'NONE',  ( 0.000000000000000000, 0.000000000000000000, 1.000000000000000000 ) ) ;
#1231 = CARTESIAN_POINT ( 'NONE',  ( -14.08950696694148519, 13.22818795966451866, 49.85095696378835584 ) ) ;
#1232 = CARTESIAN_POINT ( 'NONE',  ( -20.36165108684514991, 11.58734251725435982, 39.85882444406045266 ) ) ;
#1233 = DIRECTION ( 'NONE',  ( 0.000000000000000000, 0.000000000000000000, 1.000000000000000000 ) ) ;
#1234 = VERTEX_POINT ( 'NONE', #3648 ) ;
#1235 = CARTESIAN_POINT ( 'NONE',  ( -47.30493778409694272, 10.14187332115507267, 48.83431126732691041 ) ) ;
#1236 = CARTESIAN_POINT ( 'NONE',  ( -21.38018027042864944, 50.11429676277849410, 36.35882444406045266 ) ) ;
#1237 = DIRECTION ( 'NONE',  ( -0.7071067811865475727, -0.7071067811865475727, 0.000000000000000000 ) ) ;
#1238 = ORIENTED_EDGE ( 'NONE', *, *, #2075, .T. ) ;
#1239 = FACE_OUTER_BOUND ( 'NONE', #2084, .T. ) ;
#1240 = EDGE_CURVE ( 'NONE', #4878, #1909, #4907, .T. ) ;
#1241 = CARTESIAN_POINT ( 'NONE',  ( -46.14924440292739405, 44.64940386813356810, 48.40164732273584747 ) ) ;
#1242 = DIRECTION ( 'NONE',  ( 0.000000000000000000, -1.000000000000000000, 0.000000000000000000 ) ) ;
#1243 = EDGE_LOOP ( 'NONE', ( #3684, #3601, #2611, #4722 ) ) ;
#1244 = CARTESIAN_POINT ( 'NONE',  ( -48.78243068609913990, 46.30724943225278878, 50.42843188544823363 ) ) ;
#1245 = DIRECTION ( 'NONE',  ( 0.000000000000000000, 0.000000000000000000, -1.000000000000000000 ) ) ;
#1246 = ORIENTED_EDGE ( 'NONE', *, *, #1646, .F. ) ;
#1247 = CARTESIAN_POINT ( 'NONE',  ( -49.90302105442231806, 45.17483634258684333, 44.36466410750679046 ) ) ;
#1248 = ORIENTED_EDGE ( 'NONE', *, *, #3907, .F. ) ;
#1249 = DIRECTION ( 'NONE',  ( -0.7071067811865474617, -0.7071067811865474617, 0.000000000000000000 ) ) ;
#1250 = VERTEX_POINT ( 'NONE', #1517 ) ;
#1251 = CARTESIAN_POINT ( 'NONE',  ( -44.51279718782902961, 50.11429676277849410, 35.02550501229609381 ) ) ;
#1252 = FACE_OUTER_BOUND ( 'NONE', #928, .T. ) ;
#1253 = EDGE_CURVE ( 'NONE', #816, #4190, #1072, .T. ) ;
#1254 = DIRECTION ( 'NONE',  ( -2.775557561562889810E-17, 1.000000000000000000, 0.000000000000000000 ) ) ;
#1255 = EDGE_LOOP ( 'NONE', ( #1758, #1445 ) ) ;
#1256 = CARTESIAN_POINT ( 'NONE',  ( -47.67573637363638284, 10.44587468353301141, 49.52742217242297329 ) ) ;
#1257 = CARTESIAN_POINT ( 'NONE',  ( -4.598110735783330405, -64.59143548592969353, 27.17766952966350047 ) ) ;
#1258 = CARTESIAN_POINT ( 'NONE',  ( -52.20563175933514799, 14.23981698921578598, 24.06912589729755680 ) ) ;
#1259 = ADVANCED_FACE ( 'NONE', ( #1576, #2359, #5287 ), #1542, .T. ) ;
#1260 = CARTESIAN_POINT ( 'NONE',  ( -47.08935909843405199, 9.971108687571042850, 46.57545244459316791 ) ) ;
#1261 = CYLINDRICAL_SURFACE ( 'NONE', #2178, 31.50000000000000000 ) ;
#1262 = DIRECTION ( 'NONE',  ( 0.000000000000000000, 1.000000000000000000, 0.000000000000000000 ) ) ;
#1263 = DIRECTION ( 'NONE',  ( -1.000000000000000000, 0.000000000000000000, 0.000000000000000000 ) ) ;
#1264 = CARTESIAN_POINT ( 'NONE',  ( -46.16309748955684711, 8.954375923019691541, 35.35256680075172397 ) ) ;
#1265 = EDGE_CURVE ( 'NONE', #3850, #1250, #4960, .T. ) ;
#1266 = CARTESIAN_POINT ( 'NONE',  ( -48.99540456038752723, 46.10422958360971535, 50.49019933252196068 ) ) ;
#1267 = CYLINDRICAL_SURFACE ( 'NONE', #2615, 10.00000000000000178 ) ;
#1268 = CARTESIAN_POINT ( 'NONE',  ( -48.39151340857019790, 46.66867421738147215, 44.48056148305674640 ) ) ;
#1269 = ORIENTED_EDGE ( 'NONE', *, *, #3748, .T. ) ;
#1270 = EDGE_CURVE ( 'NONE', #4731, #4073, #365, .T. ) ;
#1271 = EDGE_CURVE ( 'NONE', #5380, #1897, #1631, .T. ) ;
#1272 = STYLED_ITEM ( 'NONE', ( #3115 ), #1518 ) ;
#1273 = CARTESIAN_POINT ( 'NONE',  ( -13.36578253542244887, 43.62459140528920187, 46.97191793726430831 ) ) ;
#1274 = CARTESIAN_POINT ( 'NONE',  ( -16.78407425306342660, 8.954375923019695094, 34.50464015674554474 ) ) ;
#1275 = VECTOR ( 'NONE', #4203, 1000.000000000000000 ) ;
#1276 = CARTESIAN_POINT ( 'NONE',  ( -8.003533875690029831, 13.86830646247156018, 23.27206602578905148 ) ) ;
#1277 = CARTESIAN_POINT ( 'NONE',  ( -59.59811073578330110, -64.59143548592969353, 34.35882444406045266 ) ) ;
#1278 = AXIS2_PLACEMENT_3D ( 'NONE', #5256, #1546, #3157 ) ;
#1279 = VERTEX_POINT ( 'NONE', #3590 ) ;
#1280 = AXIS2_PLACEMENT_3D ( 'NONE', #4951, #1196, #3328 ) ;
#1281 = DIRECTION ( 'NONE',  ( -0.7071067811865475727, -0.7071067811865475727, 0.000000000000000000 ) ) ;
#1282 = PLANE ( 'NONE',  #2601 ) ;
#1283 = EDGE_CURVE ( 'NONE', #4720, #262, #450, .T. ) ;
#1284 = CARTESIAN_POINT ( 'NONE',  ( -54.77941434454230318, 20.47889205832854742, 54.85882444406049530 ) ) ;
#1285 = AXIS2_PLACEMENT_3D ( 'NONE', #4977, #1175, #4191 ) ;
#1286 = AXIS2_PLACEMENT_3D ( 'NONE', #4261, #1410, #925 ) ;
#1287 = CARTESIAN_POINT ( 'NONE',  ( -47.34431871152717264, 10.17369763081075895, 45.79631094468196295 ) ) ;
#1288 = DIRECTION ( 'NONE',  ( 0.000000000000000000, -1.000000000000000000, 0.000000000000000000 ) ) ;
#1289 = LINE ( 'NONE', #2517, #4842 ) ;
#1290 = EDGE_CURVE ( 'NONE', #1866, #4103, #2878, .T. ) ;
#1291 = AXIS2_PLACEMENT_3D ( 'NONE', #1928, #322, #3718 ) ;
#1292 = DIRECTION ( 'NONE',  ( 0.000000000000000000, -1.000000000000000000, 0.000000000000000000 ) ) ;
#1293 = AXIS2_PLACEMENT_3D ( 'NONE', #3149, #190, #1040 ) ;
#1294 = CARTESIAN_POINT ( 'NONE',  ( -18.51480033117735147, 8.954375923019691541, 35.45468474723795538 ) ) ;
#1295 = CARTESIAN_POINT ( 'NONE',  ( -50.41514943522562220, 44.60376692266288501, 49.94820331371597888 ) ) ;
#1296 = VECTOR ( 'NONE', #3415, 1000.000000000000000 ) ;
#1297 = VECTOR ( 'NONE', #4522, 1000.000000000000000 ) ;
#1298 = DIRECTION ( 'NONE',  ( 0.000000000000000000, 0.000000000000000000, -1.000000000000000000 ) ) ;
#1299 = CARTESIAN_POINT ( 'NONE',  ( -46.02351279525572636, 12.97844253990493613, 48.11399381490561922 ) ) ;
#1300 = CARTESIAN_POINT ( 'NONE',  ( -47.99990147877327473, 47.01512866035832872, 44.79809125077839838 ) ) ;
#1301 = CIRCLE ( 'NONE', #4305, 1.700000000000000844 ) ;
#1302 = ORIENTED_EDGE ( 'NONE', *, *, #847, .T. ) ;
#1303 = AXIS2_PLACEMENT_3D ( 'NONE', #5364, #1884, #1433 ) ;
#1304 = CYLINDRICAL_SURFACE ( 'NONE', #3934, 5.000000000000000888 ) ;
#1305 = EDGE_CURVE ( 'NONE', #1773, #5259, #3674, .T. ) ;
#1306 = CARTESIAN_POINT ( 'NONE',  ( -45.40609078230590256, 50.11429676277850120, 34.64642855844873282 ) ) ;
#1307 = ORIENTED_EDGE ( 'NONE', *, *, #1320, .F. ) ;
#1308 = VECTOR ( 'NONE', #3612, 1000.000000000000000 ) ;
#1309 = CARTESIAN_POINT ( 'NONE',  ( -32.10044120611970442, 3.868306462471565066, 0.000000000000000000 ) ) ;
#1310 = DIRECTION ( 'NONE',  ( 0.000000000000000000, 0.000000000000000000, 1.000000000000000000 ) ) ;
#1311 = AXIS2_PLACEMENT_3D ( 'NONE', #3165, #3130, #1415 ) ;
#1312 = ORIENTED_EDGE ( 'NONE', *, *, #997, .T. ) ;
#1313 = CARTESIAN_POINT ( 'NONE',  ( -47.03664565640320205, 9.930546563270450378, 47.35882438196059496 ) ) ;
#1314 = CARTESIAN_POINT ( 'NONE',  ( -14.42277167645602098, -6.131693537528450477, 21.17766952966370297 ) ) ;
#1315 = CARTESIAN_POINT ( 'NONE',  ( -45.70503662002610668, 8.954375923019693317, 35.90834527140556531 ) ) ;
#1316 = LINE ( 'NONE', #2677, #1210 ) ;
#1317 = CYLINDRICAL_SURFACE ( 'NONE', #2724, 0.5000000000000004441 ) ;
#1318 = PLANE ( 'NONE',  #5260 ) ;
#1319 = CARTESIAN_POINT ( 'NONE',  ( -21.79346926866904965, 50.11429676277849410, 27.17766952966350047 ) ) ;
#1320 = EDGE_CURVE ( 'NONE', #211, #444, #1972, .T. ) ;
#1321 = CARTESIAN_POINT ( 'NONE',  ( -50.43960884558660496, 44.57552720905053434, 49.92034884182321264 ) ) ;
#1322 = DIRECTION ( 'NONE',  ( 1.000000000000000000, 0.000000000000000000, 0.000000000000000000 ) ) ;
#1323 = LINE ( 'NONE', #4727, #1205 ) ;
#1324 = CARTESIAN_POINT ( 'NONE',  ( -47.59811073578330110, 8.225884526690302678, 34.37603553348797192 ) ) ;
#1325 = VERTEX_POINT ( 'NONE', #4896 ) ;
#1326 = CARTESIAN_POINT ( 'NONE',  ( -13.83828634421649184, 44.21131872427883280, 45.24817948365524245 ) ) ;
#1327 = ORIENTED_EDGE ( 'NONE', *, *, #5371, .F. ) ;
#1328 = LINE ( 'NONE', #4247, #5269 ) ;
#1329 = ORIENTED_EDGE ( 'NONE', *, *, #1438, .T. ) ;
#1330 = CARTESIAN_POINT ( 'NONE',  ( -16.48695198859309485, 46.92826750072697450, 50.01706034227369457 ) ) ;
#1331 = ORIENTED_EDGE ( 'NONE', *, *, #2838, .T. ) ;
#1332 = VERTEX_POINT ( 'NONE', #708 ) ;
#1333 = EDGE_CURVE ( 'NONE', #3691, #3521, #1545, .T. ) ;
#1334 = CYLINDRICAL_SURFACE ( 'NONE', #4513, 5.500000000000000000 ) ;
#1335 = VERTEX_POINT ( 'NONE', #1098 ) ;
#1336 = CARTESIAN_POINT ( 'NONE',  ( -48.02856418193923105, 10.74630922660171173, 49.94784551101501080 ) ) ;
#1337 =( NAMED_UNIT ( * ) SI_UNIT ( $, .STERADIAN. ) SOLID_ANGLE_UNIT ( ) );
#1338 = CARTESIAN_POINT ( 'NONE',  ( -46.07213820618029843, 8.954375923019691541, 35.45468474723350738 ) ) ;
#1339 = ADVANCED_FACE ( 'NONE', ( #682 ), #4718, .F. ) ;
#1340 = DIRECTION ( 'NONE',  ( 0.000000000000000000, 0.000000000000000000, 1.000000000000000000 ) ) ;
#1341 = DIRECTION ( 'NONE',  ( 0.000000000000000000, 0.000000000000000000, -1.000000000000000000 ) ) ;
#1342 = ORIENTED_EDGE ( 'NONE', *, *, #4217, .F. ) ;
#1343 = CARTESIAN_POINT ( 'NONE',  ( -50.35198185500384938, 13.06013283584566587, 44.69909115369858910 ) ) ;
#1344 = CARTESIAN_POINT ( 'NONE',  ( -46.53699941997493283, 8.954375923019689765, 35.05253681406816924 ) ) ;
#1345 = CARTESIAN_POINT ( 'NONE',  ( -48.20252049298831309, 46.83780814470390652, 50.10208807205574999 ) ) ;
#1346 = DIRECTION ( 'NONE',  ( 1.000000000000000000, 0.000000000000000000, 0.000000000000000000 ) ) ;
#1348 = ORIENTED_EDGE ( 'NONE', *, *, #4603, .T. ) ;
#1347 = CARTESIAN_POINT ( 'NONE',  ( -9.442155208850008918, 13.86830646247156018, 21.88268894962254763 ) ) ;
#1349 = CARTESIAN_POINT ( 'NONE',  ( -50.89341623240778034, 44.03627761849182320, 45.53771625330198702 ) ) ;
#1350 = ORIENTED_EDGE ( 'NONE', *, *, #120, .T. ) ;
#1351 = CARTESIAN_POINT ( 'NONE',  ( -16.10084337749716710, 46.58269116111062402, 44.42378495505478497 ) ) ;
#1352 = EDGE_CURVE ( 'NONE', #3033, #2846, #2959, .T. ) ;
#1353 = FACE_BOUND ( 'NONE', #875, .T. ) ;
#1354 = ORIENTED_EDGE ( 'NONE', *, *, #3678, .F. ) ;
#1355 = CARTESIAN_POINT ( 'NONE',  ( -17.01669924080735896, 47.37848159434491890, 49.36471873659515097 ) ) ;
#1356 = VERTEX_POINT ( 'NONE', #1159 ) ;
#1357 = ORIENTED_EDGE ( 'NONE', *, *, #3975, .F. ) ;
#1358 = CIRCLE ( 'NONE', #3751, 31.50000000000000000 ) ;
#1359 = DIRECTION ( 'NONE',  ( 0.000000000000000000, 0.000000000000000000, -1.000000000000000000 ) ) ;
#1360 = CARTESIAN_POINT ( 'NONE',  ( -49.52865991889041197, 12.16561433765721034, 50.49034984709590645 ) ) ;
#1361 = CARTESIAN_POINT ( 'NONE',  ( -6.293469268685610629, 28.86830646247155130, 34.35882444406045266 ) ) ;
#1362 = EDGE_CURVE ( 'NONE', #1099, #3296, #2746, .T. ) ;
#1363 = VECTOR ( 'NONE', #3410, 1000.000000000000000 ) ;
#1364 = CARTESIAN_POINT ( 'NONE',  ( -20.90568944441785249, 49.99455721061860203, 36.35882444406045266 ) ) ;
#1365 = VECTOR ( 'NONE', #1149, 1000.000000000000000 ) ;
#1366 = DIRECTION ( 'NONE',  ( 0.000000000000000000, 1.000000000000000000, 0.000000000000000000 ) ) ;
#1367 = DIRECTION ( 'NONE',  ( 0.000000000000000000, 1.000000000000000000, 0.000000000000000000 ) ) ;
#1368 = ORIENTED_EDGE ( 'NONE', *, *, #2873, .T. ) ;
#1369 = CARTESIAN_POINT ( 'NONE',  ( -50.11514284528799834, 12.79384008414767848, 44.49567193174406299 ) ) ;
#1370 = ADVANCED_FACE ( 'NONE', ( #2976 ), #5417, .T. ) ;
#1371 = AXIS2_PLACEMENT_3D ( 'NONE', #516, #2233, #3913 ) ;
#1372 = ORIENTED_EDGE ( 'NONE', *, *, #5465, .F. ) ;
#1373 = ADVANCED_FACE ( 'NONE', ( #409 ), #1282, .T. ) ;
#1374 = VECTOR ( 'NONE', #2911, 1000.000000000000000 ) ;
#1375 = LINE ( 'NONE', #2716, #485 ) ;
#1376 = PLANE ( 'NONE',  #4134 ) ;
#1377 = AXIS2_PLACEMENT_3D ( 'NONE', #5352, #718, #1528 ) ;
#1378 = AXIS2_PLACEMENT_3D ( 'NONE', #2217, #2631, #895 ) ;
#1380 = ORIENTED_EDGE ( 'NONE', *, *, #862, .F. ) ;
#1379 = LINE ( 'NONE', #873, #3154 ) ;
#1381 = CYLINDRICAL_SURFACE ( 'NONE', #2177, 1.699999999999999734 ) ;
#1382 = ORIENTED_EDGE ( 'NONE', *, *, #2995, .T. ) ;
#1383 = CIRCLE ( 'NONE', #846, 5.000000000000000888 ) ;
#1384 = CARTESIAN_POINT ( 'NONE',  ( -16.59811073578330110, -6.131693537528450477, 39.35882444406044556 ) ) ;
#1385 = EDGE_CURVE ( 'NONE', #4, #2041, #4640, .T. ) ;
#1386 = CARTESIAN_POINT ( 'NONE',  ( -13.69814355459442901, 44.04166199049178942, 45.53486294410615898 ) ) ;
#1387 = ORIENTED_EDGE ( 'NONE', *, *, #4169, .F. ) ;
#1388 = DIRECTION ( 'NONE',  ( 1.000000000000000000, 0.000000000000000000, 0.000000000000000000 ) ) ;
#1389 = ORIENTED_EDGE ( 'NONE', *, *, #370, .F. ) ;
#1390 = CARTESIAN_POINT ( 'NONE',  ( -17.38181022598338998, 47.67368940888461992, 48.52880074288956536 ) ) ;
#1391 = ORIENTED_EDGE ( 'NONE', *, *, #61, .T. ) ;
#1392 = ORIENTED_EDGE ( 'NONE', *, *, #2947, .F. ) ;
#1393 = VECTOR ( 'NONE', #3305, 1000.000000000000000 ) ;
#1394 = DIRECTION ( 'NONE',  ( 1.000000000000000000, 0.000000000000000000, 0.000000000000000000 ) ) ;
#1395 = EDGE_CURVE ( 'NONE', #1670, #502, #908, .T. ) ;
#1396 = CARTESIAN_POINT ( 'NONE',  ( -47.31067912733778513, 10.14677752220611850, 45.87962764306679730 ) ) ;
#1397 = CARTESIAN_POINT ( 'NONE',  ( -50.40314478677177590, 13.11903176292420881, 49.96152882561443676 ) ) ;
#1398 = CIRCLE ( 'NONE', #4314, 1.000000000000000888 ) ;
#1399 = CARTESIAN_POINT ( 'NONE',  ( -49.77811073578330081, -3.131693537528430049, -17.67766952966370297 ) ) ;
#1400 = FACE_BOUND ( 'NONE', #4895, .T. ) ;
#1401 = CIRCLE ( 'NONE', #2116, 0.5000000000000004441 ) ;
#1402 = CARTESIAN_POINT ( 'NONE',  ( -17.76012034335319711, 44.02726112486993770, 49.00386918950010795 ) ) ;
#1403 = CARTESIAN_POINT ( 'NONE',  ( -17.55029288094124951, 9.930546563276779537, 47.35882438196049549 ) ) ;
#1404 = VERTEX_POINT ( 'NONE', #3729 ) ;
#1405 = CARTESIAN_POINT ( 'NONE',  ( -51.23122916787009729, 14.12513007473730120, 47.35882438196059496 ) ) ;
#1406 = CARTESIAN_POINT ( 'NONE',  ( -50.71600537235039496, 44.25044863637111092, 49.52724094881833850 ) ) ;
#1407 = DIRECTION ( 'NONE',  ( 0.000000000000000000, -1.000000000000000000, 0.000000000000000000 ) ) ;
#1408 = EDGE_CURVE ( 'NONE', #4857, #3352, #5193, .T. ) ;
#1409 = FACE_OUTER_BOUND ( 'NONE', #471, .T. ) ;
#1410 = DIRECTION ( 'NONE',  ( 0.000000000000000000, 1.000000000000000000, 0.000000000000000000 ) ) ;
#1411 = LINE ( 'NONE', #5172, #3845 ) ;
#1412 = ORIENTED_EDGE ( 'NONE', *, *, #2944, .T. ) ;
#1413 = B_SPLINE_CURVE_WITH_KNOTS ( 'NONE', 3,
 ( #1403, #227, #4841, #1429, #1071, #1491, #4402, #3916, #2651, #2329, #4009, #1041, #2678, #103, #4038, #138, #4340, #4461, #520, #1879, #976, #618, #1944, #191, #1816, #2302, #4433, #4365, #1907, #551, #5249, #2772, #3119, #3621, #1853, #3529, #4809, #1003, #2744, #2709, #3982, #2827, #3645, #724, #276, #1513, #3619, #4459, #4542, #2413, #3180, #5281, #2768, #4093, #1904, #644, #2353, #1068, #1122, #1993, #4869, #252, #1966, #5392, #3668, #4891, #1177, #1093, #1599, #2439, #189, #3205, #302, #1154, #5362, #1568 ),
 .UNSPECIFIED., .F., .F.,
 ( 4, 2, 2, 1, 1, 1, 2, 2, 2, 2, 2, 1, 2, 2, 2, 2, 2, 1, 1, 1, 2, 2, 2, 2, 2, 1, 1, 1, 1, 2, 2, 2, 2, 2, 1, 2, 2, 2, 2, 2, 1, 1, 2, 2, 4 ),
 ( 0.000000000000000000, 0.06249999999998252787, 0.09374999999997375710, 0.1093749999999694827, 0.1171874999999662076, 0.1210937499999644451, 0.1230468749999635569, 0.1249999999999626826, 0.1874999999999166223, 0.2187499999998943068, 0.2343749999998834543, 0.2421874999998772093, 0.2460937499998742950, 0.2499999999998714084, 0.3124999999998202549, 0.3437499999997943312, 0.3593749999997817857, 0.3671874999997750133, 0.3710937499997708500, 0.3730468749997692401, 0.3740234374997692401, 0.3749999999997692957, 0.4999999999996995736, 0.5624999999996647126, 0.5937499999996470601, 0.6093749999996379563, 0.6171874999996335154, 0.6210937499996316280, 0.6230468749996307398, 0.6240234374996305178, 0.6249999999996301847, 0.6874999999996777023, 0.7187499999997014610, 0.7343749999997126743, 0.7421874999997187805, 0.7460937499997224442, 0.7499999999997262190, 0.8124999999997803979, 0.8437499999998084865, 0.8593749999998236966, 0.8671874999998311351, 0.8710937499998350209, 0.8730468749998367972, 0.8749999999998385736, 1.000000000000000000 ),
 .UNSPECIFIED. ) ;
#1414 = EDGE_CURVE ( 'NONE', #632, #368, #289, .T. ) ;
#1415 = DIRECTION ( 'NONE',  ( 0.000000000000000000, 0.000000000000000000, -1.000000000000000000 ) ) ;
#1416 = CARTESIAN_POINT ( 'NONE',  ( -17.49768765182870212, 47.76558633659593767, 46.57629663273184661 ) ) ;
#1417 = ORIENTED_EDGE ( 'NONE', *, *, #2063, .T. ) ;
#1418 = CARTESIAN_POINT ( 'NONE',  ( -51.55297251268839887, 14.28573076751572124, 24.17766952966350047 ) ) ;
#1419 = ORIENTED_EDGE ( 'NONE', *, *, #1448, .F. ) ;
#1420 = CARTESIAN_POINT ( 'NONE',  ( -16.65225449476703545, 47.07132523215224751, 49.85214529500471770 ) ) ;
#1421 = ORIENTED_EDGE ( 'NONE', *, *, #532, .T. ) ;
#1422 = ORIENTED_EDGE ( 'NONE', *, *, #4780, .T. ) ;
#1423 = DIRECTION ( 'NONE',  ( 0.000000000000000000, 0.000000000000000000, 1.000000000000000000 ) ) ;
#1424 = CARTESIAN_POINT ( 'NONE',  ( -48.11742454511720979, 10.82384786183559378, 44.68737970698229134 ) ) ;
#1425 = CARTESIAN_POINT ( 'NONE',  ( -50.54542170217946762, 13.28423413929034425, 49.78854411283888481 ) ) ;
#1426 = DIRECTION ( 'NONE',  ( -1.000000000000000000, 0.000000000000000000, 0.000000000000000000 ) ) ;
#1427 = EDGE_CURVE ( 'NONE', #4707, #4947, #831, .T. ) ;
#1428 = CARTESIAN_POINT ( 'NONE',  ( -46.52256832987920632, 44.31421720347190529, 45.87540746989454732 ) ) ;
#1429 = CARTESIAN_POINT ( 'NONE',  ( -17.49552269122288806, 9.973194582962237931, 46.67707251219074749 ) ) ;
#1430 = CARTESIAN_POINT ( 'NONE',  ( -50.44639416986285596, 13.16894179393837661, 44.80519224514401344 ) ) ;
#1431 = EDGE_CURVE ( 'NONE', #907, #4073, #4940, .T. ) ;
#1432 = CARTESIAN_POINT ( 'NONE',  ( -51.18854372978219658, 43.66630102928643709, 48.04087211056366158 ) ) ;
#1433 = DIRECTION ( 'NONE',  ( 0.7071067811865475727, 0.7071067811865475727, 0.000000000000000000 ) ) ;
#1434 = CARTESIAN_POINT ( 'NONE',  ( -11.66967373936739172, 14.18286454354639226, 23.92343239016550882 ) ) ;
#1435 = CARTESIAN_POINT ( 'NONE',  ( -55.51801538049547702, 20.86398832782962032, 34.96548202512147441 ) ) ;
#1436 = DIRECTION ( 'NONE',  ( 1.000000000000000000, 0.000000000000000000, 0.000000000000000000 ) ) ;
#1437 = VERTEX_POINT ( 'NONE', #4195 ) ;
#1438 = EDGE_CURVE ( 'NONE', #3146, #3951, #5058, .T. ) ;
#1439 = EDGE_LOOP ( 'NONE', ( #4932, #3016, #2339, #4270 ) ) ;
#1440 = EDGE_LOOP ( 'NONE', ( #521, #1834, #3708, #3736 ) ) ;
#1441 = LINE ( 'NONE', #1923, #3348 ) ;
#1442 = CARTESIAN_POINT ( 'NONE',  ( -14.43928110444999646, 44.90647502482354270, 44.52004981745074019 ) ) ;
#1443 = ORIENTED_EDGE ( 'NONE', *, *, #3145, .T. ) ;
#1444 = CARTESIAN_POINT ( 'NONE',  ( -14.42277167645602098, -3.131693537528430049, 17.67766952966370297 ) ) ;
#1445 = ORIENTED_EDGE ( 'NONE', *, *, #4675, .T. ) ;
#1446 = EDGE_CURVE ( 'NONE', #5233, #1720, #1358, .T. ) ;
#1447 = DIRECTION ( 'NONE',  ( -0.01918471725807085332, 0.000000000000000000, 0.9998159563758360902 ) ) ;
#1448 = EDGE_CURVE ( 'NONE', #4704, #3062, #4619, .T. ) ;
#1449 = ORIENTED_EDGE ( 'NONE', *, *, #1671, .T. ) ;
#1450 = DIRECTION ( 'NONE',  ( 0.000000000000000000, -1.000000000000000000, 0.000000000000000000 ) ) ;
#1451 = CARTESIAN_POINT ( 'NONE',  ( -47.72814702253275243, 10.48976853258004027, 45.11642947069428544 ) ) ;
#1452 = CARTESIAN_POINT ( 'NONE',  ( -50.40990848291373538, 13.12681252839206181, 49.95404627191499713 ) ) ;
#1453 = DIRECTION ( 'NONE',  ( -0.7071067811865470176, -0.7071067811865480168, 0.000000000000000000 ) ) ;
#1454 = CARTESIAN_POINT ( 'NONE',  ( -20.59103487257284115, 50.11429676277848699, 35.36827495215933936 ) ) ;
#1455 = AXIS2_PLACEMENT_3D ( 'NONE', #2418, #3185, #4010 ) ;
#1456 = CARTESIAN_POINT ( 'NONE',  ( -47.91553201240928672, 42.90245498154708059, 46.07760115032776582 ) ) ;
#1457 = VECTOR ( 'NONE', #2101, 1000.000000000000000 ) ;
#1458 = DIRECTION ( 'NONE',  ( 0.000000000000000000, 0.000000000000000000, 1.000000000000000000 ) ) ;
#1459 = ORIENTED_EDGE ( 'NONE', *, *, #1877, .F. ) ;
#1460 = CARTESIAN_POINT ( 'NONE',  ( -50.94074066109708809, 13.75959092762975722, 45.66937419695508282 ) ) ;
#1461 = CARTESIAN_POINT ( 'NONE',  ( -51.06441146613496329, 43.82339231072315044, 48.67395267939612324 ) ) ;
#1462 = ORIENTED_EDGE ( 'NONE', *, *, #1607, .F. ) ;
#1463 = DIRECTION ( 'NONE',  ( 0.000000000000000000, 0.000000000000000000, -1.000000000000000000 ) ) ;
#1464 = DIRECTION ( 'NONE',  ( 0.000000000000000000, -1.000000000000000000, 0.000000000000000000 ) ) ;
#1465 = ADVANCED_FACE ( 'NONE', ( #4639 ), #5161, .F. ) ;
#1466 = CARTESIAN_POINT ( 'NONE',  ( -32.10044120611970442, -6.131693537528450477, 0.000000000000000000 ) ) ;
#1467 = AXIS2_PLACEMENT_3D ( 'NONE', #3331, #3378, #4662 ) ;
#1468 = VECTOR ( 'NONE', #288, 999.9999999999998863 ) ;
#1469 = CARTESIAN_POINT ( 'NONE',  ( -56.02918521599912793, 36.95782031794521316, 34.58454221802175255 ) ) ;
#1470 = ORIENTED_EDGE ( 'NONE', *, *, #1744, .T. ) ;
#1471 = ORIENTED_EDGE ( 'NONE', *, *, #1980, .T. ) ;
#1472 = LINE ( 'NONE', #5174, #3709 ) ;
#1473 = CIRCLE ( 'NONE', #920, 12.00000000000000000 ) ;
#1474 = DIRECTION ( 'NONE',  ( 1.000000000000000000, 0.000000000000000000, 0.000000000000000000 ) ) ;
#1475 = ORIENTED_EDGE ( 'NONE', *, *, #2212, .T. ) ;
#1476 = DIRECTION ( 'NONE',  ( 0.000000000000000000, 1.000000000000000000, 0.000000000000000000 ) ) ;
#1477 = VECTOR ( 'NONE', #2568, 1000.000000000000000 ) ;
#1478 = ORIENTED_EDGE ( 'NONE', *, *, #2075, .F. ) ;
#1479 = AXIS2_PLACEMENT_3D ( 'NONE', #2572, #3922, #1346 ) ;
#1480 = FACE_OUTER_BOUND ( 'NONE', #966, .T. ) ;
#1481 = VERTEX_POINT ( 'NONE', #5221 ) ;
#1482 = CARTESIAN_POINT ( 'NONE',  ( -54.77941434454230318, 20.47889205832854742, 39.85882444406045266 ) ) ;
#1483 = EDGE_CURVE ( 'NONE', #4349, #3545, #581, .T. ) ;
#1484 = CARTESIAN_POINT ( 'NONE',  ( -48.26717655719324540, 15.23570280080240558, 46.91318177113723209 ) ) ;
#1485 = CARTESIAN_POINT ( 'NONE',  ( -50.68419798879181570, 13.44815714083981462, 49.58113865674683041 ) ) ;
#1486 = LINE ( 'NONE', #4457, #2603 ) ;
#1487 = FACE_OUTER_BOUND ( 'NONE', #2694, .T. ) ;
#1488 = DIRECTION ( 'NONE',  ( 0.000000000000000000, -1.000000000000000000, 0.000000000000000000 ) ) ;
#1489 = CIRCLE ( 'NONE', #1223, 1.000000000000000888 ) ;
#1490 = LINE ( 'NONE', #1943, #3327 ) ;
#1491 = CARTESIAN_POINT ( 'NONE',  ( -17.44582505126988536, 10.01228532413643002, 46.43042130135749090 ) ) ;
#1492 = ORIENTED_EDGE ( 'NONE', *, *, #5487, .T. ) ;
#1493 = CARTESIAN_POINT ( 'NONE',  ( 5.531971664721659465, -6.131693537528450477, 17.49432769552850075 ) ) ;
#1494 = VERTEX_POINT ( 'NONE', #1811 ) ;
#1495 = CARTESIAN_POINT ( 'NONE',  ( -12.64790989955100109, 14.28573076751572124, 24.17766952966350047 ) ) ;
#1496 = CARTESIAN_POINT ( 'NONE',  ( -49.77811073578359924, -2.931693537528434756, 12.17766952966349869 ) ) ;
#1497 = CARTESIAN_POINT ( 'NONE',  ( -17.32882725246308198, 10.10505932966664844, 48.69484867937933359 ) ) ;
#1498 = ORIENTED_EDGE ( 'NONE', *, *, #1843, .T. ) ;
#1499 = EDGE_LOOP ( 'NONE', ( #2890, #3278, #1171, #600 ) ) ;
#1500 = EDGE_CURVE ( 'NONE', #4686, #4416, #2794, .T. ) ;
#1501 = CARTESIAN_POINT ( 'NONE',  ( -21.38018027042864944, 49.11429676277849410, 36.35882444406045266 ) ) ;
#1502 = CARTESIAN_POINT ( 'NONE',  ( -49.77811073578330081, -5.931693537528449411, -17.67766952966370297 ) ) ;
#1503 = ORIENTED_EDGE ( 'NONE', *, *, #610, .T. ) ;
#1504 = CARTESIAN_POINT ( 'NONE',  ( -21.38018027042864944, 49.11429676277849410, -6.042575751263660422 ) ) ;
#1505 = ORIENTED_EDGE ( 'NONE', *, *, #2690, .T. ) ;
#1506 = CARTESIAN_POINT ( 'NONE',  ( -16.24452493214544901, 46.71295319735333607, 50.20490038137140942 ) ) ;
#1507 = ORIENTED_EDGE ( 'NONE', *, *, #544, .F. ) ;
#1508 = PLANE ( 'NONE',  #4067 ) ;
#1509 = CARTESIAN_POINT ( 'NONE',  ( -48.06766450292657566, 15.00545462343721148, 46.32188052298255343 ) ) ;
#1510 = DIRECTION ( 'NONE',  ( 0.000000000000000000, -1.000000000000000000, 0.000000000000000000 ) ) ;
#1511 = CARTESIAN_POINT ( 'NONE',  ( -11.32909421774971825, 14.09973489411209968, 23.68124034523389909 ) ) ;
#1512 = LINE ( 'NONE', #3618, #1733 ) ;
#1513 = CARTESIAN_POINT ( 'NONE',  ( -14.54805417817729030, 12.70970591870441524, 44.44348732454157158 ) ) ;
#1514 = CARTESIAN_POINT ( 'NONE',  ( -47.30126653356487054, 43.55901444592834082, 45.65863939252185588 ) ) ;
#1515 = DIRECTION ( 'NONE',  ( 0.000000000000000000, 1.000000000000000000, 0.000000000000000000 ) ) ;
#1516 = VERTEX_POINT ( 'NONE', #1361 ) ;
#1517 = CARTESIAN_POINT ( 'NONE',  ( -22.79346926866904965, 49.11429676277849410, 27.17766952966350047 ) ) ;
#1518 = MANIFOLD_SOLID_BREP ( 'NONE', #4751 ) ;
#1519 = ORIENTED_EDGE ( 'NONE', *, *, #1936, .F. ) ;
#1520 = LINE ( 'NONE', #2717, #5376 ) ;
#1521 = CARTESIAN_POINT ( 'NONE',  ( -56.17513420712153760, 20.75467034695295965, 34.51620720713989243 ) ) ;
#1522 = CARTESIAN_POINT ( 'NONE',  ( -17.36621260977065617, 10.07530157071762744, 48.58013494766723284 ) ) ;
#1523 = VERTEX_POINT ( 'NONE', #999 ) ;
#1524 = VERTEX_POINT ( 'NONE', #1314 ) ;
#1525 = CARTESIAN_POINT ( 'NONE',  ( -42.29346926866904965, 47.90117277314159594, 54.85882444406049530 ) ) ;
#1526 = CARTESIAN_POINT ( 'NONE',  ( -17.55029288094116779, 47.80606636166636036, 46.97629084599030591 ) ) ;
#1527 = ORIENTED_EDGE ( 'NONE', *, *, #1715, .F. ) ;
#1528 = DIRECTION ( 'NONE',  ( 0.000000000000000000, 0.000000000000000000, 1.000000000000000000 ) ) ;
#1529 = EDGE_LOOP ( 'NONE', ( #621, #357, #1106, #2919 ) ) ;
#1530 = CARTESIAN_POINT ( 'NONE',  ( -14.41025026951178667, 44.87446461513170703, 50.17691910402205480 ) ) ;
#1531 = DIRECTION ( 'NONE',  ( 0.000000000000000000, 0.000000000000000000, -1.000000000000000000 ) ) ;
#1532 = DIRECTION ( 'NONE',  ( 0.000000000000000000, 0.000000000000000000, -1.000000000000000000 ) ) ;
#1533 = EDGE_CURVE ( 'NONE', #2430, #3545, #5078, .T. ) ;
#1534 = DIRECTION ( 'NONE',  ( 0.000000000000000000, 0.000000000000000000, -1.000000000000000000 ) ) ;
#1535 = CARTESIAN_POINT ( 'NONE',  ( -10.23853044779569466, 13.86830646247151577, 22.68979785039460850 ) ) ;
#1536 = CARTESIAN_POINT ( 'NONE',  ( -17.30654509596429946, 50.11429676277849410, 34.35882444406045266 ) ) ;
#1537 = PLANE ( 'NONE',  #318 ) ;
#1538 = ADVANCED_FACE ( 'NONE', ( #4778 ), #2163, .F. ) ;
#1539 = CARTESIAN_POINT ( 'NONE',  ( -47.85714164436189577, 42.96726262450513190, 46.00583004254041697 ) ) ;
#1540 = CARTESIAN_POINT ( 'NONE',  ( -14.42277167645590019, -3.131693537528430049, -20.97766952966359710 ) ) ;
#1541 = ORIENTED_EDGE ( 'NONE', *, *, #3229, .F. ) ;
#1542 = CYLINDRICAL_SURFACE ( 'NONE', #4995, 23.99999999998344791 ) ;
#1543 = ORIENTED_EDGE ( 'NONE', *, *, #544, .T. ) ;
#1544 = ADVANCED_FACE ( 'NONE', ( #2617, #3434, #4362, #911, #2703, #2586 ), #42, .T. ) ;
#1545 = CIRCLE ( 'NONE', #4278, 26.00000000000344613 ) ;
#1546 = DIRECTION ( 'NONE',  ( 0.000000000000000000, -1.000000000000000000, 0.000000000000000000 ) ) ;
#1547 = EDGE_CURVE ( 'NONE', #632, #1666, #2260, .T. ) ;
#1548 = CARTESIAN_POINT ( 'NONE',  ( -55.71557757055911964, 20.83101547881713245, 34.78206616014196584 ) ) ;
#1549 = CARTESIAN_POINT ( 'NONE',  ( -14.49329304871519142, 12.77005053746030150, 50.23722211399754656 ) ) ;
#1550 = EDGE_LOOP ( 'NONE', ( #4287, #3906, #209, #1357 ) ) ;
#1551 = AXIS2_PLACEMENT_3D ( 'NONE', #221, #1121, #3260 ) ;
#1552 = VERTEX_POINT ( 'NONE', #4714 ) ;
#1553 = DIRECTION ( 'NONE',  ( 0.000000000000000000, 0.000000000000000000, -1.000000000000000000 ) ) ;
#1554 = VECTOR ( 'NONE', #5399, 1000.000000000000000 ) ;
#1555 = AXIS2_PLACEMENT_3D ( 'NONE', #4590, #1228, #775 ) ;
#1556 = LINE ( 'NONE', #631, #4920 ) ;
#1557 = EDGE_LOOP ( 'NONE', ( #4161, #5124, #5013, #1945 ) ) ;
#1558 = CARTESIAN_POINT ( 'NONE',  ( -47.10906983908891732, 47.74957149924262723, 46.57789012772631310 ) ) ;
#1559 = EDGE_LOOP ( 'NONE', ( #447, #1143 ) ) ;
#1560 = CARTESIAN_POINT ( 'NONE',  ( -13.59909441364165517, 43.91944850015907065, 48.92203504252027102 ) ) ;
#1561 = EDGE_CURVE ( 'NONE', #1863, #3951, #4395, .T. ) ;
#1562 = CARTESIAN_POINT ( 'NONE',  ( -39.79346926866904965, 16.86830646247155130, 37.85882444406049530 ) ) ;
#1563 = DIRECTION ( 'NONE',  ( -0.7071067811865475727, -0.7071067811865475727, 0.000000000000000000 ) ) ;
#1564 = AXIS2_PLACEMENT_3D ( 'NONE', #4882, #696, #2040 ) ;
#1565 = VECTOR ( 'NONE', #3465, 1000.000000000000000 ) ;
#1566 = LINE ( 'NONE', #5389, #4827 ) ;
#1567 = CARTESIAN_POINT ( 'NONE',  ( -20.79346926866904965, 10.76443947225271991, 37.85882444406049530 ) ) ;
#1568 = CARTESIAN_POINT ( 'NONE',  ( -13.35570936947424059, 14.12513007474380089, 47.35882438196049549 ) ) ;
#1569 = EDGE_CURVE ( 'NONE', #5351, #3993, #454, .T. ) ;
#1570 = CIRCLE ( 'NONE', #4300, 3.300000000000000711 ) ;
#1571 = AXIS2_PLACEMENT_3D ( 'NONE', #4622, #3207, #678 ) ;
#1572 = CARTESIAN_POINT ( 'NONE',  ( -59.59811073578330110, 40.11429676277850120, 34.35882444406045266 ) ) ;
#1573 = DIRECTION ( 'NONE',  ( 0.000000000000000000, 0.000000000000000000, 1.000000000000000000 ) ) ;
#1574 = DIRECTION ( 'NONE',  ( 0.000000000000000000, 0.000000000000000000, 1.000000000000000000 ) ) ;
#1575 = AXIS2_PLACEMENT_3D ( 'NONE', #2406, #4860, #1060 ) ;
#1576 = FACE_BOUND ( 'NONE', #1052, .T. ) ;
#1577 = CARTESIAN_POINT ( 'NONE',  ( -55.53049017726596759, 36.87471815025258337, 34.95274940325033697 ) ) ;
#1578 = ORIENTED_EDGE ( 'NONE', *, *, #2431, .T. ) ;
#1579 = AXIS2_PLACEMENT_3D ( 'NONE', #3562, #4408, #3066 ) ;
#1580 = LINE ( 'NONE', #2910, #3692 ) ;
#1581 = CARTESIAN_POINT ( 'NONE',  ( -48.26796624078022546, 42.49999488934594893, 47.80191440243891066 ) ) ;
#1582 = CARTESIAN_POINT ( 'NONE',  ( -17.55029288094128503, 9.930546563276770655, 47.74167488786932978 ) ) ;
#1583 = CIRCLE ( 'NONE', #2828, 3.499999999999999556 ) ;
#1584 = ORIENTED_EDGE ( 'NONE', *, *, #4370, .F. ) ;
#1585 = ORIENTED_EDGE ( 'NONE', *, *, #439, .T. ) ;
#1586 = EDGE_CURVE ( 'NONE', #2280, #1752, #1635, .T. ) ;
#1587 = LINE ( 'NONE', #2842, #693 ) ;
#1588 = AXIS2_PLACEMENT_3D ( 'NONE', #1062, #4862, #4453 ) ;
#1589 = DIRECTION ( 'NONE',  ( 0.000000000000000000, -1.000000000000000000, 0.000000000000000000 ) ) ;
#1590 = ORIENTED_EDGE ( 'NONE', *, *, #4019, .F. ) ;
#1591 = CARTESIAN_POINT ( 'NONE',  ( -47.09148163204588400, 47.76336701099045712, 46.67666699546203546 ) ) ;
#1592 = ORIENTED_EDGE ( 'NONE', *, *, #3333, .T. ) ;
#1593 = EDGE_CURVE ( 'NONE', #4873, #3717, #2704, .T. ) ;
#1594 = CARTESIAN_POINT ( 'NONE',  ( -14.15351435243922396, 44.58273270674261113, 49.92787104803396403 ) ) ;
#1595 = ADVANCED_FACE ( 'NONE', ( #3666 ), #4032, .F. ) ;
#1596 = CARTESIAN_POINT ( 'NONE',  ( -12.57812370211967945, 13.86830646247156018, -45.00000458198000075 ) ) ;
#1597 = DIRECTION ( 'NONE',  ( -0.4744908260122116528, 0.8802604478393023513, 0.000000000000000000 ) ) ;
#1598 = CARTESIAN_POINT ( 'NONE',  ( -14.01516824126129279, 13.31501566381099089, 49.75415587288456010 ) ) ;
#1599 = CARTESIAN_POINT ( 'NONE',  ( -13.50464780508263374, 13.93575565266471195, 46.12070224108788352 ) ) ;
#1600 = DIRECTION ( 'NONE',  ( 0.9998159563758362012, 0.000000000000000000, 0.01918471725807160619 ) ) ;
#1601 = DIRECTION ( 'NONE',  ( 0.000000000000000000, 0.000000000000000000, 1.000000000000000000 ) ) ;
#1602 = DIRECTION ( 'NONE',  ( 0.000000000000000000, 0.000000000000000000, -1.000000000000000000 ) ) ;
#1603 = CARTESIAN_POINT ( 'NONE',  ( -20.29346926866904965, 11.02874368756156009, 54.85882444406049530 ) ) ;
#1604 = ORIENTED_EDGE ( 'NONE', *, *, #28, .T. ) ;
#1605 = LINE ( 'NONE', #335, #3774 ) ;
#1606 = CARTESIAN_POINT ( 'NONE',  ( -46.05609398529936982, 44.73013603207910904, 48.21754604476362260 ) ) ;
#1607 = EDGE_CURVE ( 'NONE', #1731, #5209, #4481, .T. ) ;
#1608 = CARTESIAN_POINT ( 'NONE',  ( -16.28631010475089269, 10.98598302855564945, 50.17763602088472652 ) ) ;
#1609 = ORIENTED_EDGE ( 'NONE', *, *, #847, .F. ) ;
#1610 = FACE_OUTER_BOUND ( 'NONE', #3214, .T. ) ;
#1611 = CARTESIAN_POINT ( 'NONE',  ( -44.79346926866904965, 9.954375923019689765, 27.17766952966350047 ) ) ;
#1612 = EDGE_CURVE ( 'NONE', #395, #5145, #2766, .T. ) ;
#1613 = ORIENTED_EDGE ( 'NONE', *, *, #3587, .T. ) ;
#1614 = CARTESIAN_POINT ( 'NONE',  ( -49.39587305340224788, 45.70703347923586790, 44.20879530903219745 ) ) ;
#1615 = ORIENTED_EDGE ( 'NONE', *, *, #2993, .F. ) ;
#1616 = APPLICATION_PROTOCOL_DEFINITION ( 'draft international standard', 'automotive_design', 1998, #867 ) ;
#1617 = EDGE_CURVE ( 'NONE', #4851, #5429, #5355, .T. ) ;
#1618 = FACE_OUTER_BOUND ( 'NONE', #93, .T. ) ;
#1619 = CARTESIAN_POINT ( 'NONE',  ( -17.55029288094124951, 9.930546563276779537, 47.35882438196049549 ) ) ;
#1620 = CARTESIAN_POINT ( 'NONE',  ( -13.56700187107865929, 13.85688106588782986, 48.83419871099214760 ) ) ;
#1621 = DIRECTION ( 'NONE',  ( 0.000000000000000000, 1.000000000000000000, 0.000000000000000000 ) ) ;
#1622 = LINE ( 'NONE', #5437, #1845 ) ;
#1623 = LINE ( 'NONE', #1970, #3330 ) ;
#1624 = CARTESIAN_POINT ( 'NONE',  ( -21.20627118792999966, 50.11429676277849410, 36.11288109117270295 ) ) ;
#1625 = DIRECTION ( 'NONE',  ( -1.000000000000000000, 0.000000000000000000, 0.000000000000000000 ) ) ;
#1626 = ORIENTED_EDGE ( 'NONE', *, *, #4679, .T. ) ;
#1627 = LINE ( 'NONE', #1133, #3499 ) ;
#1628 = CARTESIAN_POINT ( 'NONE',  ( -12.57812370211967945, 13.86830646247156018, 22.17766952966350047 ) ) ;
#1629 = DIRECTION ( 'NONE',  ( 0.000000000000000000, 0.000000000000000000, 1.000000000000000000 ) ) ;
#1630 = ORIENTED_EDGE ( 'NONE', *, *, #3664, .T. ) ;
#1631 = CIRCLE ( 'NONE', #3833, 10.00000000000000000 ) ;
#1632 = EDGE_CURVE ( 'NONE', #3992, #4437, #2825, .T. ) ;
#1633 = DIRECTION ( 'NONE',  ( 0.000000000000000000, 0.000000000000000000, -1.000000000000000000 ) ) ;
#1634 = LINE ( 'NONE', #4628, #5276 ) ;
#1635 = CIRCLE ( 'NONE', #3473, 5.500000000000000000 ) ;
#1636 = ORIENTED_EDGE ( 'NONE', *, *, #3224, .T. ) ;
#1637 = CARTESIAN_POINT ( 'NONE',  ( -49.73465459833512625, 45.35489505026005475, 44.29002297452449710 ) ) ;
#1638 = EDGE_LOOP ( 'NONE', ( #1387, #3038, #3478, #4845, #5170 ) ) ;
#1639 =( NAMED_UNIT ( * ) SI_UNIT ( $, .STERADIAN. ) SOLID_ANGLE_UNIT ( ) );
#1640 = LINE ( 'NONE', #3743, #5361 ) ;
#1641 = CARTESIAN_POINT ( 'NONE',  ( -44.55453745228133045, 50.11429676277849410, 35.00248227767055198 ) ) ;
#1642 = VECTOR ( 'NONE', #1676, 1000.000000000000000 ) ;
#1643 = CARTESIAN_POINT ( 'NONE',  ( -13.87764375281502716, 13.47813361941711463, 49.53883409705523633 ) ) ;
#1644 = CIRCLE ( 'NONE', #4734, 3.300000000000000711 ) ;
#1645 = CARTESIAN_POINT ( 'NONE',  ( -13.09552015946599823, 14.12513007474380089, 47.35882438196049549 ) ) ;
#1646 = EDGE_CURVE ( 'NONE', #3469, #2428, #825, .T. ) ;
#1647 = FACE_OUTER_BOUND ( 'NONE', #268, .T. ) ;
#1648 = CIRCLE ( 'NONE', #5447, 1.000000000000000888 ) ;
#1649 = CIRCLE ( 'NONE', #1293, 5.000000000000000888 ) ;
#1650 = CARTESIAN_POINT ( 'NONE',  ( -47.84681907249375854, 10.59005546372394591, 49.75422583658446740 ) ) ;
#1651 = CARTESIAN_POINT ( 'NONE',  ( -18.56433812450854859, 12.97765638735037896, 46.60637532623596258 ) ) ;
#1652 = DIRECTION ( 'NONE',  ( -2.775557561562889810E-17, 1.000000000000000000, 0.000000000000000000 ) ) ;
#1653 = VECTOR ( 'NONE', #1341, 1000.000000000000000 ) ;
#1654 = VECTOR ( 'NONE', #1009, 1000.000000000000000 ) ;
#1655 = VERTEX_POINT ( 'NONE', #4540 ) ;
#1656 = DIRECTION ( 'NONE',  ( 1.000000000000000000, 0.000000000000000000, 0.000000000000000000 ) ) ;
#1657 = LINE ( 'NONE', #4575, #3942 ) ;
#1658 = CARTESIAN_POINT ( 'NONE',  ( -4.542357293031770382, 3.868306462471565066, 21.27206602578905148 ) ) ;
#1659 = ORIENTED_EDGE ( 'NONE', *, *, #734, .T. ) ;
#1660 = CARTESIAN_POINT ( 'NONE',  ( -50.41606291861707234, 44.60271406517519210, 49.94717704796278213 ) ) ;
#1661 = CARTESIAN_POINT ( 'NONE',  ( -49.77811073578330081, -6.131693537528450477, -17.67766952966370297 ) ) ;
#1662 = VECTOR ( 'NONE', #1031, 1000.000000000000000 ) ;
#1663 = ORIENTED_EDGE ( 'NONE', *, *, #4723, .F. ) ;
#1664 = CARTESIAN_POINT ( 'NONE',  ( -50.41113507481225753, 44.60838863487249739, 44.76496669412690466 ) ) ;
#1665 = ADVANCED_FACE ( 'NONE', ( #4919 ), #2325, .T. ) ;
#1666 = VERTEX_POINT ( 'NONE', #4484 ) ;
#1667 = CARTESIAN_POINT ( 'NONE',  ( -18.53084455204374592, 13.00647689287197650, 48.21754604468456762 ) ) ;
#1668 = VECTOR ( 'NONE', #2755, 1000.000000000000000 ) ;
#1669 = CARTESIAN_POINT ( 'NONE',  ( -13.35570936947421572, 43.61148285019938697, 47.16744897754965393 ) ) ;
#1670 = VERTEX_POINT ( 'NONE', #4114 ) ;
#1671 = EDGE_CURVE ( 'NONE', #292, #3655, #11, .T. ) ;
#1672 = DIRECTION ( 'NONE',  ( 1.779475701493054895E-11, -1.000000000000000000, 0.000000000000000000 ) ) ;
#1673 = DIRECTION ( 'NONE',  ( 0.000000000000000000, 0.000000000000000000, 1.000000000000000000 ) ) ;
#1674 = PLANE ( 'NONE',  #236 ) ;
#1675 = EDGE_LOOP ( 'NONE', ( #4781, #5163, #3079, #902, #2608, #3092, #3622 ) ) ;
#1676 = DIRECTION ( 'NONE',  ( 0.000000000000000000, 1.000000000000000000, 0.000000000000000000 ) ) ;
#1677 = CARTESIAN_POINT ( 'NONE',  ( -16.29088099257809930, 15.26988124241490041, 47.35882438196049549 ) ) ;
#1678 = ADVANCED_FACE ( 'NONE', ( #671 ), #1906, .F. ) ;
#1679 = CARTESIAN_POINT ( 'NONE',  ( -14.42277167645590019, -3.131693537528430049, -17.67766952966359995 ) ) ;
#1680 = DIRECTION ( 'NONE',  ( 0.000000000000000000, 0.000000000000000000, 1.000000000000000000 ) ) ;
#1681 = DIRECTION ( 'NONE',  ( 0.000000000000000000, 1.000000000000000000, 0.000000000000000000 ) ) ;
#1682 = LINE ( 'NONE', #3368, #4219 ) ;
#1683 = CARTESIAN_POINT ( 'NONE',  ( -23.29346926866904965, 14.36830646247156018, 27.17766952966350047 ) ) ;
#1684 = CARTESIAN_POINT ( 'NONE',  ( -45.94921661129509971, 9.132031116956278893, -6.042575751263660422 ) ) ;
#1685 = CARTESIAN_POINT ( 'NONE',  ( -50.13770582242920426, 44.91770674986333489, 50.20520960472097727 ) ) ;
#1686 = FACE_OUTER_BOUND ( 'NONE', #1947, .T. ) ;
#1687 = CARTESIAN_POINT ( 'NONE',  ( -50.33778820876641902, 44.69242108371216204, 44.68724003951278689 ) ) ;
#1688 = VERTEX_POINT ( 'NONE', #2738 ) ;
#1689 = CARTESIAN_POINT ( 'NONE',  ( -16.31897229649894854, 15.23661803567996209, 47.80191440228507105 ) ) ;
#1690 = CARTESIAN_POINT ( 'NONE',  ( -13.47930665772288350, 43.76889034210915952, 46.22661155785399245 ) ) ;
#1691 = DIRECTION ( 'NONE',  ( 0.000000000000000000, 0.000000000000000000, -1.000000000000000000 ) ) ;
#1692 = CARTESIAN_POINT ( 'NONE',  ( -17.55029288094124951, 11.72096701870954050, 47.35882438196049549 ) ) ;
#1693 = CARTESIAN_POINT ( 'NONE',  ( -49.77811073578359924, -2.931693537528434756, 17.67766952966350047 ) ) ;
#1694 = ORIENTED_EDGE ( 'NONE', *, *, #4971, .F. ) ;
#1695 = CARTESIAN_POINT ( 'NONE',  ( -48.02447549491328260, 10.74276088441426857, 49.94386279773143400 ) ) ;
#1696 = CARTESIAN_POINT ( 'NONE',  ( -16.67140652495342223, 14.83415794338245242, 46.07760115029515902 ) ) ;
#1697 = DIRECTION ( 'NONE',  ( 0.000000000000000000, 1.000000000000000000, 0.000000000000000000 ) ) ;
#1698 = EDGE_CURVE ( 'NONE', #1234, #1748, #1486, .T. ) ;
#1699 = CARTESIAN_POINT ( 'NONE',  ( -48.00705604593444065, 10.72762521162862903, 44.79062228661104683 ) ) ;
#1700 = DIRECTION ( 'NONE',  ( -0.7071067811865475727, 0.7071067811865475727, 0.000000000000000000 ) ) ;
#1701 = FACE_OUTER_BOUND ( 'NONE', #994, .T. ) ;
#1702 = DIRECTION ( 'NONE',  ( 0.7071067811865474617, -0.7071067811865474617, 0.000000000000000000 ) ) ;
#1703 = CARTESIAN_POINT ( 'NONE',  ( -46.77004377983521977, 8.954375923019691541, 34.91136009790112382 ) ) ;
#1704 = CARTESIAN_POINT ( 'NONE',  ( -50.44782037194230639, 44.56602233139545177, 49.91078656730793028 ) ) ;
#1705 = ADVANCED_FACE ( 'NONE', ( #642 ), #274, .T. ) ;
#1706 = CARTESIAN_POINT ( 'NONE',  ( -21.79346926866904965, 48.20092139164069778, 89.74078634214809824 ) ) ;
#1707 = CARTESIAN_POINT ( 'NONE',  ( -12.64790989955100109, 14.28573076751572124, 24.17766952966350047 ) ) ;
#1708 = CARTESIAN_POINT ( 'NONE',  ( -47.95889989172938073, 47.05049912380511756, 44.83999079373585062 ) ) ;
#1709 = ORIENTED_EDGE ( 'NONE', *, *, #1030, .T. ) ;
#1710 = VECTOR ( 'NONE', #5368, 1000.000000000000000 ) ;
#1711 = CARTESIAN_POINT ( 'NONE',  ( -59.59811073578330110, -1.131693537528442040, 29.35882444406044911 ) ) ;
#1712 = ORIENTED_EDGE ( 'NONE', *, *, #725, .F. ) ;
#1713 = CARTESIAN_POINT ( 'NONE',  ( -45.92124885738184759, 50.11429676277849410, 34.50457706003035696 ) ) ;
#1714 = ORIENTED_EDGE ( 'NONE', *, *, #367, .F. ) ;
#1715 = EDGE_CURVE ( 'NONE', #1688, #654, #3552, .T. ) ;
#1716 = CIRCLE ( 'NONE', #4822, 1.000000000000000888 ) ;
#1717 = CARTESIAN_POINT ( 'NONE',  ( -3.536079629456974960, -6.131693537528450477, 13.27882704600354025 ) ) ;
#1718 = DIRECTION ( 'NONE',  ( 0.000000000000000000, 1.000000000000000000, 0.000000000000000000 ) ) ;
#1719 = VECTOR ( 'NONE', #5410, 1000.000000000000000 ) ;
#1720 = VERTEX_POINT ( 'NONE', #5310 ) ;
#1721 = AXIS2_PLACEMENT_3D ( 'NONE', #4970, #1168, #2341 ) ;
#1722 = DIRECTION ( 'NONE',  ( 1.000000000000000000, 2.775557561562889810E-17, 0.000000000000000000 ) ) ;
#1723 = CARTESIAN_POINT ( 'NONE',  ( -17.76067922712687164, 13.70778429730019532, 45.70236405456459750 ) ) ;
#1724 = CARTESIAN_POINT ( 'NONE',  ( -45.71119993063365428, 8.954375923019691541, 35.90011658868903055 ) ) ;
#1725 = EDGE_CURVE ( 'NONE', #4720, #739, #2351, .T. ) ;
#1726 = CIRCLE ( 'NONE', #2812, 5.499999999999998224 ) ;
#1727 = CARTESIAN_POINT ( 'NONE',  ( -18.69504404861235258, 44.87089473856244837, 47.35882438196049549 ) ) ;
#1728 = DIRECTION ( 'NONE',  ( 1.000000000000000000, 7.320533068622119880E-13, 0.000000000000000000 ) ) ;
#1729 = CIRCLE ( 'NONE', #129, 21.00000000000000000 ) ;
#1730 = LINE ( 'NONE', #437, #372 ) ;
#1731 = VERTEX_POINT ( 'NONE', #1511 ) ;
#1732 = CARTESIAN_POINT ( 'NONE',  ( -47.46225606337356595, 47.46759409319207634, 49.18154411701770101 ) ) ;
#1733 = VECTOR ( 'NONE', #5246, 1000.000000000000000 ) ;
#1734 = DIRECTION ( 'NONE',  ( 1.000000000000000000, 0.000000000000000000, 0.000000000000000000 ) ) ;
#1735 = CARTESIAN_POINT ( 'NONE',  ( -48.29601035465968550, 15.26982570923000893, 47.58440980082608718 ) ) ;
#1736 = CARTESIAN_POINT ( 'NONE',  ( -15.32290652020355104, 45.83886921093699840, 47.35882438196059496 ) ) ;
#1737 = B_SPLINE_CURVE_WITH_KNOTS ( 'NONE', 3,
 ( #1208, #3752, #4620, #1181, #2879, #4176, #333, #1160, #4569, #5258, #2051, #1577, #3600, #4441, #4600, #4151, #3161, #1469, #2752, #3730, #1887, #3990, #4850, #4015, #1049, #2027, #201, #308, #3707 ),
 .UNSPECIFIED., .F., .F.,
 ( 4, 2, 2, 2, 1, 1, 2, 2, 2, 2, 1, 1, 1, 2, 2, 2, 4 ),
 ( 0.000000000000000000, 0.2499999999999074074, 0.3749999999998598899, 0.4374999999998375744, 0.4687499999998280265, 0.4843749999998233080, 0.4921874999998226974, 0.4999999999998221423, 0.6249999999998333555, 0.6874999999998374633, 0.7187499999998410161, 0.7343749999998441247, 0.7421874999998444578, 0.7460937499998439026, 0.7499999999998433475, 0.8749999999999216183, 1.000000000000000000 ),
 .UNSPECIFIED. ) ;
#1738 = AXIS2_PLACEMENT_3D ( 'NONE', #673, #2020, #4979 ) ;
#1739 = ORIENTED_EDGE ( 'NONE', *, *, #3290, .T. ) ;
#1740 = EDGE_CURVE ( 'NONE', #1250, #33, #1716, .T. ) ;
#1741 = CARTESIAN_POINT ( 'NONE',  ( -16.14813387756469254, 46.62578871032970795, 44.45139434311041526 ) ) ;
#1742 = ORIENTED_EDGE ( 'NONE', *, *, #2288, .F. ) ;
#1743 = CARTESIAN_POINT ( 'NONE',  ( -17.61705872402885475, 8.954375923019693317, 34.80735155069198328 ) ) ;
#1744 = EDGE_CURVE ( 'NONE', #4774, #1909, #1964, .T. ) ;
#1745 = ORIENTED_EDGE ( 'NONE', *, *, #2081, .F. ) ;
#1746 = AXIS2_PLACEMENT_3D ( 'NONE', #968, #5104, #3881 ) ;
#1747 = DIRECTION ( 'NONE',  ( 0.000000000000000000, 1.000000000000000000, 0.000000000000000000 ) ) ;
#1748 = VERTEX_POINT ( 'NONE', #1901 ) ;
#1749 = VERTEX_POINT ( 'NONE', #3582 ) ;
#1750 = EDGE_CURVE ( 'NONE', #5330, #3993, #5489, .T. ) ;
#1751 = CARTESIAN_POINT ( 'NONE',  ( -22.79346926866904965, 45.36830646247160104, 27.17766952966350047 ) ) ;
#1752 = VERTEX_POINT ( 'NONE', #235 ) ;
#1753 = CARTESIAN_POINT ( 'NONE',  ( -47.19941967510715841, 10.05839744956986159, 48.50945880117011200 ) ) ;
#1754 = CARTESIAN_POINT ( 'NONE',  ( -14.42277167645590019, 3.868306462471565066, -17.67766952966359995 ) ) ;
#1755 = CARTESIAN_POINT ( 'NONE',  ( -51.55297251268839887, 14.28573076751572124, 24.17766952966350047 ) ) ;
#1756 = DIRECTION ( 'NONE',  ( -0.7071067811865474617, -0.7071067811865474617, 0.000000000000000000 ) ) ;
#1757 = LINE ( 'NONE', #838, #3773 ) ;
#1758 = ORIENTED_EDGE ( 'NONE', *, *, #3650, .T. ) ;
#1759 = CARTESIAN_POINT ( 'NONE',  ( -51.10920693461778086, 13.96971105372671573, 46.23362345652072491 ) ) ;
#1760 = FACE_OUTER_BOUND ( 'NONE', #4153, .T. ) ;
#1761 = CARTESIAN_POINT ( 'NONE',  ( -47.34456728834667416, 47.56271806933316526, 48.92193597877636790 ) ) ;
#1762 = EDGE_CURVE ( 'NONE', #4857, #5351, #3271, .T. ) ;
#1763 = CARTESIAN_POINT ( 'NONE',  ( -14.42277167645602098, 3.868306462471565066, 23.17766952966369942 ) ) ;
#1765 = ORIENTED_EDGE ( 'NONE', *, *, #3300, .T. ) ;
#1764 = CARTESIAN_POINT ( 'NONE',  ( -52.12040319412919587, 35.78876100791535464, 79.68520902586020327 ) ) ;
#1766 = CARTESIAN_POINT ( 'NONE',  ( -51.09557052317964576, 43.78410370422335518, 46.17504543302741382 ) ) ;
#1767 = ORIENTED_EDGE ( 'NONE', *, *, #3511, .T. ) ;
#1768 = ORIENTED_EDGE ( 'NONE', *, *, #5363, .T. ) ;
#1769 = EDGE_CURVE ( 'NONE', #2880, #5070, #107, .T. ) ;
#1770 = ADVANCED_FACE ( 'NONE', ( #5041, #870 ), #1318, .T. ) ;
#1771 = CARTESIAN_POINT ( 'NONE',  ( -15.45181996302590299, 45.96783187519526592, 44.20852745869642320 ) ) ;
#1772 = FACE_OUTER_BOUND ( 'NONE', #1958, .T. ) ;
#1773 = VERTEX_POINT ( 'NONE', #5500 ) ;
#1774 = EDGE_LOOP ( 'NONE', ( #764, #301, #3877, #537, #933, #5019, #2069, #4079, #1193, #1161 ) ) ;
#1775 = ORIENTED_EDGE ( 'NONE', *, *, #1953, .F. ) ;
#1776 = CARTESIAN_POINT ( 'NONE',  ( -47.08719555651429545, 7.487341504829490901, 36.35882444406050240 ) ) ;
#1777 = ORIENTED_EDGE ( 'NONE', *, *, #960, .F. ) ;
#1778 = ADVANCED_FACE ( 'NONE', ( #3389, #4605 ), #3010, .F. ) ;
#1779 = CARTESIAN_POINT ( 'NONE',  ( -51.05671083451982639, 13.90365667555697371, 48.69487125167933073 ) ) ;
#1780 = DIRECTION ( 'NONE',  ( 0.000000000000000000, 0.000000000000000000, 1.000000000000000000 ) ) ;
#1781 = CARTESIAN_POINT ( 'NONE',  ( -32.10044120611970442, -11.13169353752843982, 14.69999999999999929 ) ) ;
#1782 = CARTESIAN_POINT ( 'NONE',  ( -17.83699514837156386, 44.10053651946172693, 48.97170277763629542 ) ) ;
#1783 = CARTESIAN_POINT ( 'NONE',  ( -56.95282232633920216, 36.77739737154554689, 36.35882444406050240 ) ) ;
#1784 = ORIENTED_EDGE ( 'NONE', *, *, #18, .F. ) ;
#1785 = CARTESIAN_POINT ( 'NONE',  ( -50.93361481871919239, 13.75080196746389838, 45.65075230388632122 ) ) ;
#1786 = PLANE ( 'NONE',  #2733 ) ;
#1787 = ADVANCED_FACE ( 'NONE', ( #2499 ), #2083, .F. ) ;
#1788 = DIRECTION ( 'NONE',  ( 0.000000000000000000, 1.000000000000000000, 0.000000000000000000 ) ) ;
#1789 = DIRECTION ( 'NONE',  ( 0.000000000000000000, 1.000000000000000000, 0.000000000000000000 ) ) ;
#1790 = EDGE_CURVE ( 'NONE', #1748, #1655, #2962, .T. ) ;
#1792 = ORIENTED_EDGE ( 'NONE', *, *, #2944, .F. ) ;
#1791 = CARTESIAN_POINT ( 'NONE',  ( -52.12040319412919587, 21.94785191702774796, 54.85882444406049530 ) ) ;
#1793 = B_SPLINE_CURVE_WITH_KNOTS ( 'NONE', 3,
 ( #1076, #4499, #5344, #1048, #1949, #2397, #1134, #4077, #2777, #283, #1435, #259, #5320, #3238, #1548, #4466, #2364, #5230, #2001, #4100, #3160, #1521, #711, #2837, #4048, #3126, #234, #4900, #1975, #3188 ),
 .UNSPECIFIED., .F., .F.,
 ( 4, 2, 2, 2, 1, 1, 2, 2, 2, 2, 1, 1, 1, 1, 2, 2, 2, 4 ),
 ( 0.000000000000000000, 0.2499999999998631095, 0.3749999999997966071, 0.4374999999997633005, 0.4687499999997462585, 0.4843749999997336020, 0.4921874999997250533, 0.4999999999997165046, 0.6249999999996017630, 0.6874999999995413669, 0.7187499999995070610, 0.7343749999994888533, 0.7421874999994809707, 0.7460937499994769739, 0.7480468749994777511, 0.7499999999994784172, 0.8749999999997390976, 1.000000000000000000 ),
 .UNSPECIFIED. ) ;
#1794 = CARTESIAN_POINT ( 'NONE',  ( -51.19070702980714316, 43.66414350197046446, 46.57586537527679837 ) ) ;
#1795 = ORIENTED_EDGE ( 'NONE', *, *, #2892, .T. ) ;
#1796 = ORIENTED_EDGE ( 'NONE', *, *, #4902, .T. ) ;
#1797 = EDGE_CURVE ( 'NONE', #3162, #1067, #4181, .T. ) ;
#1798 = FACE_OUTER_BOUND ( 'NONE', #2307, .T. ) ;
#1799 = CARTESIAN_POINT ( 'NONE',  ( -17.27669981901964036, 47.59018773824009685, 45.88074664303488959 ) ) ;
#1800 = ORIENTED_EDGE ( 'NONE', *, *, #1270, .T. ) ;
#1801 = CARTESIAN_POINT ( 'NONE',  ( -49.77811073578330081, -2.931693537528434756, -12.17766952966374028 ) ) ;
#1802 = ORIENTED_EDGE ( 'NONE', *, *, #593, .T. ) ;
#1803 = LINE ( 'NONE', #3546, #932 ) ;
#1804 = ORIENTED_EDGE ( 'NONE', *, *, #3028, .T. ) ;
#1805 = ORIENTED_EDGE ( 'NONE', *, *, #2987, .T. ) ;
#1806 = MECHANICAL_DESIGN_GEOMETRIC_PRESENTATION_REPRESENTATION (  '', ( #1272 ), #3667 ) ;
#1807 = CYLINDRICAL_SURFACE ( 'NONE', #5464, 3.300000000000000711 ) ;
#1808 = CARTESIAN_POINT ( 'NONE',  ( -48.45163714027103197, 11.12249738459118831, 44.44374167208942339 ) ) ;
#1809 = ORIENTED_EDGE ( 'NONE', *, *, #5322, .T. ) ;
#1810 = CARTESIAN_POINT ( 'NONE',  ( -50.95702617449114058, 13.77947489661351277, 49.00568044866632533 ) ) ;
#1811 = CARTESIAN_POINT ( 'NONE',  ( -48.29605754476660451, 42.46673168253495589, 47.35882438196039601 ) ) ;
#1812 = CIRCLE ( 'NONE', #2355, 2.499999999999998668 ) ;
#1813 = CARTESIAN_POINT ( 'NONE',  ( -51.23122916787829695, 43.61148285021339888, 47.35882438196049549 ) ) ;
#1814 = ADVANCED_FACE ( 'NONE', ( #3369 ), #3788, .T. ) ;
#1815 = CARTESIAN_POINT ( 'NONE',  ( -18.66178084192958764, 44.84280343468650187, 47.80191440220027488 ) ) ;
#1816 = CARTESIAN_POINT ( 'NONE',  ( -16.60456475328102854, 10.70627901118857039, 44.80802810330703068 ) ) ;
#1817 = ORIENTED_EDGE ( 'NONE', *, *, #5421, .T. ) ;
#1818 = CARTESIAN_POINT ( 'NONE',  ( -49.52754662375740935, 12.16124758654294169, 44.20875252251951792 ) ) ;
#1819 = AXIS2_PLACEMENT_3D ( 'NONE', #2943, #5433, #3359 ) ;
#1820 = CARTESIAN_POINT ( 'NONE',  ( -50.80335298273972455, 44.14543016711753154, 49.36530652821826237 ) ) ;
#1821 = AXIS2_PLACEMENT_3D ( 'NONE', #1611, #5018, #4991 ) ;
#1822 = DIRECTION ( 'NONE',  ( 0.000000000000000000, 0.000000000000000000, -1.000000000000000000 ) ) ;
#1823 = CARTESIAN_POINT ( 'NONE',  ( -16.43714063288737037, 42.63713860587971993, 46.50851489808539441 ) ) ;
#1824 = CIRCLE ( 'NONE', #759, 1.699999999999999734 ) ;
#1825 = CARTESIAN_POINT ( 'NONE',  ( -32.10044120611970442, 3.868306462471565066, 0.000000000000000000 ) ) ;
#1826 = CARTESIAN_POINT ( 'NONE',  ( -17.30654509596429946, 50.11429676277849410, 34.35882444406045266 ) ) ;
#1827 = VERTEX_POINT ( 'NONE', #4647 ) ;
#1828 = VECTOR ( 'NONE', #3589, 1000.000000000000000 ) ;
#1829 = CIRCLE ( 'NONE', #4935, 12.00000000000000000 ) ;
#1830 = CARTESIAN_POINT ( 'NONE',  ( -43.79346926866904965, 11.29702307165944042, 54.85882444406049530 ) ) ;
#1831 = CARTESIAN_POINT ( 'NONE',  ( -16.53872830707145525, 46.97270311378846230, 44.74916958302341641 ) ) ;
#1832 = EDGE_CURVE ( 'NONE', #3033, #2280, #1730, .T. ) ;
#1833 = AXIS2_PLACEMENT_3D ( 'NONE', #3777, #4663, #4222 ) ;
#1834 = ORIENTED_EDGE ( 'NONE', *, *, #888, .F. ) ;
#1835 = DIRECTION ( 'NONE',  ( 0.000000000000000000, 0.000000000000000000, -1.000000000000000000 ) ) ;
#1836 = VERTEX_POINT ( 'NONE', #2155 ) ;
#1837 = CARTESIAN_POINT ( 'NONE',  ( -16.90082302318825214, 47.28206454768773170, 49.54239086430266781 ) ) ;
#1838 = ORIENTED_EDGE ( 'NONE', *, *, #952, .T. ) ;
#1839 = ORIENTED_EDGE ( 'NONE', *, *, #2661, .T. ) ;
#1840 = VECTOR ( 'NONE', #591, 1000.000000000000000 ) ;
#1841 = CARTESIAN_POINT ( 'NONE',  ( -49.77811073578359924, -6.131693537528450477, 17.67766952966350047 ) ) ;
#1842 = CARTESIAN_POINT ( 'NONE',  ( -48.54624417872048525, 11.20903697302844826, 44.39081354867952456 ) ) ;
#1843 = EDGE_CURVE ( 'NONE', #474, #3572, #841, .T. ) ;
#1844 = DIRECTION ( 'NONE',  ( 0.000000000000000000, 0.000000000000000000, 1.000000000000000000 ) ) ;
#1845 = VECTOR ( 'NONE', #3336, 1000.000000000000000 ) ;
#1846 = CARTESIAN_POINT ( 'NONE',  ( -47.03664565641089723, 48.06625557168869989, 47.35882438196049549 ) ) ;
#1847 = DIRECTION ( 'NONE',  ( 0.000000000000000000, 1.000000000000000000, 0.000000000000000000 ) ) ;
#1848 = ORIENTED_EDGE ( 'NONE', *, *, #2409, .T. ) ;
#1849 = EDGE_CURVE ( 'NONE', #2846, #3033, #4724, .T. ) ;
#1850 = VECTOR ( 'NONE', #3631, 1000.000000000000114 ) ;
#1851 = ADVANCED_FACE ( 'NONE', ( #812 ), #204, .F. ) ;
#1852 = CARTESIAN_POINT ( 'NONE',  ( -48.02007311284447866, 42.78520628079293431, 46.23420158529685153 ) ) ;
#1853 = CARTESIAN_POINT ( 'NONE',  ( -16.17281114527026631, 11.08841956287364461, 44.46641537867535732 ) ) ;
#1854 = EDGE_LOOP ( 'NONE', ( #5165, #1777, #1800 ) ) ;
#1855 = CARTESIAN_POINT ( 'NONE',  ( -49.13169891832838232, 11.76541599524797377, 44.20886039105634069 ) ) ;
#1856 = CARTESIAN_POINT ( 'NONE',  ( -50.70680909743453668, 44.26145303016017607, 49.54310709635398524 ) ) ;
#1857 = CARTESIAN_POINT ( 'NONE',  ( -47.21631178463174905, 47.66482215035593129, 48.56574419364633854 ) ) ;
#1858 = CARTESIAN_POINT ( 'NONE',  ( -17.28378398181927622, 43.55708542427470320, 45.65901044274172449 ) ) ;
#1859 = CARTESIAN_POINT ( 'NONE',  ( -45.89194893551288601, 12.86576445329913909, 47.58458128936323561 ) ) ;
#1860 = EDGE_CURVE ( 'NONE', #4144, #632, #4696, .T. ) ;
#1861 = CARTESIAN_POINT ( 'NONE',  ( -51.06061044724400233, 43.82820054746449046, 46.03754674429188753 ) ) ;
#1862 = EDGE_LOOP ( 'NONE', ( #4611, #3069 ) ) ;
#1863 = VERTEX_POINT ( 'NONE', #337 ) ;
#1864 = DIRECTION ( 'NONE',  ( 2.775557561562889810E-17, -1.000000000000000000, 0.000000000000000000 ) ) ;
#1865 = CARTESIAN_POINT ( 'NONE',  ( -13.85778508256190200, 44.23470038958608086, 45.21343168092712972 ) ) ;
#1866 = VERTEX_POINT ( 'NONE', #1217 ) ;
#1867 = DIRECTION ( 'NONE',  ( 0.000000000000000000, 0.000000000000000000, -1.000000000000000000 ) ) ;
#1868 = ORIENTED_EDGE ( 'NONE', *, *, #1194, .F. ) ;
#1869 = CARTESIAN_POINT ( 'NONE',  ( -16.55679172574634705, 46.98892944534186711, 49.94938338581530246 ) ) ;
#1870 = ORIENTED_EDGE ( 'NONE', *, *, #4057, .T. ) ;
#1871 = ORIENTED_EDGE ( 'NONE', *, *, #2119, .T. ) ;
#1872 = DIRECTION ( 'NONE',  ( -1.000000000000000000, 0.000000000000000000, 0.000000000000000000 ) ) ;
#1873 = CARTESIAN_POINT ( 'NONE',  ( -47.21213728955705591, 10.06848137614564642, 46.16557744662847540 ) ) ;
#1874 = CARTESIAN_POINT ( 'NONE',  ( -50.17579234021201984, 12.86114677425705466, 50.17763773781936010 ) ) ;
#1875 = DIRECTION ( 'NONE',  ( -1.000000000000000000, 0.000000000000000000, 0.000000000000000000 ) ) ;
#1876 = DIRECTION ( 'NONE',  ( 0.000000000000000000, 0.000000000000000000, -1.000000000000000000 ) ) ;
#1877 = EDGE_CURVE ( 'NONE', #904, #4852, #2912, .T. ) ;
#1878 = DIRECTION ( 'NONE',  ( 0.000000000000000000, 1.000000000000000000, 0.000000000000000000 ) ) ;
#1879 = CARTESIAN_POINT ( 'NONE',  ( -16.95127626683427735, 10.41244268975497356, 45.24942836248032307 ) ) ;
#1880 = ORIENTED_EDGE ( 'NONE', *, *, #1632, .F. ) ;
#1881 = CARTESIAN_POINT ( 'NONE',  ( -50.87889855536399608, 13.68336038419565170, 45.51362646057773986 ) ) ;
#1882 = CARTESIAN_POINT ( 'NONE',  ( -51.17475281099713413, 43.68388342962681037, 48.13963295863072034 ) ) ;
#1883 = ORIENTED_EDGE ( 'NONE', *, *, #3102, .T. ) ;
#1884 = DIRECTION ( 'NONE',  ( 0.7071067811865475727, -0.7071067811865475727, 0.000000000000000000 ) ) ;
#1885 = CARTESIAN_POINT ( 'NONE',  ( -45.38022713868549829, 8.954375923019691541, 42.16311116877835019 ) ) ;
#1886 = DIRECTION ( 'NONE',  ( 0.7071067811865474617, -0.7071067811865474617, 0.000000000000000000 ) ) ;
#1887 = CARTESIAN_POINT ( 'NONE',  ( -56.16096961557290967, 36.97960345757211087, 34.52222135563118854 ) ) ;
#1888 = ORIENTED_EDGE ( 'NONE', *, *, #5312, .F. ) ;
#1889 = ORIENTED_EDGE ( 'NONE', *, *, #2613, .T. ) ;
#1890 = EDGE_CURVE ( 'NONE', #1897, #3469, #5448, .T. ) ;
#1891 = CARTESIAN_POINT ( 'NONE',  ( -16.59811073578330110, -6.131693537528450477, 24.35882444406049885 ) ) ;
#1892 = DIRECTION ( 'NONE',  ( 0.000000000000000000, 0.000000000000000000, -1.000000000000000000 ) ) ;
#1893 = VERTEX_POINT ( 'NONE', #387 ) ;
#1894 = CARTESIAN_POINT ( 'NONE',  ( -47.59811073578330110, 8.954375923019691541, 27.17766952966350047 ) ) ;
#1895 = ORIENTED_EDGE ( 'NONE', *, *, #5312, .T. ) ;
#1896 = CARTESIAN_POINT ( 'NONE',  ( -14.32358984504811161, 44.77693101024838285, 50.10174552890723021 ) ) ;
#1897 = VERTEX_POINT ( 'NONE', #2107 ) ;
#1898 = LINE ( 'NONE', #5273, #5201 ) ;
#1899 = LINE ( 'NONE', #3807, #3928 ) ;
#1900 = CARTESIAN_POINT ( 'NONE',  ( -50.39755061237723766, 13.11260031946746452, 49.96767809932571680 ) ) ;
#1901 = CARTESIAN_POINT ( 'NONE',  ( -43.68124909296380309, 49.99455721061779911, 36.35882444406045266 ) ) ;
#1902 = DIRECTION ( 'NONE',  ( 0.000000000000000000, 0.000000000000000000, -1.000000000000000000 ) ) ;
#1903 = VECTOR ( 'NONE', #4546, 1000.000000000000000 ) ;
#1904 = CARTESIAN_POINT ( 'NONE',  ( -14.03912548277762795, 13.28727279715696774, 44.93243777786487669 ) ) ;
#1905 = CARTESIAN_POINT ( 'NONE',  ( -45.89189448873229793, 44.87089473856914168, 47.35882438196049549 ) ) ;
#1906 = CONICAL_SURFACE ( 'NONE', #3672, 3.149999999999999467, 0.7853981633974456145 ) ;
#1907 = CARTESIAN_POINT ( 'NONE',  ( -16.25651232179001937, 11.01303044952443777, 44.52088284516506889 ) ) ;
#1908 = EDGE_CURVE ( 'NONE', #3647, #569, #1812, .T. ) ;
#1909 = VERTEX_POINT ( 'NONE', #3032 ) ;
#1910 = CARTESIAN_POINT ( 'NONE',  ( -22.79346926866904965, 49.11429676277849410, 37.85882444406049530 ) ) ;
#1911 = EDGE_LOOP ( 'NONE', ( #2964, #5239, #2745, #3660, #3107, #3184, #242, #2005 ) ) ;
#1912 = CIRCLE ( 'NONE', #5439, 3.300000000000000711 ) ;
#1913 = DIRECTION ( 'NONE',  ( -1.000000000000000000, 0.000000000000000000, 0.000000000000000000 ) ) ;
#1914 = LINE ( 'NONE', #5343, #2282 ) ;
#1915 = CARTESIAN_POINT ( 'NONE',  ( -18.76409852399827471, 8.954375923019689765, 35.75401063866505069 ) ) ;
#1916 = AXIS2_PLACEMENT_3D ( 'NONE', #4327, #990, #180 ) ;
#1917 = CARTESIAN_POINT ( 'NONE',  ( -16.38395731324802540, 10.89921264359199782, 50.10245616147579995 ) ) ;
#1918 = VECTOR ( 'NONE', #1681, 1000.000000000000000 ) ;
#1919 = CARTESIAN_POINT ( 'NONE',  ( -49.77811073578359924, -2.931693537528434756, 17.67766952966350047 ) ) ;
#1920 = ORIENTED_EDGE ( 'NONE', *, *, #1500, .T. ) ;
#1921 = ORIENTED_EDGE ( 'NONE', *, *, #3802, .T. ) ;
#1922 = ORIENTED_EDGE ( 'NONE', *, *, #2594, .F. ) ;
#1923 = CARTESIAN_POINT ( 'NONE',  ( -41.79346926866904965, 47.59662726280569700, 54.85882444406049530 ) ) ;
#1924 = AXIS2_PLACEMENT_3D ( 'NONE', #351, #2072, #1652 ) ;
#1925 = CARTESIAN_POINT ( 'NONE',  ( -14.42277167645590019, -5.931693537528449411, -14.37766952966360101 ) ) ;
#1926 = EDGE_CURVE ( 'NONE', #2958, #126, #2680, .T. ) ;
#1927 = EDGE_LOOP ( 'NONE', ( #607, #1392, #2754, #1805 ) ) ;
#1928 = CARTESIAN_POINT ( 'NONE',  ( -32.10044120611970442, -64.59143548592969353, 0.000000000000000000 ) ) ;
#1929 = AXIS2_PLACEMENT_3D ( 'NONE', #4005, #3088, #3945 ) ;
#1930 = ORIENTED_EDGE ( 'NONE', *, *, #3380, .T. ) ;
#1931 = VECTOR ( 'NONE', #915, 1000.000000000000000 ) ;
#1932 = CARTESIAN_POINT ( 'NONE',  ( -14.25008811854307922, 44.69349034178664226, 50.03135076506654855 ) ) ;
#1933 = ORIENTED_EDGE ( 'NONE', *, *, #2838, .F. ) ;
#1934 = DIRECTION ( 'NONE',  ( 0.000000000000000000, 0.000000000000000000, 1.000000000000000000 ) ) ;
#1935 = CARTESIAN_POINT ( 'NONE',  ( -45.89189448872959787, 12.86571818637669828, 47.35882438196049549 ) ) ;
#1936 = EDGE_CURVE ( 'NONE', #4709, #654, #3864, .T. ) ;
#1937 = CARTESIAN_POINT ( 'NONE',  ( -51.55297251268839887, 14.28573076751572124, 24.17766952966350047 ) ) ;
#1938 = CARTESIAN_POINT ( 'NONE',  ( -10.77122852331909542, 13.94544927301838477, 23.19192383380973865 ) ) ;
#1939 = CARTESIAN_POINT ( 'NONE',  ( -14.42277167645602098, -3.131693537528430049, 17.67766952966370297 ) ) ;
#1940 = VECTOR ( 'NONE', #1822, 1000.000000000000000 ) ;
#1941 = DIRECTION ( 'NONE',  ( 0.000000000000000000, 1.000000000000000000, 0.000000000000000000 ) ) ;
#1942 = CIRCLE ( 'NONE', #5029, 2.500000000000002220 ) ;
#1943 = CARTESIAN_POINT ( 'NONE',  ( -49.77811073578330081, -5.931693537528449411, -14.37766952966370049 ) ) ;
#1944 = CARTESIAN_POINT ( 'NONE',  ( -16.90516412207402652, 10.45091774781267979, 45.18144290623844483 ) ) ;
#1945 = ORIENTED_EDGE ( 'NONE', *, *, #2477, .T. ) ;
#1946 = CARTESIAN_POINT ( 'NONE',  ( -19.79346926866905321, 9.954375923019689765, 27.17766952966350047 ) ) ;
#1947 = EDGE_LOOP ( 'NONE', ( #3242, #1592, #1998, #3917, #1211, #962, #2505 ) ) ;
#1948 = CARTESIAN_POINT ( 'NONE',  ( -18.25932074954549122, 44.49036920615643709, 46.07760115026260905 ) ) ;
#1949 = CARTESIAN_POINT ( 'NONE',  ( -55.20555658192223802, 20.91693559712451389, 35.37641827768641178 ) ) ;
#1950 = CARTESIAN_POINT ( 'NONE',  ( -17.22087471016673987, 10.19166479098944755, 48.96912884913721342 ) ) ;
#1951 = ORIENTED_EDGE ( 'NONE', *, *, #2139, .F. ) ;
#1952 = ORIENTED_EDGE ( 'NONE', *, *, #4169, .T. ) ;
#1953 = EDGE_CURVE ( 'NONE', #5262, #3941, #590, .T. ) ;
#1954 = CARTESIAN_POINT ( 'NONE',  ( -32.29346926866904965, 28.86830646247155130, 89.74078634214809824 ) ) ;
#1955 = FACE_OUTER_BOUND ( 'NONE', #1550, .T. ) ;
#1956 = EDGE_LOOP ( 'NONE', ( #5153, #1951, #2948, #2255 ) ) ;
#1957 = CARTESIAN_POINT ( 'NONE',  ( -47.14124083144867683, 47.72422735841428931, 46.42986679591393084 ) ) ;
#1958 = EDGE_LOOP ( 'NONE', ( #5261, #1092, #1246, #4910 ) ) ;
#1959 = CARTESIAN_POINT ( 'NONE',  ( -13.52667085736691988, 43.82863140643743094, 48.68135729102152709 ) ) ;
#1960 = EDGE_CURVE ( 'NONE', #1279, #266, #50, .T. ) ;
#1961 = FACE_OUTER_BOUND ( 'NONE', #2403, .T. ) ;
#1962 = CARTESIAN_POINT ( 'NONE',  ( -22.79346926866904965, 48.20092139164069778, 39.85882444406045266 ) ) ;
#1963 = DIRECTION ( 'NONE',  ( 1.709474273394545050E-12, 1.000000000000000000, 0.000000000000000000 ) ) ;
#1964 = LINE ( 'NONE', #4429, #3143 ) ;
#1965 = CARTESIAN_POINT ( 'NONE',  ( -18.42632414672023700, 50.11429676277850120, 34.45820694589637867 ) ) ;
#1966 = CARTESIAN_POINT ( 'NONE',  ( -13.69389268987575292, 13.69987774862634211, 45.53681697794028338 ) ) ;
#1967 = EDGE_CURVE ( 'NONE', #5429, #2010, #1899, .T. ) ;
#1968 = ADVANCED_FACE ( 'NONE', ( #2701 ), #5061, .T. ) ;
#1969 = DIRECTION ( 'NONE',  ( 0.000000000000000000, 0.000000000000000000, -1.000000000000000000 ) ) ;
#1970 = CARTESIAN_POINT ( 'NONE',  ( -45.68881810584080227, 8.954375923019691541, 54.85882444406049530 ) ) ;
#1971 = ORIENTED_EDGE ( 'NONE', *, *, #1333, .T. ) ;
#1972 = LINE ( 'NONE', #5317, #3138 ) ;
#1973 = VERTEX_POINT ( 'NONE', #579 ) ;
#1974 = DIRECTION ( 'NONE',  ( 0.000000000000000000, 0.000000000000000000, -1.000000000000000000 ) ) ;
#1975 = CARTESIAN_POINT ( 'NONE',  ( -56.71569477419712513, 20.66575270127625785, 34.35882444406048108 ) ) ;
#1976 = CARTESIAN_POINT ( 'NONE',  ( -16.52269616165624910, 10.77734544459052124, 49.98192964188255161 ) ) ;
#1977 = EDGE_CURVE ( 'NONE', #2292, #3932, #2953, .T. ) ;
#1978 = ORIENTED_EDGE ( 'NONE', *, *, #4589, .T. ) ;
#1979 = EDGE_LOOP ( 'NONE', ( #629, #1920 ) ) ;
#1980 = EDGE_CURVE ( 'NONE', #4437, #2437, #3485, .T. ) ;
#1981 = DIRECTION ( 'NONE',  ( 0.000000000000000000, 1.000000000000000000, 0.000000000000000000 ) ) ;
#1982 = B_SPLINE_CURVE_WITH_KNOTS ( 'NONE', 3,
 ( #4760, #2657, #109, #982, #1823, #3505, #145, #4410, #2684, #4848, #1858, #3988, #2274, #2776, #5290, #4497, #1948, #651, #1075, #1047, #595, #4013, #3625, #2804 ),
 .UNSPECIFIED., .F., .F.,
 ( 4, 2, 2, 2, 2, 2, 2, 2, 2, 2, 2, 4 ),
 ( 0.000000000000000000, 0.1249999999999931166, 0.1874999999999912292, 0.2499999999999893419, 0.3749999999999884537, 0.4999999999999875655, 0.6249999999999866773, 0.6874999999999882316, 0.7499999999999897859, 0.8124999999999913403, 0.8749999999999928946, 1.000000000000000000 ),
 .UNSPECIFIED. ) ;
#1983 = FACE_OUTER_BOUND ( 'NONE', #735, .T. ) ;
#1984 = EDGE_LOOP ( 'NONE', ( #2073, #389 ) ) ;
#1985 = CARTESIAN_POINT ( 'NONE',  ( -47.19934491545797073, 47.67827471456571686, 46.20844585033393059 ) ) ;
#1986 = ADVANCED_FACE ( 'NONE', ( #4359 ), #545, .T. ) ;
#1987 = VERTEX_POINT ( 'NONE', #745 ) ;
#1988 = CARTESIAN_POINT ( 'NONE',  ( -14.46651506186940672, 44.93710023616204552, 50.21951161937765562 ) ) ;
#1989 = FACE_OUTER_BOUND ( 'NONE', #4536, .T. ) ;
#1990 = FACE_OUTER_BOUND ( 'NONE', #4773, .T. ) ;
#1991 = DIRECTION ( 'NONE',  ( 0.000000000000000000, 0.000000000000000000, -1.000000000000000000 ) ) ;
#1992 = DIRECTION ( 'NONE',  ( -0.000000000000000000, 1.000000000000000000, 0.000000000000000000 ) ) ;
#1993 = CARTESIAN_POINT ( 'NONE',  ( -13.90084981337118641, 13.45041001595336461, 45.13958952146261083 ) ) ;
#1994 = DIRECTION ( 'NONE',  ( 1.000000000000000000, 0.000000000000000000, 0.000000000000000000 ) ) ;
#1995 = DIRECTION ( 'NONE',  ( 0.000000000000000000, -1.000000000000000000, 0.000000000000000000 ) ) ;
#1996 = DIRECTION ( 'NONE',  ( 0.000000000000000000, 0.000000000000000000, -1.000000000000000000 ) ) ;
#1997 = EDGE_CURVE ( 'NONE', #1099, #4496, #3614, .T. ) ;
#1998 = ORIENTED_EDGE ( 'NONE', *, *, #4705, .T. ) ;
#1999 = AXIS2_PLACEMENT_3D ( 'NONE', #3234, #1129, #3265 ) ;
#2000 = LINE ( 'NONE', #2514, #2378 ) ;
#2001 = CARTESIAN_POINT ( 'NONE',  ( -56.07337847538632047, 20.77151663354334232, 34.56192748748092214 ) ) ;
#2002 = CARTESIAN_POINT ( 'NONE',  ( -14.44858301970790748, 12.81962862687369054, 50.20472065786094618 ) ) ;
#2003 = VERTEX_POINT ( 'NONE', #2461 ) ;
#2004 = AXIS2_PLACEMENT_3D ( 'NONE', #969, #4391, #4643 ) ;
#2005 = ORIENTED_EDGE ( 'NONE', *, *, #4916, .T. ) ;
#2006 = DIRECTION ( 'NONE',  ( 1.000000000000000000, 0.000000000000000000, 0.000000000000000000 ) ) ;
#2007 = AXIS2_PLACEMENT_3D ( 'NONE', #4933, #232, #2309 ) ;
#2008 = CIRCLE ( 'NONE', #5171, 25.99999999998344791 ) ;
#2009 = DIRECTION ( 'NONE',  ( -1.000000000000000000, 0.000000000000000000, 0.000000000000000000 ) ) ;
#2010 = VERTEX_POINT ( 'NONE', #4455 ) ;
#2011 = CYLINDRICAL_SURFACE ( 'NONE', #4128, 5.000000000000000888 ) ;
#2012 = ORIENTED_EDGE ( 'NONE', *, *, #4679, .F. ) ;
#2013 = AXIS2_PLACEMENT_3D ( 'NONE', #4618, #863, #1281 ) ;
#2014 = AXIS2_PLACEMENT_3D ( 'NONE', #3792, #3373, #1245 ) ;
#2015 = CARTESIAN_POINT ( 'NONE',  ( -14.78634265726908481, 45.28489538492137001, 50.40203913693621729 ) ) ;
#2016 = LINE ( 'NONE', #4560, #3399 ) ;
#2017 = VECTOR ( 'NONE', #2743, 1000.000000000000000 ) ;
#2018 = CARTESIAN_POINT ( 'NONE',  ( 0.000000000000000000, 8.954375923019691541, 27.17766952966350047 ) ) ;
#2019 = CARTESIAN_POINT ( 'NONE',  ( -14.13837192048062441, 13.17145336064268157, 49.90991158898376767 ) ) ;
#2020 = DIRECTION ( 'NONE',  ( 0.000000000000000000, 0.000000000000000000, 1.000000000000000000 ) ) ;
#2021 = CIRCLE ( 'NONE', #3236, 3.499999999999999556 ) ;
#2022 = ADVANCED_FACE ( 'NONE', ( #1990 ), #5308, .F. ) ;
#2023 = DIRECTION ( 'NONE',  ( 0.000000000000000000, 0.000000000000000000, 1.000000000000000000 ) ) ;
#2024 = DIRECTION ( 'NONE',  ( 0.000000000000000000, 1.000000000000000000, 0.000000000000000000 ) ) ;
#2025 = AXIS2_PLACEMENT_3D ( 'NONE', #3481, #905, #511 ) ;
#2026 = DIRECTION ( 'NONE',  ( 0.000000000000000000, -1.000000000000000000, 0.000000000000000000 ) ) ;
#2027 = CARTESIAN_POINT ( 'NONE',  ( -56.35815082375594898, 37.01234233732062506, 34.44482933764749077 ) ) ;
#2028 = ORIENTED_EDGE ( 'NONE', *, *, #2544, .F. ) ;
#2029 = EDGE_CURVE ( 'NONE', #2697, #513, #4482, .T. ) ;
#2030 = DIRECTION ( 'NONE',  ( -1.000000000000000000, 0.000000000000000000, 0.000000000000000000 ) ) ;
#2031 = DIRECTION ( 'NONE',  ( 0.000000000000000000, 0.000000000000000000, 1.000000000000000000 ) ) ;
#2032 = CARTESIAN_POINT ( 'NONE',  ( -16.46749044903415893, 10.82562256032809955, 50.03205004410385470 ) ) ;
#2033 = AXIS2_PLACEMENT_3D ( 'NONE', #2510, #4543, #5055 ) ;
#2034 = VERTEX_POINT ( 'NONE', #3280 ) ;
#2035 = LINE ( 'NONE', #3715, #4953 ) ;
#2036 = CIRCLE ( 'NONE', #4238, 5.500000000000000000 ) ;
#2037 = EDGE_CURVE ( 'NONE', #4496, #1516, #2008, .T. ) ;
#2038 = CARTESIAN_POINT ( 'NONE',  ( -49.77811073578330081, -3.131693537528430049, -20.97766952966370013 ) ) ;
#2039 = EDGE_LOOP ( 'NONE', ( #2312, #4182, #713, #2225 ) ) ;
#2040 = DIRECTION ( 'NONE',  ( 1.000000000000000000, 0.000000000000000000, 0.000000000000000000 ) ) ;
#2041 = VERTEX_POINT ( 'NONE', #1962 ) ;
#2042 = DIRECTION ( 'NONE',  ( 1.000000000000000000, 0.000000000000000000, 0.000000000000000000 ) ) ;
#2043 = CARTESIAN_POINT ( 'NONE',  ( -16.59811073578330110, 8.954375923019691541, 34.46546470606399737 ) ) ;
#2044 = DIRECTION ( 'NONE',  ( -2.886579864025410161E-15, -1.000000000000000000, 0.000000000000000000 ) ) ;
#2045 = CARTESIAN_POINT ( 'NONE',  ( -13.78361781123176044, 13.59114393022020018, 49.36537029243317676 ) ) ;
#2046 = CARTESIAN_POINT ( 'NONE',  ( -32.10044120611970442, 13.86830646247156018, 0.000000000000000000 ) ) ;
#2047 = DIRECTION ( 'NONE',  ( 0.000000000000000000, -1.000000000000000000, 0.000000000000000000 ) ) ;
#2048 = ORIENTED_EDGE ( 'NONE', *, *, #296, .T. ) ;
#2049 = DIRECTION ( 'NONE',  ( 0.000000000000000000, -0.7071067811865201502, 0.7071067811865749952 ) ) ;
#2050 = CARTESIAN_POINT ( 'NONE',  ( -59.59811073578330110, 18.86830646247155130, 22.17766952966350047 ) ) ;
#2051 = CARTESIAN_POINT ( 'NONE',  ( -55.51830556352236812, 36.87268001876135770, 34.96518266086295768 ) ) ;
#2052 = EDGE_CURVE ( 'NONE', #2496, #2697, #721, .T. ) ;
#2053 = VERTEX_POINT ( 'NONE', #1088 ) ;
#2054 = DIRECTION ( 'NONE',  ( 1.000000000000000000, 0.000000000000000000, 0.000000000000000000 ) ) ;
#2055 = DIRECTION ( 'NONE',  ( -7.334490613845678799E-13, 1.000000000000000000, 0.000000000000000000 ) ) ;
#2056 = CARTESIAN_POINT ( 'NONE',  ( -49.77811073578359924, -3.131693537528430049, 17.67766952966350047 ) ) ;
#2057 = EDGE_LOOP ( 'NONE', ( #4661, #5101 ) ) ;
#2058 = DIRECTION ( 'NONE',  ( 0.000000000000000000, 0.000000000000000000, 1.000000000000000000 ) ) ;
#2059 = CARTESIAN_POINT ( 'NONE',  ( -22.79346926865975220, 47.90117277314159594, 54.85882444406049530 ) ) ;
#2060 = ORIENTED_EDGE ( 'NONE', *, *, #4892, .T. ) ;
#2061 = CARTESIAN_POINT ( 'NONE',  ( -47.68350457912423934, 47.28424691324214990, 45.17901227751098503 ) ) ;
#2062 = ORIENTED_EDGE ( 'NONE', *, *, #1438, .F. ) ;
#2063 = EDGE_CURVE ( 'NONE', #5145, #4075, #829, .T. ) ;
#2064 = DIRECTION ( 'NONE',  ( -2.775557561562889810E-17, 1.000000000000000000, 0.000000000000000000 ) ) ;
#2065 = CARTESIAN_POINT ( 'NONE',  ( -44.98709954988879645, 50.11429676277849410, 34.79296772220569522 ) ) ;
#2066 = CARTESIAN_POINT ( 'NONE',  ( -13.48353359125164808, 13.96238970661503487, 48.50934362986773607 ) ) ;
#2067 = CARTESIAN_POINT ( 'NONE',  ( -56.95282232632739294, 20.62717142066049902, 34.35882444406045266 ) ) ;
#2068 = DIRECTION ( 'NONE',  ( 0.000000000000000000, 0.000000000000000000, 1.000000000000000000 ) ) ;
#2069 = ORIENTED_EDGE ( 'NONE', *, *, #10, .T. ) ;
#2070 = LINE ( 'NONE', #2903, #4659 ) ;
#2071 = CARTESIAN_POINT ( 'NONE',  ( -16.40408777501806270, 15.13770391644797542, 46.60212767797755617 ) ) ;
#2072 = DIRECTION ( 'NONE',  ( 1.000000000000000000, 2.775557561562889810E-17, 0.000000000000000000 ) ) ;
#2073 = ORIENTED_EDGE ( 'NONE', *, *, #1849, .T. ) ;
#2074 = CYLINDRICAL_SURFACE ( 'NONE', #5099, 1.699999999999999734 ) ;
#2075 = EDGE_CURVE ( 'NONE', #1356, #3272, #639, .T. ) ;
#2076 = CARTESIAN_POINT ( 'NONE',  ( -32.10044120611970442, -64.59143548592969353, 0.000000000000000000 ) ) ;
#2077 = CARTESIAN_POINT ( 'NONE',  ( -16.52498804822075229, 10.69566218598905927, 47.35882438196049549 ) ) ;
#2078 = ORIENTED_EDGE ( 'NONE', *, *, #1385, .T. ) ;
#2079 = AXIS2_PLACEMENT_3D ( 'NONE', #2541, #4303, #3856 ) ;
#2080 = CARTESIAN_POINT ( 'NONE',  ( -48.09358769940520517, 46.93365746816991901, 50.00910826893318273 ) ) ;
#2081 = EDGE_CURVE ( 'NONE', #4707, #3162, #1069, .T. ) ;
#2082 = CARTESIAN_POINT ( 'NONE',  ( -14.42277167645590019, 3.868306462471565066, -12.17766952966359995 ) ) ;
#2083 = CONICAL_SURFACE ( 'NONE', #3578, 3.300000000000000711, 0.7853981633974476129 ) ;
#2084 = EDGE_LOOP ( 'NONE', ( #2091, #3358, #1795, #957 ) ) ;
#2085 = CARTESIAN_POINT ( 'NONE',  ( -50.06511158027095121, 44.99805395113852313, 44.46082565798064223 ) ) ;
#2086 = EDGE_LOOP ( 'NONE', ( #3731, #4445, #2361, #4530 ) ) ;
#2087 = CARTESIAN_POINT ( 'NONE',  ( -16.72317935499024344, 14.77608489278100201, 48.71778558204854193 ) ) ;
#2088 = VECTOR ( 'NONE', #4538, 1000.000000000000000 ) ;
#2089 = EDGE_CURVE ( 'NONE', #3487, #4523, #2016, .T. ) ;
#2090 = CARTESIAN_POINT ( 'NONE',  ( -13.43758228303367019, 43.71612118232076227, 46.42967893626272513 ) ) ;
#2091 = ORIENTED_EDGE ( 'NONE', *, *, #3120, .T. ) ;
#2092 = FACE_OUTER_BOUND ( 'NONE', #3568, .T. ) ;
#2093 = AXIS2_PLACEMENT_3D ( 'NONE', #2899, #220, #747 ) ;
#2094 = VECTOR ( 'NONE', #3351, 1000.000000000000000 ) ;
#2095 = FACE_BOUND ( 'NONE', #5183, .T. ) ;
#2096 = CARTESIAN_POINT ( 'NONE',  ( -42.79346926866904965, 50.11429676277849410, 42.16311116877835019 ) ) ;
#2097 = CIRCLE ( 'NONE', #1564, 1.000000000000000888 ) ;
#2098 = AXIS2_PLACEMENT_3D ( 'NONE', #80, #1322, #3836 ) ;
#2099 = ORIENTED_EDGE ( 'NONE', *, *, #4164, .F. ) ;
#2100 = CARTESIAN_POINT ( 'NONE',  ( -47.93364481567607527, 10.66439304137358413, 49.85101853854568787 ) ) ;
#2101 = DIRECTION ( 'NONE',  ( 0.000000000000000000, 0.000000000000000000, -1.000000000000000000 ) ) ;
#2102 = CARTESIAN_POINT ( 'NONE',  ( -52.68869049563523532, 14.15037314355221199, 23.84183944309510395 ) ) ;
#2103 = CARTESIAN_POINT ( 'NONE',  ( -49.77811073578330081, -3.131693537528430049, -14.37766952966370049 ) ) ;
#2104 = CIRCLE ( 'NONE', #3695, 2.000000000000001776 ) ;
#2105 = CARTESIAN_POINT ( 'NONE',  ( -49.77811073578330081, -3.131693537528430049, -17.67766952966370297 ) ) ;
#2106 = CARTESIAN_POINT ( 'NONE',  ( -14.42277167645602098, -3.131693537528430049, 20.97766952966370013 ) ) ;
#2107 = CARTESIAN_POINT ( 'NONE',  ( -4.466187899036699882, -6.131693537528450477, 17.30248052294775007 ) ) ;
#2108 = CARTESIAN_POINT ( 'NONE',  ( -22.27074199593694814, 47.32216616759649952, 39.85882444406045266 ) ) ;
#2109 = CARTESIAN_POINT ( 'NONE',  ( -47.71407719986150653, 47.25865068483495435, 49.58177391416129609 ) ) ;
#2110 = DIRECTION ( 'NONE',  ( 0.000000000000000000, 0.000000000000000000, 1.000000000000000000 ) ) ;
#2111 = AXIS2_PLACEMENT_3D ( 'NONE', #995, #4390, #1934 ) ;
#2112 = VERTEX_POINT ( 'NONE', #3663 ) ;
#2113 = CARTESIAN_POINT ( 'NONE',  ( -48.02904594722091502, 46.98988554822314256, 44.76933433314470534 ) ) ;
#2114 = ORIENTED_EDGE ( 'NONE', *, *, #2607, .F. ) ;
#2115 = EDGE_CURVE ( 'NONE', #1067, #4947, #1012, .T. ) ;
#2116 = AXIS2_PLACEMENT_3D ( 'NONE', #630, #4020, #987 ) ;
#2117 = LINE ( 'NONE', #2921, #17 ) ;
#2118 = CARTESIAN_POINT ( 'NONE',  ( -52.29178331392370183, -64.59143548592969353, 24.17766952966350047 ) ) ;
#2119 = EDGE_CURVE ( 'NONE', #2166, #3198, #2886, .T. ) ;
#2120 = CARTESIAN_POINT ( 'NONE',  ( -32.29346926866904965, 28.86830646247155130, 36.35882444406050240 ) ) ;
#2121 = LINE ( 'NONE', #2492, #5460 ) ;
#2122 = ORIENTED_EDGE ( 'NONE', *, *, #1163, .T. ) ;
#2123 = CYLINDRICAL_SURFACE ( 'NONE', #2013, 1.699999999999999734 ) ;
#2124 = DIRECTION ( 'NONE',  ( 1.000000000000000000, 0.000000000000000000, 0.000000000000000000 ) ) ;
#2125 = DIRECTION ( 'NONE',  ( 0.000000000000000000, 0.000000000000000000, 1.000000000000000000 ) ) ;
#2126 = ADVANCED_FACE ( 'NONE', ( #5050 ), #3356, .F. ) ;
#2127 = CARTESIAN_POINT ( 'NONE',  ( -47.56228253043246212, 10.35095491582438321, 45.35118627544526504 ) ) ;
#2128 = CARTESIAN_POINT ( 'NONE',  ( -14.42277167645602098, -2.931693537528434756, 17.67766952966370297 ) ) ;
#2129 = DIRECTION ( 'NONE',  ( 0.000000000000000000, 0.000000000000000000, 1.000000000000000000 ) ) ;
#2130 = EDGE_LOOP ( 'NONE', ( #4748, #4375, #2861, #1768, #2028 ) ) ;
#2131 = DIRECTION ( 'NONE',  ( 0.000000000000000000, 0.000000000000000000, 1.000000000000000000 ) ) ;
#2132 = CARTESIAN_POINT ( 'NONE',  ( -46.65448170574556741, 8.954375923019691541, 34.97860198261886922 ) ) ;
#2133 = CARTESIAN_POINT ( 'NONE',  ( -48.03454693134230524, 46.98510736941784671, 49.95364425011275245 ) ) ;
#2134 = CARTESIAN_POINT ( 'NONE',  ( -14.42277167645590019, -6.131693537528450477, -14.17766952966359995 ) ) ;
#2135 = DIRECTION ( 'NONE',  ( -0.7071067811865475727, 0.7071067811865475727, 0.000000000000000000 ) ) ;
#2136 = EDGE_CURVE ( 'NONE', #1827, #1897, #3400, .T. ) ;
#2137 = CARTESIAN_POINT ( 'NONE',  ( -50.40439463873535431, 44.61614388075631155, 44.75749693969606824 ) ) ;
#2138 = ORIENTED_EDGE ( 'NONE', *, *, #5060, .T. ) ;
#2139 = EDGE_CURVE ( 'NONE', #4103, #552, #2487, .T. ) ;
#2140 = LINE ( 'NONE', #4165, #37 ) ;
#2141 = DIRECTION ( 'NONE',  ( 0.000000000000000000, 1.000000000000000000, 0.000000000000000000 ) ) ;
#2142 = ADVANCED_FACE ( 'NONE', ( #1 ), #2453, .F. ) ;
#2143 = VERTEX_POINT ( 'NONE', #2558 ) ;
#2144 = CARTESIAN_POINT ( 'NONE',  ( -41.79346926866904965, 45.36830646247160104, 27.17766952966350047 ) ) ;
#2145 = VERTEX_POINT ( 'NONE', #2043 ) ;
#2146 = DIRECTION ( 'NONE',  ( 0.000000000000000000, -1.000000000000000000, 0.000000000000000000 ) ) ;
#2147 = CARTESIAN_POINT ( 'NONE',  ( -42.79346926866904965, 49.11429676277849410, 27.17766952966350047 ) ) ;
#2148 = CARTESIAN_POINT ( 'NONE',  ( -47.24869303346719818, 10.09747410300772152, 48.67435212948127798 ) ) ;
#2149 = CARTESIAN_POINT ( 'NONE',  ( -16.31900543289046013, 15.23657629820692883, 46.91511326466106624 ) ) ;
#2150 = CARTESIAN_POINT ( 'NONE',  ( -49.77811073578330081, -2.931693537528434756, -21.17766952966370297 ) ) ;
#2151 = CARTESIAN_POINT ( 'NONE',  ( -47.03664565640328021, 9.930546563270445048, 46.97590017158661624 ) ) ;
#2152 = ADVANCED_FACE ( 'NONE', ( #2576 ), #1304, .T. ) ;
#2153 = DIRECTION ( 'NONE',  ( -0.7071067811865475727, 0.7071067811865475727, 0.000000000000000000 ) ) ;
#2154 = CARTESIAN_POINT ( 'NONE',  ( -56.95282232626480123, -64.59143548592768980, 34.35882444406045266 ) ) ;
#2155 = CARTESIAN_POINT ( 'NONE',  ( -49.77811073578359924, 3.868306462471565066, 12.17766952966349869 ) ) ;
#2156 = LINE ( 'NONE', #3832, #1840 ) ;
#2157 = CARTESIAN_POINT ( 'NONE',  ( -47.84468719450740792, 47.14829584792347106, 49.75045656335517208 ) ) ;
#2158 = DIRECTION ( 'NONE',  ( 0.000000000000000000, 1.000000000000000000, 0.000000000000000000 ) ) ;
#2159 = CARTESIAN_POINT ( 'NONE',  ( -45.92515769544231574, 12.89380949027841972, 47.80191440226647615 ) ) ;
#2160 = CARTESIAN_POINT ( 'NONE',  ( -48.01246727715992790, 47.00425745584388437, 44.78559035658547316 ) ) ;
#2161 = ADVANCED_FACE ( 'NONE', ( #3772 ), #561, .F. ) ;
#2162 = ORIENTED_EDGE ( 'NONE', *, *, #2523, .F. ) ;
#2163 = TOROIDAL_SURFACE ( 'NONE', #655, 3.000000000000000000, 2.000000000000000000 ) ;
#2164 = CARTESIAN_POINT ( 'NONE',  ( -17.33377321853788544, 47.63560549199939231, 46.03812366838950965 ) ) ;
#2165 = LINE ( 'NONE', #2508, #5008 ) ;
#2166 = VERTEX_POINT ( 'NONE', #4658 ) ;
#2167 = AXIS2_PLACEMENT_3D ( 'NONE', #1399, #3526, #3087 ) ;
#2168 = CARTESIAN_POINT ( 'NONE',  ( -16.59514887081628487, 47.02213436969422844, 49.91139900000781182 ) ) ;
#2169 = EDGE_LOOP ( 'NONE', ( #2230, #4994 ) ) ;
#2170 = DIRECTION ( 'NONE',  ( 0.000000000000000000, 0.000000000000000000, -1.000000000000000000 ) ) ;
#2171 = CIRCLE ( 'NONE', #1819, 1.000000000000000888 ) ;
#2172 = AXIS2_PLACEMENT_3D ( 'NONE', #4633, #3819, #4264 ) ;
#2173 = CARTESIAN_POINT ( 'NONE',  ( -48.29557184177883045, 10.98161614968525690, 50.17256100058999380 ) ) ;
#2174 = CARTESIAN_POINT ( 'NONE',  ( -17.55029288094124951, 9.670357353268562051, 47.35882438196049549 ) ) ;
#2175 = CARTESIAN_POINT ( 'NONE',  ( -20.79346926866904965, 14.36830646247156018, 39.85882444406045266 ) ) ;
#2176 = ADVANCED_FACE ( 'NONE', ( #5461 ), #3377, .F. ) ;
#2177 = AXIS2_PLACEMENT_3D ( 'NONE', #1736, #927, #472 ) ;
#2178 = AXIS2_PLACEMENT_3D ( 'NONE', #2076, #732, #2031 ) ;
#2179 = DIRECTION ( 'NONE',  ( 0.000000000000000000, 0.000000000000000000, 1.000000000000000000 ) ) ;
#2180 = CYLINDRICAL_SURFACE ( 'NONE', #3158, 12.00000000000000000 ) ;
#2181 = AXIS2_PLACEMENT_3D ( 'NONE', #166, #4871, #5315 ) ;
#2182 = CARTESIAN_POINT ( 'NONE',  ( -4.542357293031770382, 13.86830646247156018, 21.27206602578905148 ) ) ;
#2183 = CIRCLE ( 'NONE', #4582, 1.699999999999999734 ) ;
#2184 = DIRECTION ( 'NONE',  ( 0.000000000000000000, -1.000000000000000000, 0.000000000000000000 ) ) ;
#2185 = ADVANCED_FACE ( 'NONE', ( #1618 ), #4206, .F. ) ;
#2186 = CARTESIAN_POINT ( 'NONE',  ( -50.11691929981935090, 44.94080299398795120, 50.22068339502990142 ) ) ;
#2187 = DIRECTION ( 'NONE',  ( -1.000000000000000000, 0.000000000000000000, 0.000000000000000000 ) ) ;
#2189 = ORIENTED_EDGE ( 'NONE', *, *, #4493, .F. ) ;
#2188 = DIRECTION ( 'NONE',  ( 1.000000000000000000, 0.000000000000000000, 0.000000000000000000 ) ) ;
#2190 = CARTESIAN_POINT ( 'NONE',  ( -4.598110735783330405, -1.131693537528442040, 34.35882444406045266 ) ) ;
#2191 = VECTOR ( 'NONE', #980, 1000.000000000000000 ) ;
#2192 = ORIENTED_EDGE ( 'NONE', *, *, #3145, .F. ) ;
#2193 = EDGE_LOOP ( 'NONE', ( #5295, #4601, #3961, #3129, #3683, #3540 ) ) ;
#2194 = ADVANCED_FACE ( 'NONE', ( #2896 ), #4125, .F. ) ;
#2195 = AXIS2_PLACEMENT_3D ( 'NONE', #3405, #1310, #3455 ) ;
#2196 = CARTESIAN_POINT ( 'NONE',  ( -17.02533237736851390, 47.38621376430399579, 45.35233616795778033 ) ) ;
#2197 = ORIENTED_EDGE ( 'NONE', *, *, #2649, .T. ) ;
#2198 = DIRECTION ( 'NONE',  ( 0.000000000000000000, 0.000000000000000000, 1.000000000000000000 ) ) ;
#2199 = VERTEX_POINT ( 'NONE', #344 ) ;
#2200 = AXIS2_PLACEMENT_3D ( 'NONE', #1954, #4943, #1981 ) ;
#2201 = LINE ( 'NONE', #3452, #478 ) ;
#2202 = ORIENTED_EDGE ( 'NONE', *, *, #3248, .T. ) ;
#2203 = ORIENTED_EDGE ( 'NONE', *, *, #1201, .F. ) ;
#2204 = CARTESIAN_POINT ( 'NONE',  ( -56.19734853654929907, 3.868306462471565066, 21.27206602578909767 ) ) ;
#2205 = ORIENTED_EDGE ( 'NONE', *, *, #2654, .T. ) ;
#2206 = DIRECTION ( 'NONE',  ( 0.000000000000000000, 1.000000000000000000, 0.000000000000000000 ) ) ;
#2207 = EDGE_CURVE ( 'NONE', #1836, #3932, #2265, .T. ) ;
#2208 = CARTESIAN_POINT ( 'NONE',  ( -47.59811073578330110, -64.59143548592969353, 34.35882444406045266 ) ) ;
#2209 = DIRECTION ( 'NONE',  ( 0.000000000000000000, 0.000000000000000000, 1.000000000000000000 ) ) ;
#2210 = CARTESIAN_POINT ( 'NONE',  ( -32.10044120611970442, 3.868306462471565066, 0.000000000000000000 ) ) ;
#2211 = CARTESIAN_POINT ( 'NONE',  ( -32.10044120611970442, -16.13169353752845225, 0.000000000000000000 ) ) ;
#2212 = EDGE_CURVE ( 'NONE', #5340, #938, #1640, .T. ) ;
#2213 = ORIENTED_EDGE ( 'NONE', *, *, #4154, .T. ) ;
#2214 = CARTESIAN_POINT ( 'NONE',  ( -51.17479938135671347, 14.05278916353508656, 46.57833384636177954 ) ) ;
#2215 = CARTESIAN_POINT ( 'NONE',  ( -19.20671139866825072, 8.954375923025819972, 54.85882444406049530 ) ) ;
#2216 = LINE ( 'NONE', #3156, #4413 ) ;
#2217 = CARTESIAN_POINT ( 'NONE',  ( -32.10044120611970442, 3.868306462471565066, 0.000000000000000000 ) ) ;
#2219 = VERTEX_POINT ( 'NONE', #797 ) ;
#2218 = CYLINDRICAL_SURFACE ( 'NONE', #4289, 2.500000000000002220 ) ;
#2220 = CARTESIAN_POINT ( 'NONE',  ( -50.69872650319785379, 44.27111576474107579, 45.16079811641562713 ) ) ;
#2221 = ORIENTED_EDGE ( 'NONE', *, *, #1283, .F. ) ;
#2222 = ORIENTED_EDGE ( 'NONE', *, *, #610, .F. ) ;
#2223 = CARTESIAN_POINT ( 'NONE',  ( -14.00696332894637663, 44.41308470571491540, 44.95884348870586678 ) ) ;
#2224 = EDGE_CURVE ( 'NONE', #2539, #98, #2117, .T. ) ;
#2225 = ORIENTED_EDGE ( 'NONE', *, *, #4591, .F. ) ;
#2226 = CARTESIAN_POINT ( 'NONE',  ( -43.74579285288235297, 50.11429676277849410, 35.63383741123094950 ) ) ;
#2227 = VERTEX_POINT ( 'NONE', #2507 ) ;
#2228 = CARTESIAN_POINT ( 'NONE',  ( -17.55029288094118201, 47.80606636166636747, 47.55008168313681693 ) ) ;
#2229 = ORIENTED_EDGE ( 'NONE', *, *, #945, .T. ) ;
#2230 = ORIENTED_EDGE ( 'NONE', *, *, #2906, .T. ) ;
#2231 = DIRECTION ( 'NONE',  ( 0.000000000000000000, 0.000000000000000000, 1.000000000000000000 ) ) ;
#2232 = ORIENTED_EDGE ( 'NONE', *, *, #1797, .F. ) ;
#2233 = DIRECTION ( 'NONE',  ( 0.000000000000000000, -1.000000000000000000, 0.000000000000000000 ) ) ;
#2234 = FILL_AREA_STYLE ('',( #71 ) ) ;
#2235 = CYLINDRICAL_SURFACE ( 'NONE', #4746, 24.00000000000344968 ) ;
#2236 = FACE_OUTER_BOUND ( 'NONE', #3879, .T. ) ;
#2237 = DIRECTION ( 'NONE',  ( -1.000000000000000000, 0.000000000000000000, 0.000000000000000000 ) ) ;
#2238 = ORIENTED_EDGE ( 'NONE', *, *, #1320, .T. ) ;
#2239 = CARTESIAN_POINT ( 'NONE',  ( -50.57085114344197763, 13.31393464550342820, 44.96217504407057675 ) ) ;
#2240 = CARTESIAN_POINT ( 'NONE',  ( -51.02001443216737897, 43.87963538935716201, 48.83396019343969385 ) ) ;
#2241 = EDGE_CURVE ( 'NONE', #1437, #2320, #56, .T. ) ;
#2242 = DIRECTION ( 'NONE',  ( 1.000000000000000000, 0.000000000000000000, 0.000000000000000000 ) ) ;
#2243 = FACE_OUTER_BOUND ( 'NONE', #742, .T. ) ;
#2244 = CARTESIAN_POINT ( 'NONE',  ( -47.30164965181767656, 14.17799276334977954, 49.05891198937599285 ) ) ;
#2245 = CARTESIAN_POINT ( 'NONE',  ( -54.95282232632759900, 20.95921555339655029, -6.042575751263660422 ) ) ;
#2246 = VERTEX_POINT ( 'NONE', #5265 ) ;
#2247 = ORIENTED_EDGE ( 'NONE', *, *, #4352, .F. ) ;
#2248 = EDGE_CURVE ( 'NONE', #1325, #2166, #265, .T. ) ;
#2249 = DIRECTION ( 'NONE',  ( 0.000000000000000000, 0.000000000000000000, -1.000000000000000000 ) ) ;
#2250 = CARTESIAN_POINT ( 'NONE',  ( -16.03771123876025229, 46.52483021900085447, 44.38928196958431016 ) ) ;
#2251 = ORIENTED_EDGE ( 'NONE', *, *, #2052, .T. ) ;
#2252 = CARTESIAN_POINT ( 'NONE',  ( -14.42277167645602098, -6.131693537528450477, 17.67766952966370297 ) ) ;
#2253 = ORIENTED_EDGE ( 'NONE', *, *, #1414, .F. ) ;
#2254 = CARTESIAN_POINT ( 'NONE',  ( -17.16506331988246714, 47.50022970506704922, 49.09261860826972423 ) ) ;
#2255 = ORIENTED_EDGE ( 'NONE', *, *, #2649, .F. ) ;
#2256 = ADVANCED_FACE ( 'NONE', ( #3571 ), #3194, .F. ) ;
#2257 = CARTESIAN_POINT ( 'NONE',  ( -25.29346926866904965, 45.36830646247160104, 27.17766952966350047 ) ) ;
#2258 = CARTESIAN_POINT ( 'NONE',  ( -48.99300537517730447, 11.63006013148398665, 44.22791147483519580 ) ) ;
#2259 = CARTESIAN_POINT ( 'NONE',  ( -50.98502200019039776, 13.81424158157729920, 48.92570270854215408 ) ) ;
#2260 = LINE ( 'NONE', #1846, #3755 ) ;
#2261 = DIRECTION ( 'NONE',  ( 0.000000000000000000, 1.000000000000000000, 0.000000000000000000 ) ) ;
#2262 = ORIENTED_EDGE ( 'NONE', *, *, #3001, .T. ) ;
#2263 = CIRCLE ( 'NONE', #930, 5.499999999999998224 ) ;
#2264 = ADVANCED_FACE ( 'NONE', ( #1955 ), #2528, .F. ) ;
#2265 = CIRCLE ( 'NONE', #464, 5.499999999999998224 ) ;
#2266 = CYLINDRICAL_SURFACE ( 'NONE', #5096, 20.99999999999494804 ) ;
#2267 = CARTESIAN_POINT ( 'NONE',  ( -14.42277167645602098, 3.868306462471565066, 17.67766952966370297 ) ) ;
#2268 = ORIENTED_EDGE ( 'NONE', *, *, #960, .T. ) ;
#2269 = CARTESIAN_POINT ( 'NONE',  ( -50.74910195230044252, 13.52586418265980939, 45.24905643850704706 ) ) ;
#2270 = AXIS2_PLACEMENT_3D ( 'NONE', #3450, #508, #4292 ) ;
#2271 = CARTESIAN_POINT ( 'NONE',  ( -50.72598657471064598, 44.23849793181179990, 49.50986210054514203 ) ) ;
#2272 = CIRCLE ( 'NONE', #1021, 3.300000000000000711 ) ;
#2273 = CARTESIAN_POINT ( 'NONE',  ( -47.08938735987237578, 47.76548287664444814, 48.14241815882219555 ) ) ;
#2274 = CARTESIAN_POINT ( 'NONE',  ( -17.75908638567463527, 44.02730015631889415, 45.70182206573274186 ) ) ;
#2275 = VECTOR ( 'NONE', #2473, 1000.000000000000114 ) ;
#2276 = CIRCLE ( 'NONE', #310, 1.999999999999998224 ) ;
#2277 = DIRECTION ( 'NONE',  ( 0.000000000000000000, 0.000000000000000000, 1.000000000000000000 ) ) ;
#2278 = DIRECTION ( 'NONE',  ( 0.000000000000000000, -1.000000000000000000, 0.000000000000000000 ) ) ;
#2279 = EDGE_LOOP ( 'NONE', ( #2114, #3349, #1238, #3901 ) ) ;
#2280 = VERTEX_POINT ( 'NONE', #4447 ) ;
#2281 = AXIS2_PLACEMENT_3D ( 'NONE', #2267, #647, #1458 ) ;
#2282 = VECTOR ( 'NONE', #2395, 1000.000000000000000 ) ;
#2283 = FACE_BOUND ( 'NONE', #2732, .T. ) ;
#2284 = CARTESIAN_POINT ( 'NONE',  ( -17.37867492363675126, 47.67120292911447166, 46.17836492443458241 ) ) ;
#2285 = B_SPLINE_CURVE_WITH_KNOTS ( 'NONE', 3,
 ( #1755, #3806, #5059, #5495, #4197, #865, #1258, #2977, #2102, #3435 ),
 .UNSPECIFIED., .F., .F.,
 ( 4, 2, 2, 2, 4 ),
 ( 0.000000000000000000, 0.2500000000000121014, 0.3750000000000110467, 0.5000000000000099920, 1.000000000000000000 ),
 .UNSPECIFIED. ) ;
#2286 = VERTEX_POINT ( 'NONE', #3275 ) ;
#2287 = CARTESIAN_POINT ( 'NONE',  ( -16.59811073578335083, -64.59143548592969353, 34.35882444406045266 ) ) ;
#2288 = EDGE_CURVE ( 'NONE', #3545, #4416, #1556, .T. ) ;
#2289 = ORIENTED_EDGE ( 'NONE', *, *, #3164, .F. ) ;
#2290 = CARTESIAN_POINT ( 'NONE',  ( -16.81321678760037841, 47.20878998059519915, 49.66709794175528714 ) ) ;
#2291 = ORIENTED_EDGE ( 'NONE', *, *, #1058, .F. ) ;
#2292 = VERTEX_POINT ( 'NONE', #1109 ) ;
#2293 = AXIS2_PLACEMENT_3D ( 'NONE', #3262, #1600, #2047 ) ;
#2294 = DIRECTION ( 'NONE',  ( 1.000000000000000000, 0.000000000000000000, 0.000000000000000000 ) ) ;
#2295 = CARTESIAN_POINT ( 'NONE',  ( -48.42914469484958317, 11.10204616626171692, 44.45721672736866026 ) ) ;
#2296 = CARTESIAN_POINT ( 'NONE',  ( -51.00857196146183981, 13.84354131624620265, 48.85466968324111292 ) ) ;
#2297 = VECTOR ( 'NONE', #2762, 1000.000000000000000 ) ;
#2298 = CARTESIAN_POINT ( 'NONE',  ( -49.77811073578330081, -2.931693537528434756, -17.67766952966370297 ) ) ;
#2299 = DIRECTION ( 'NONE',  ( 0.000000000000000000, -1.000000000000000000, 0.000000000000000000 ) ) ;
#2300 = AXIS2_PLACEMENT_3D ( 'NONE', #1501, #601, #1019 ) ;
#2301 = LINE ( 'NONE', #705, #4740 ) ;
#2302 = CARTESIAN_POINT ( 'NONE',  ( -16.41659854033260046, 10.87085007479448429, 44.64060690654531527 ) ) ;
#2303 = ORIENTED_EDGE ( 'NONE', *, *, #3229, .T. ) ;
#2304 = CARTESIAN_POINT ( 'NONE',  ( -20.79346926866904965, 18.86830646247155130, 39.85882444406045266 ) ) ;
#2305 = ADVANCED_FACE ( 'NONE', ( #3632 ), #5350, .T. ) ;
#2306 = CARTESIAN_POINT ( 'NONE',  ( -51.10062472501552833, 43.77773018179105691, 48.52127612559316105 ) ) ;
#2307 = EDGE_LOOP ( 'NONE', ( #3110, #2841, #2687, #3820 ) ) ;
#2308 = CYLINDRICAL_SURFACE ( 'NONE', #4308, 5.499999999999998224 ) ;
#2309 = DIRECTION ( 'NONE',  ( 1.000000000000000000, 0.000000000000000000, 0.000000000000000000 ) ) ;
#2310 = FACE_OUTER_BOUND ( 'NONE', #3638, .T. ) ;
#2311 = CYLINDRICAL_SURFACE ( 'NONE', #4930, 0.5000000000000004441 ) ;
#2312 = ORIENTED_EDGE ( 'NONE', *, *, #1632, .T. ) ;
#2313 = EDGE_LOOP ( 'NONE', ( #2, #4123, #2291, #1342 ) ) ;
#2314 = DIRECTION ( 'NONE',  ( 0.000000000000000000, 1.000000000000000000, 0.000000000000000000 ) ) ;
#2315 = CARTESIAN_POINT ( 'NONE',  ( -69.59811073578329399, 3.868306462471565066, 17.78130422224800000 ) ) ;
#2316 = ORIENTED_EDGE ( 'NONE', *, *, #3372, .F. ) ;
#2317 = DIRECTION ( 'NONE',  ( 0.000000000000000000, 1.000000000000000000, 0.000000000000000000 ) ) ;
#2318 = ORIENTED_EDGE ( 'NONE', *, *, #2477, .F. ) ;
#2319 = CARTESIAN_POINT ( 'NONE',  ( -14.18884071821760173, 44.62338381678426202, 49.96708018885249203 ) ) ;
#2320 = VERTEX_POINT ( 'NONE', #2402 ) ;
#2321 = FACE_OUTER_BOUND ( 'NONE', #285, .T. ) ;
#2322 = EDGE_CURVE ( 'NONE', #2730, #823, #457, .T. ) ;
#2323 = CARTESIAN_POINT ( 'NONE',  ( -47.03664565640320205, 9.930546563270450378, 47.35882438196059496 ) ) ;
#2324 = CARTESIAN_POINT ( 'NONE',  ( -47.59811073578330110, -6.131693537528450477, 39.35882444406044556 ) ) ;
#2325 = PLANE ( 'NONE',  #1551 ) ;
#2326 = CARTESIAN_POINT ( 'NONE',  ( -20.11074036617396743, 50.11429676277849410, 35.04616108363127580 ) ) ;
#2327 = VERTEX_POINT ( 'NONE', #4083 ) ;
#2328 = DIRECTION ( 'NONE',  ( -2.775557561562889810E-17, 1.000000000000000000, 0.000000000000000000 ) ) ;
#2329 = CARTESIAN_POINT ( 'NONE',  ( -17.38779399670075065, 10.05817941110180058, 46.20913200877915727 ) ) ;
#2330 = CARTESIAN_POINT ( 'NONE',  ( -14.42277167645602098, -2.931693537528434756, 14.17766952966370120 ) ) ;
#2331 = VERTEX_POINT ( 'NONE', #4419 ) ;
#2332 = LINE ( 'NONE', #2628, #1039 ) ;
#2333 = EDGE_CURVE ( 'NONE', #1494, #368, #4906, .T. ) ;
#2334 = CARTESIAN_POINT ( 'NONE',  ( -52.29178331392370183, -64.59143548592969353, 24.17766952966350047 ) ) ;
#2335 = CARTESIAN_POINT ( 'NONE',  ( -18.51480033117735147, 8.954375923019691541, 35.45468474723795538 ) ) ;
#2336 = CARTESIAN_POINT ( 'NONE',  ( -32.29346926866904965, 28.86830646247155130, 39.85882444406045266 ) ) ;
#2337 = ORIENTED_EDGE ( 'NONE', *, *, #4971, .T. ) ;
#2338 = ORIENTED_EDGE ( 'NONE', *, *, #2935, .T. ) ;
#2339 = ORIENTED_EDGE ( 'NONE', *, *, #2723, .T. ) ;
#2340 = CARTESIAN_POINT ( 'NONE',  ( -24.79346926866904965, 42.86830646247155130, 37.85882444406049530 ) ) ;
#2341 = DIRECTION ( 'NONE',  ( 0.000000000000000000, 0.000000000000000000, -1.000000000000000000 ) ) ;
#2342 = EDGE_CURVE ( 'NONE', #3083, #3191, #208, .T. ) ;
#2343 = ORIENTED_EDGE ( 'NONE', *, *, #1926, .T. ) ;
#2344 = CARTESIAN_POINT ( 'NONE',  ( -49.77811073578330081, -5.931693537528449411, -14.37766952966370049 ) ) ;
#2345 = ORIENTED_EDGE ( 'NONE', *, *, #4088, .F. ) ;
#2346 = CARTESIAN_POINT ( 'NONE',  ( -15.19261920717163683, 45.70861056100576292, 50.50899585885141363 ) ) ;
#2347 = ORIENTED_EDGE ( 'NONE', *, *, #585, .T. ) ;
#2348 = LINE ( 'NONE', #217, #1308 ) ;
#2349 = CARTESIAN_POINT ( 'NONE',  ( -47.73938000949691940, 14.63920740108346941, 45.87540746983084006 ) ) ;
#2350 = DIRECTION ( 'NONE',  ( 0.8802604478393021292, 0.4744908260122120969, 0.000000000000000000 ) ) ;
#2351 = LINE ( 'NONE', #250, #3231 ) ;
#2352 = CARTESIAN_POINT ( 'NONE',  ( -19.95877096580926846, 50.11429676277850831, 34.96038496233004622 ) ) ;
#2353 = CARTESIAN_POINT ( 'NONE',  ( -13.96238680021836132, 13.37740917188986067, 45.04223793219060923 ) ) ;
#2354 = CARTESIAN_POINT ( 'NONE',  ( -46.02260041282013958, 44.75895653761313753, 46.60637532624338775 ) ) ;
#2355 = AXIS2_PLACEMENT_3D ( 'NONE', #1683, #3417, #3810 ) ;
#2356 = FACE_OUTER_BOUND ( 'NONE', #2474, .T. ) ;
#2357 = B_SPLINE_CURVE_WITH_KNOTS ( 'NONE', 3,
 ( #4286, #956, #4348, #528, #3537, #1324, #4374, #3015 ),
 .UNSPECIFIED., .F., .F.,
 ( 4, 2, 2, 4 ),
 ( 0.000000000000000000, 0.2499999999999988898, 0.4999999999999977796, 1.000000000000000000 ),
 .UNSPECIFIED. ) ;
#2358 = ORIENTED_EDGE ( 'NONE', *, *, #1352, .F. ) ;
#2359 = FACE_BOUND ( 'NONE', #1862, .T. ) ;
#2360 = ADVANCED_FACE ( 'NONE', ( #1983 ), #4573, .F. ) ;
#2361 = ORIENTED_EDGE ( 'NONE', *, *, #977, .T. ) ;
#2362 = CONICAL_SURFACE ( 'NONE', #659, 14.69999999999999929, 0.7853981633974377319 ) ;
#2363 = CARTESIAN_POINT ( 'NONE',  ( -11.72177589963459887, 14.19347247122296096, 23.95156133674282728 ) ) ;
#2364 = CARTESIAN_POINT ( 'NONE',  ( -55.93440689421592538, 20.79460108199764790, 34.63614057151851000 ) ) ;
#2365 = AXIS2_PLACEMENT_3D ( 'NONE', #1064, #942, #2647 ) ;
#2366 = CARTESIAN_POINT ( 'NONE',  ( -16.55187853661968234, 10.75195135706654170, 49.95413972965866378 ) ) ;
#2367 = ORIENTED_EDGE ( 'NONE', *, *, #725, .T. ) ;
#2368 = EDGE_CURVE ( 'NONE', #4349, #64, #1912, .T. ) ;
#2369 = ORIENTED_EDGE ( 'NONE', *, *, #952, .F. ) ;
#2370 = CARTESIAN_POINT ( 'NONE',  ( -12.57812370211967945, 18.86830646247155130, 22.17766952966350047 ) ) ;
#2371 = AXIS2_PLACEMENT_3D ( 'NONE', #2404, #210, #3607 ) ;
#2372 = CIRCLE ( 'NONE', #5449, 21.00000537967435221 ) ;
#2373 = CYLINDRICAL_SURFACE ( 'NONE', #4729, 5.500000000000000000 ) ;
#2374 = ORIENTED_EDGE ( 'NONE', *, *, #3502, .F. ) ;
#2375 = CARTESIAN_POINT ( 'NONE',  ( -47.03664565641080486, 47.80606636168079859, 47.35882438196049549 ) ) ;
#2376 = VECTOR ( 'NONE', #4310, 1000.000000000000000 ) ;
#2377 = ORIENTED_EDGE ( 'NONE', *, *, #86, .F. ) ;
#2378 = VECTOR ( 'NONE', #2030, 1000.000000000000000 ) ;
#2379 = ADVANCED_FACE ( 'NONE', ( #3166 ), #2373, .F. ) ;
#2380 = CARTESIAN_POINT ( 'NONE',  ( -15.58892783503988966, 46.10483261693070745, 50.50847787722094751 ) ) ;
#2381 = CARTESIAN_POINT ( 'NONE',  ( -43.79346926866904965, 11.29702307165944042, 39.85882444406045266 ) ) ;
#2382 = CARTESIAN_POINT ( 'NONE',  ( -48.02195362900085485, 14.95352542569825438, 46.23725907234853594 ) ) ;
#2383 = CARTESIAN_POINT ( 'NONE',  ( -49.77811073578330081, -2.931693537528434756, -17.67766952966370297 ) ) ;
#2384 = CARTESIAN_POINT ( 'NONE',  ( -21.79346926866904965, 49.11429676277849410, 27.17766952966350047 ) ) ;
#2385 = CARTESIAN_POINT ( 'NONE',  ( -18.89865200762394082, 50.11429676277849410, 34.56251418202086256 ) ) ;
#2386 = CARTESIAN_POINT ( 'NONE',  ( -9.442155208850008918, 3.868306462471565066, 21.88268894962254763 ) ) ;
#2387 = ADVANCED_FACE ( 'NONE', ( #4856 ), #2362, .T. ) ;
#2388 = AXIS2_PLACEMENT_3D ( 'NONE', #576, #128, #2294 ) ;
#2389 = CARTESIAN_POINT ( 'NONE',  ( -46.15632110770653895, 44.64250169673143631, 46.32188052300564607 ) ) ;
#2390 = DIRECTION ( 'NONE',  ( 0.000000000000000000, 0.000000000000000000, -1.000000000000000000 ) ) ;
#2391 = EDGE_LOOP ( 'NONE', ( #2969, #2268, #3880, #3133 ) ) ;
#2392 = CARTESIAN_POINT ( 'NONE',  ( -32.10044120611970442, -10.13169353752843982, 0.000000000000000000 ) ) ;
#2393 = ORIENTED_EDGE ( 'NONE', *, *, #1240, .F. ) ;
#2394 = VECTOR ( 'NONE', #5210, 1000.000000000000114 ) ;
#2395 = DIRECTION ( 'NONE',  ( 0.000000000000000000, 1.000000000000000000, 0.000000000000000000 ) ) ;
#2396 = ADVANCED_FACE ( 'NONE', ( #1081 ), #2843, .F. ) ;
#2397 = CARTESIAN_POINT ( 'NONE',  ( -55.31757730662034334, 20.89787325434850374, 35.20541535365223496 ) ) ;
#2398 = CARTESIAN_POINT ( 'NONE',  ( -16.84366005902878172, 10.50250100255122732, 49.62157889204124217 ) ) ;
#2399 = VERTEX_POINT ( 'NONE', #4533 ) ;
#2400 = ORIENTED_EDGE ( 'NONE', *, *, #3102, .F. ) ;
#2401 = DIRECTION ( 'NONE',  ( -1.000000000000000000, 0.000000000000000000, 0.000000000000000000 ) ) ;
#2402 = CARTESIAN_POINT ( 'NONE',  ( -17.55029288094119622, 47.80606636166629642, 47.35882438196059496 ) ) ;
#2403 = EDGE_LOOP ( 'NONE', ( #5023, #3574, #2262, #1478 ) ) ;
#2404 = CARTESIAN_POINT ( 'NONE',  ( -49.77811073578359924, 3.868306462471565066, 17.67766952966350047 ) ) ;
#2405 = ORIENTED_EDGE ( 'NONE', *, *, #4315, .F. ) ;
#2406 = CARTESIAN_POINT ( 'NONE',  ( -19.79346926866905321, 10.76443947225271991, 54.85882444406049530 ) ) ;
#2407 = B_SPLINE_CURVE_WITH_KNOTS ( 'NONE', 3,
 ( #3656, #2811, #3217, #1140 ),
 .UNSPECIFIED., .F., .F.,
 ( 4, 4 ),
 ( 0.000000000000000000, 1.000000000000000000 ),
 .UNSPECIFIED. ) ;
#2408 = CARTESIAN_POINT ( 'NONE',  ( -25.29346926866904965, 45.36830646247160104, 21.97462444406049897 ) ) ;
#2409 = EDGE_CURVE ( 'NONE', #3253, #4684, #2427, .T. ) ;
#2410 = CARTESIAN_POINT ( 'NONE',  ( -46.98417725223161767, 13.86050919768696943, 45.65863939245841863 ) ) ;
#2411 = DIRECTION ( 'NONE',  ( 0.000000000000000000, 0.000000000000000000, 1.000000000000000000 ) ) ;
#2412 = CARTESIAN_POINT ( 'NONE',  ( -14.42277167645590019, -6.131693537528450477, -21.17766952966359995 ) ) ;
#2413 = CARTESIAN_POINT ( 'NONE',  ( -14.52055121870413146, 12.73996536468762741, 44.46169032403793864 ) ) ;
#2414 = ADVANCED_FACE ( 'NONE', ( #3688 ), #4242, .F. ) ;
#2415 = FACE_OUTER_BOUND ( 'NONE', #3846, .T. ) ;
#2416 = DIRECTION ( 'NONE',  ( 0.000000000000000000, 1.000000000000000000, 0.000000000000000000 ) ) ;
#2417 = ORIENTED_EDGE ( 'NONE', *, *, #4324, .F. ) ;
#2418 = CARTESIAN_POINT ( 'NONE',  ( -49.77811073578359924, 3.868306462471565066, 17.67766952966350047 ) ) ;
#2419 = ORIENTED_EDGE ( 'NONE', *, *, #3664, .F. ) ;
#2420 = CARTESIAN_POINT ( 'NONE',  ( -16.59811073578335083, -1.131693537528442040, 34.35882444406045266 ) ) ;
#2421 = DIRECTION ( 'NONE',  ( 0.000000000000000000, -1.000000000000000000, 0.000000000000000000 ) ) ;
#2422 = CARTESIAN_POINT ( 'NONE',  ( -17.26874528949100451, 10.15317187952409483, 48.85456598984710297 ) ) ;
#2423 = ORIENTED_EDGE ( 'NONE', *, *, #4164, .T. ) ;
#2424 = ORIENTED_EDGE ( 'NONE', *, *, #4558, .F. ) ;
#2425 = ADVANCED_FACE ( 'NONE', ( #3295 ), #1267, .T. ) ;
#2426 = CARTESIAN_POINT ( 'NONE',  ( -21.79346926866904965, 49.11429676277849410, 54.85882444406049530 ) ) ;
#2427 = LINE ( 'NONE', #4106, #753 ) ;
#2428 = VERTEX_POINT ( 'NONE', #394 ) ;
#2429 = CARTESIAN_POINT ( 'NONE',  ( -47.04974924709370043, 47.79599692723410698, 46.97199345025678241 ) ) ;
#2430 = VERTEX_POINT ( 'NONE', #2038 ) ;
#2431 = EDGE_CURVE ( 'NONE', #3155, #2455, #4135, .T. ) ;
#2432 = CARTESIAN_POINT ( 'NONE',  ( -16.22150472999692994, 46.69223617877506882, 50.22033252623366906 ) ) ;
#2433 = CARTESIAN_POINT ( 'NONE',  ( -45.92519943293757478, 12.89384262668905734, 46.91511326483011857 ) ) ;
#2434 = LINE ( 'NONE', #3697, #4924 ) ;
#2435 = EDGE_CURVE ( 'NONE', #4148, #4, #3716, .T. ) ;
#2436 = CARTESIAN_POINT ( 'NONE',  ( -39.29346926866904965, 42.86830646247155130, 27.17766952966350047 ) ) ;
#2437 = VERTEX_POINT ( 'NONE', #5068 ) ;
#2438 = ADVANCED_FACE ( 'NONE', ( #418 ), #4184, .T. ) ;
#2439 = CARTESIAN_POINT ( 'NONE',  ( -13.49688077783054041, 13.94555566114537548, 46.15220181640344066 ) ) ;
#2440 = LINE ( 'NONE', #2096, #684 ) ;
#2441 = CARTESIAN_POINT ( 'NONE',  ( -49.77811073578330081, 3.868306462471565066, -17.67766952966370297 ) ) ;
#2442 = CARTESIAN_POINT ( 'NONE',  ( -32.29346926866904965, 28.86830646247155130, 34.35882444406045266 ) ) ;
#2443 = PLANE ( 'NONE',  #2458 ) ;
#2444 = ORIENTED_EDGE ( 'NONE', *, *, #5204, .T. ) ;
#2445 = VECTOR ( 'NONE', #2494, 1000.000000000000000 ) ;
#2446 = DIRECTION ( 'NONE',  ( 0.000000000000000000, 0.000000000000000000, -1.000000000000000000 ) ) ;
#2447 = CARTESIAN_POINT ( 'NONE',  ( -48.02044063663525009, 42.78479060116571731, 48.48280443082138191 ) ) ;
#2448 = CARTESIAN_POINT ( 'NONE',  ( -15.45176013261327341, 11.76883910912143882, 50.50913223944392882 ) ) ;
#2449 = ORIENTED_EDGE ( 'NONE', *, *, #492, .F. ) ;
#2450 = AXIS2_PLACEMENT_3D ( 'NONE', #4092, #4889, #1875 ) ;
#2451 = CARTESIAN_POINT ( 'NONE',  ( 0.000000000000000000, 50.11429676277849410, 27.17766952966350047 ) ) ;
#2452 = AXIS2_PLACEMENT_3D ( 'NONE', #2383, #4091, #1991 ) ;
#2453 = CONICAL_SURFACE ( 'NONE', #914, 3.150000000000003464, 0.7853981633974560506 ) ;
#2454 = DIRECTION ( 'NONE',  ( 1.000000000000000000, 0.000000000000000000, 0.000000000000000000 ) ) ;
#2455 = VERTEX_POINT ( 'NONE', #3738 ) ;
#2456 = DIRECTION ( 'NONE',  ( 1.000000000000000000, 0.000000000000000000, 0.000000000000000000 ) ) ;
#2457 = ORIENTED_EDGE ( 'NONE', *, *, #2119, .F. ) ;
#2458 = AXIS2_PLACEMENT_3D ( 'NONE', #1603, #3287, #3310 ) ;
#2459 = CIRCLE ( 'NONE', #214, 1.699999999999999734 ) ;
#2460 = CARTESIAN_POINT ( 'NONE',  ( -18.66192902117585817, 12.89368324730111581, 47.80127121687465319 ) ) ;
#2461 = CARTESIAN_POINT ( 'NONE',  ( -23.29346926866904965, 16.86830646247155130, 39.85882444406045266 ) ) ;
#2462 = ADVANCED_FACE ( 'NONE', ( #1686 ), #4554, .T. ) ;
#2463 = CIRCLE ( 'NONE', #674, 5.499999999999998224 ) ;
#2464 = CIRCLE ( 'NONE', #124, 3.300000000000000711 ) ;
#2465 = FACE_OUTER_BOUND ( 'NONE', #167, .T. ) ;
#2466 = CARTESIAN_POINT ( 'NONE',  ( -14.16782353535002947, 13.13741563970665638, 49.94375005665546752 ) ) ;
#2467 = DIRECTION ( 'NONE',  ( 1.000000000000000000, 7.160938508832261263E-15, 0.000000000000000000 ) ) ;
#2468 = AXIS2_PLACEMENT_3D ( 'NONE', #539, #158, #3519 ) ;
#2469 = DIRECTION ( 'NONE',  ( -1.000000000000000000, 0.000000000000000000, 0.000000000000000000 ) ) ;
#2470 = DIRECTION ( 'NONE',  ( -5.551115123125783491E-15, 0.000000000000000000, 1.000000000000000000 ) ) ;
#2471 = AXIS2_PLACEMENT_3D ( 'NONE', #3170, #245, #3199 ) ;
#2472 = CARTESIAN_POINT ( 'NONE',  ( -16.85391589224916231, 14.63353726121163412, 45.88317234205370454 ) ) ;
#2473 = DIRECTION ( 'NONE',  ( 0.000000000000000000, 0.7071067811865489050, 0.7071067811865460184 ) ) ;
#2474 = EDGE_LOOP ( 'NONE', ( #257, #1527, #479, #2203 ) ) ;
#2475 = AXIS2_PLACEMENT_3D ( 'NONE', #3790, #2655, #951 ) ;
#2476 = CARTESIAN_POINT ( 'NONE',  ( -43.79346926866904965, 11.29702307165944042, 69.85882444406040293 ) ) ;
#2477 = EDGE_CURVE ( 'NONE', #368, #632, #2459, .T. ) ;
#2478 = CARTESIAN_POINT ( 'NONE',  ( -14.42277167645602098, -5.931693537528449411, 20.97766952966370013 ) ) ;
#2479 = CARTESIAN_POINT ( 'NONE',  ( -16.81467559361945163, 10.52693241246918632, 49.65992756663034413 ) ) ;
#2480 = VECTOR ( 'NONE', #4744, 1000.000000000000000 ) ;
#2481 = EDGE_LOOP ( 'NONE', ( #656, #919, #1470, #2393 ) ) ;
#2482 = CARTESIAN_POINT ( 'NONE',  ( -14.42277167645602098, -6.131693537528450477, 14.17766952966367988 ) ) ;
#2483 = LINE ( 'NONE', #4160, #567 ) ;
#2484 = ORIENTED_EDGE ( 'NONE', *, *, #1617, .T. ) ;
#2485 = CARTESIAN_POINT ( 'NONE',  ( -48.40273316961778960, 46.65851777725397653, 44.47350580050529345 ) ) ;
#2486 = ORIENTED_EDGE ( 'NONE', *, *, #4389, .T. ) ;
#2487 = LINE ( 'NONE', #4166, #3480 ) ;
#2488 = CARTESIAN_POINT ( 'NONE',  ( -45.46088799517529822, 50.11429676277849410, 34.62936293394101739 ) ) ;
#2489 = CARTESIAN_POINT ( 'NONE',  ( -13.81962931959378338, 13.54773683616688196, 49.43463754915298125 ) ) ;
#2490 = FACE_BOUND ( 'NONE', #3719, .T. ) ;
#2491 = EDGE_CURVE ( 'NONE', #5070, #2880, #2272, .T. ) ;
#2492 = CARTESIAN_POINT ( 'NONE',  ( -32.10044120611970442, 3.868306462471565066, 24.17766952966350047 ) ) ;
#2493 = CARTESIAN_POINT ( 'NONE',  ( -32.10044120611970442, 3.868306462471565066, 0.000000000000000000 ) ) ;
#2494 = DIRECTION ( 'NONE',  ( 1.000000000000000000, 0.000000000000000000, 0.000000000000000000 ) ) ;
#2495 = CARTESIAN_POINT ( 'NONE',  ( -47.59811073578330110, 18.86830646247155130, 27.17766952966350047 ) ) ;
#2496 = VERTEX_POINT ( 'NONE', #4583 ) ;
#2497 = DIRECTION ( 'NONE',  ( 0.000000000000000000, 1.000000000000000000, 0.000000000000000000 ) ) ;
#2498 = CARTESIAN_POINT ( 'NONE',  ( -18.95060141234973372, 8.954375923019693317, 35.99981676397916885 ) ) ;
#2499 = FACE_OUTER_BOUND ( 'NONE', #1440, .T. ) ;
#2500 = ORIENTED_EDGE ( 'NONE', *, *, #2613, .F. ) ;
#2501 = CARTESIAN_POINT ( 'NONE',  ( -47.72906450446011206, 47.24607391171161197, 49.60246749560251089 ) ) ;
#2502 = CARTESIAN_POINT ( 'NONE',  ( -23.29346926866904965, 14.36830646247156018, 14.15302444406045979 ) ) ;
#2503 = VERTEX_POINT ( 'NONE', #4652 ) ;
#2504 = CARTESIAN_POINT ( 'NONE',  ( -48.02934110533583834, 46.98962917567227748, 44.76904806279007687 ) ) ;
#2505 = ORIENTED_EDGE ( 'NONE', *, *, #1877, .T. ) ;
#2506 = PRODUCT_DEFINITION ( 'æœ', '', #4664, #52 ) ;
#2507 = CARTESIAN_POINT ( 'NONE',  ( -47.59811073578330110, 14.28573076751572124, 24.17766952966350047 ) ) ;
#2508 = CARTESIAN_POINT ( 'NONE',  ( -20.79346926866904965, 11.29702307165944042, 54.85882444406049530 ) ) ;
#2509 = CARTESIAN_POINT ( 'NONE',  ( -43.79346926866904965, 9.954375923019689765, 54.85882444406049530 ) ) ;
#2510 = CARTESIAN_POINT ( 'NONE',  ( -32.10044120611970442, 3.868306462471565066, 0.000000000000000000 ) ) ;
#2511 = CARTESIAN_POINT ( 'NONE',  ( -47.66378641584161358, 10.43589397545475173, 49.51004705973466713 ) ) ;
#2512 = CARTESIAN_POINT ( 'NONE',  ( -17.28567200390371639, 14.17759847889752933, 45.65863939247431347 ) ) ;
#2513 = DIRECTION ( 'NONE',  ( 0.000000000000000000, -1.000000000000000000, 0.000000000000000000 ) ) ;
#2514 = CARTESIAN_POINT ( 'NONE',  ( -32.10044120611970442, -6.131693537528450477, 29.35882444406044911 ) ) ;
#2515 = FACE_OUTER_BOUND ( 'NONE', #4689, .T. ) ;
#2516 = EDGE_CURVE ( 'NONE', #3850, #3311, #768, .T. ) ;
#2517 = CARTESIAN_POINT ( 'NONE',  ( -32.10044120611970442, -11.13169353752843982, 15.69999999999999929 ) ) ;
#2518 = CARTESIAN_POINT ( 'NONE',  ( -4.466187899036699882, 3.868306462471565066, 17.30248052294775007 ) ) ;
#2519 = VERTEX_POINT ( 'NONE', #848 ) ;
#2520 = AXIS2_PLACEMENT_3D ( 'NONE', #2392, #5341, #2855 ) ;
#2521 = CARTESIAN_POINT ( 'NONE',  ( -50.42356897173399943, 44.59406027608309131, 49.93872561674053401 ) ) ;
#2522 = CARTESIAN_POINT ( 'NONE',  ( -19.79346926866905321, 10.76443947225271991, 39.85882444406045266 ) ) ;
#2523 = EDGE_CURVE ( 'NONE', #3155, #904, #3052, .T. ) ;
#2524 = VECTOR ( 'NONE', #497, 1000.000000000000000 ) ;
#2525 = ORIENTED_EDGE ( 'NONE', *, *, #4217, .T. ) ;
#2526 = CARTESIAN_POINT ( 'NONE',  ( -50.29369915852101514, 44.74259053040965028, 44.64387346808121038 ) ) ;
#2527 = ORIENTED_EDGE ( 'NONE', *, *, #2224, .F. ) ;
#2528 = CONICAL_SURFACE ( 'NONE', #3842, 3.149999999999999467, 0.7853981633974456145 ) ;
#2529 = CARTESIAN_POINT ( 'NONE',  ( -49.77811073578359924, 3.868306462471565066, 17.67766952966350047 ) ) ;
#2530 = EDGE_CURVE ( 'NONE', #4968, #1749, #1634, .T. ) ;
#2531 = ORIENTED_EDGE ( 'NONE', *, *, #1849, .F. ) ;
#2532 = CARTESIAN_POINT ( 'NONE',  ( -17.34671137188210466, 8.954375923019691541, 34.68702059999642984 ) ) ;
#2533 = AXIS2_PLACEMENT_3D ( 'NONE', #4682, #3212, #3626 ) ;
#2534 = CARTESIAN_POINT ( 'NONE',  ( -53.06454290485630310, 21.61830646248599663, 54.85882444406049530 ) ) ;
#2535 = B_SPLINE_CURVE_WITH_KNOTS ( 'NONE', 3,
 ( #3620, #2708, #3555, #226 ),
 .UNSPECIFIED., .F., .F.,
 ( 4, 4 ),
 ( 0.000000000000000000, 1.000000000000000000 ),
 .UNSPECIFIED. ) ;
#2536 = DIRECTION ( 'NONE',  ( 0.000000000000000000, 1.000000000000000000, 0.000000000000000000 ) ) ;
#2537 = VECTOR ( 'NONE', #5238, 1000.000000000000000 ) ;
#2538 = AXIS2_PLACEMENT_3D ( 'NONE', #5223, #1878, #137 ) ;
#2539 = VERTEX_POINT ( 'NONE', #1707 ) ;
#2540 = CARTESIAN_POINT ( 'NONE',  ( -47.20536343806167423, 10.06310996213293762, 48.52958995324888036 ) ) ;
#2541 = CARTESIAN_POINT ( 'NONE',  ( -15.32290652020355104, 45.83886921093699840, 47.35882438196059496 ) ) ;
#2542 = CARTESIAN_POINT ( 'NONE',  ( -45.70874445294254684, 8.954375923019687988, 35.90339320368232023 ) ) ;
#2543 = AXIS2_PLACEMENT_3D ( 'NONE', #3756, #5445, #1656 ) ;
#2544 = EDGE_CURVE ( 'NONE', #126, #2818, #2483, .T. ) ;
#2545 = CARTESIAN_POINT ( 'NONE',  ( -47.79039195928272932, 10.54226730533531864, 45.03456669374514831 ) ) ;
#2546 = CIRCLE ( 'NONE', #850, 5.500000000000000000 ) ;
#2547 = CARTESIAN_POINT ( 'NONE',  ( -47.22282488160971070, 43.63743100424071741, 49.05878041313683013 ) ) ;
#2548 = DIRECTION ( 'NONE',  ( 0.000000000000000000, 1.000000000000000000, 0.000000000000000000 ) ) ;
#2549 = EDGE_CURVE ( 'NONE', #262, #4992, #469, .T. ) ;
#2550 = CARTESIAN_POINT ( 'NONE',  ( -14.42277167645590019, -2.931693537528434756, -17.67766952966359995 ) ) ;
#2551 = LINE ( 'NONE', #892, #853 ) ;
#2552 = EDGE_CURVE ( 'NONE', #2846, #1752, #4608, .T. ) ;
#2553 = CARTESIAN_POINT ( 'NONE',  ( -50.07346567785116775, 44.98884504015698838, 50.25116710426937772 ) ) ;
#2554 = DIRECTION ( 'NONE',  ( 0.000000000000000000, 0.000000000000000000, -1.000000000000000000 ) ) ;
#2555 = CIRCLE ( 'NONE', #489, 3.300000000000000711 ) ;
#2556 = CARTESIAN_POINT ( 'NONE',  ( -50.68507047999842285, 44.28741509822535249, 45.13795313815061405 ) ) ;
#2557 = ORIENTED_EDGE ( 'NONE', *, *, #1586, .F. ) ;
#2558 = CARTESIAN_POINT ( 'NONE',  ( -18.63772192605910050, 9.132031116955959149, 36.35882444406045266 ) ) ;
#2559 = CARTESIAN_POINT ( 'NONE',  ( -32.29346435921620184, 28.86830420341390280, 39.85882444406045266 ) ) ;
#2560 = DIRECTION ( 'NONE',  ( 0.000000000000000000, 1.000000000000000000, 0.000000000000000000 ) ) ;
#2561 = ADVANCED_FACE ( 'NONE', ( #5454 ), #3593, .F. ) ;
#2562 = CARTESIAN_POINT ( 'NONE',  ( -14.59811073578332064, 40.11429676277850120, 27.17766952966350047 ) ) ;
#2563 = PLANE ( 'NONE',  #15 ) ;
#2564 = CARTESIAN_POINT ( 'NONE',  ( -18.06437020730948717, 13.42239572162444716, 45.87540746984671358 ) ) ;
#2565 = FACE_OUTER_BOUND ( 'NONE', #4606, .T. ) ;
#2566 = CARTESIAN_POINT ( 'NONE',  ( -48.03665439106244861, 10.75333672374257965, 44.76196901229629077 ) ) ;
#2567 = DIRECTION ( 'NONE',  ( 0.000000000000000000, 0.000000000000000000, -1.000000000000000000 ) ) ;
#2568 = DIRECTION ( 'NONE',  ( 1.000000000000000000, 0.000000000000000000, 0.000000000000000000 ) ) ;
#2569 = CARTESIAN_POINT ( 'NONE',  ( -32.10044120611970442, -11.13169353752843982, 0.000000000000000000 ) ) ;
#2570 = FACE_OUTER_BOUND ( 'NONE', #1255, .T. ) ;
#2571 = CARTESIAN_POINT ( 'NONE',  ( -48.11896170926981853, 46.91141694553775210, 50.03162251462214982 ) ) ;
#2572 = CARTESIAN_POINT ( 'NONE',  ( -32.29346926866904965, 28.86830646247155130, 36.35882444406050240 ) ) ;
#2573 = DIRECTION ( 'NONE',  ( 0.000000000000000000, 0.000000000000000000, 1.000000000000000000 ) ) ;
#2574 = CARTESIAN_POINT ( 'NONE',  ( -47.63627414621440437, 47.32366173756042116, 45.24849550385350483 ) ) ;
#2575 = ORIENTED_EDGE ( 'NONE', *, *, #4966, .F. ) ;
#2576 = FACE_OUTER_BOUND ( 'NONE', #4765, .T. ) ;
#2577 = VERTEX_POINT ( 'NONE', #815 ) ;
#2578 = EDGE_CURVE ( 'NONE', #654, #5324, #22, .T. ) ;
#2579 = PLANE ( 'NONE',  #3486 ) ;
#2580 = ORIENTED_EDGE ( 'NONE', *, *, #1569, .T. ) ;
#2581 = CARTESIAN_POINT ( 'NONE',  ( -16.92372716924231213, 47.30119843591435824, 49.50920024991810919 ) ) ;
#2582 = ORIENTED_EDGE ( 'NONE', *, *, #3426, .F. ) ;
#2583 = B_SPLINE_CURVE_WITH_KNOTS ( 'NONE', 3,
 ( #169, #3919, #3532, #1432, #1882, #4812, #2681, #5227, #106, #4407, #2306, #5253, #1461, #2240, #4787, #4368, #554, #1820, #3985, #3501, #2271, #1406, #3954, #1856, #523, #3350, #465, #814, #1704, #1321, #3371, #2521, #844, #1660, #5066, #1295, #2986, #3392, #4207, #416, #1685, #2186, #2934, #5088, #5479, #2553, #440, #4240, #5141, #1266, #1244, #791, #4627, #2960, #4183, #3012, #4259, #893, #2595, #4680, #3419, #1345, #872, #2571, #2080, #3866, #391, #3813, #51, #2133, #19, #358, #4282, #2157, #4698, #3442, #4650, #2501, #2109, #5502, #3762, #3834, #1732, #1761, #5043, #5114, #3034, #5451, #3791, #1857, #499, #4438, #2656, #2273, #622, #4371 ),
 .UNSPECIFIED., .F., .F.,
 ( 4, 2, 2, 1, 1, 1, 2, 2, 2, 2, 2, 1, 1, 2, 2, 2, 2, 2, 1, 1, 2, 2, 2, 2, 1, 1, 2, 2, 2, 2, 2, 1, 1, 1, 2, 2, 2, 2, 1, 1, 1, 2, 2, 2, 2, 2, 1, 2, 2, 2, 2, 2, 1, 1, 2, 2, 4 ),
 ( 0.000000000000000000, 0.06250000000007858991, 0.09375000000011791956, 0.1093750000001365019, 0.1171875000001460637, 0.1210937500001518230, 0.1230468750001544181, 0.1250000000001570133, 0.1875000000002030320, 0.2187500000002260692, 0.2343750000002379208, 0.2421875000002437772, 0.2460937500002466916, 0.2480468750002489953, 0.2500000000002512435, 0.2812500000002926548, 0.2968750000003125833, 0.3046875000003242406, 0.3085937500003324008, 0.3105468750003365086, 0.3115234375003370637, 0.3125000000003376188, 0.3437500000002957634, 0.3593750000002756129, 0.3671875000002662315, 0.3710937500002627343, 0.3730468750002617906, 0.3750000000002608469, 0.5000000000002122746, 0.5625000000001888489, 0.5937500000001773026, 0.6093750000001721956, 0.6171875000001698641, 0.6210937500001694200, 0.6230468750001687539, 0.6250000000001680878, 0.6562500000001340039, 0.6718750000001156852, 0.6796875000001064704, 0.6835937500001024736, 0.6855468750001005862, 0.6865234375001006972, 0.6875000000001008083, 0.7187500000000792699, 0.7343750000000691669, 0.7421875000000635048, 0.7460937500000598410, 0.7480468750000580647, 0.7500000000000562883, 0.8125000000000184297, 0.8437499999999995559, 0.8593749999999920064, 0.8671874999999894529, 0.8710937499999881206, 0.8730468749999875655, 0.8749999999999870104, 1.000000000000000000 ),
 .UNSPECIFIED. ) ;
#2584 = CARTESIAN_POINT ( 'NONE',  ( -4.559734238317510346, 13.86830646247156018, 22.17766952966350047 ) ) ;
#2585 = CARTESIAN_POINT ( 'NONE',  ( -47.10910209360523027, 9.987066597806553148, 48.13993047499764089 ) ) ;
#2586 = FACE_OUTER_BOUND ( 'NONE', #5045, .T. ) ;
#2587 = EDGE_CURVE ( 'NONE', #2199, #211, #665, .T. ) ;
#2588 = CARTESIAN_POINT ( 'NONE',  ( -45.69621269522939144, 8.954375923019689765, 35.92016011272630749 ) ) ;
#2589 = ADVANCED_FACE ( 'NONE', ( #3893 ), #2218, .F. ) ;
#2590 = CARTESIAN_POINT ( 'NONE',  ( -17.13449412287047124, 43.40271168463991103, 49.01586674993698978 ) ) ;
#2591 = CARTESIAN_POINT ( 'NONE',  ( -49.77811073578359924, -5.931693537528449411, 14.37766952966349976 ) ) ;
#2592 = CARTESIAN_POINT ( 'NONE',  ( -50.96169085383967712, 13.78546242532678612, 45.72554547824059057 ) ) ;
#2593 = PLANE ( 'NONE',  #3960 ) ;
#2594 = EDGE_CURVE ( 'NONE', #1404, #1973, #1379, .T. ) ;
#2595 = CARTESIAN_POINT ( 'NONE',  ( -48.42606598347225599, 46.63736237570382315, 50.25856010157109210 ) ) ;
#2596 = LINE ( 'NONE', #4789, #4657 ) ;
#2598 = ORIENTED_EDGE ( 'NONE', *, *, #3001, .F. ) ;
#2597 = LINE ( 'NONE', #1764, #3488 ) ;
#2599 = FACE_OUTER_BOUND ( 'NONE', #1927, .T. ) ;
#2600 = EDGE_LOOP ( 'NONE', ( #614, #5379, #4501, #2405, #2832, #4334, #1636 ) ) ;
#2601 = AXIS2_PLACEMENT_3D ( 'NONE', #4668, #4150, #5005 ) ;
#2602 = ADVANCED_FACE ( 'NONE', ( #5144 ), #3682, .F. ) ;
#2603 = VECTOR ( 'NONE', #5360, 1000.000000000000000 ) ;
#2604 = CARTESIAN_POINT ( 'NONE',  ( -16.85817110303664634, 47.24630857917126292, 45.11566011774105789 ) ) ;
#2605 = ORIENTED_EDGE ( 'NONE', *, *, #18, .T. ) ;
#2606 = LINE ( 'NONE', #3044, #21 ) ;
#2607 = EDGE_CURVE ( 'NONE', #4284, #530, #1323, .T. ) ;
#2608 = ORIENTED_EDGE ( 'NONE', *, *, #2544, .T. ) ;
#2609 = CARTESIAN_POINT ( 'NONE',  ( -17.53720050996084723, 47.79600543403284263, 47.74548591192409930 ) ) ;
#2610 = ORIENTED_EDGE ( 'NONE', *, *, #5459, .F. ) ;
#2611 = ORIENTED_EDGE ( 'NONE', *, *, #2690, .F. ) ;
#2612 = DIRECTION ( 'NONE',  ( 0.000000000000000000, 0.000000000000000000, 1.000000000000000000 ) ) ;
#2613 = EDGE_CURVE ( 'NONE', #2455, #292, #4700, .T. ) ;
#2614 = AXIS2_PLACEMENT_3D ( 'NONE', #5267, #1835, #3515 ) ;
#2615 = AXIS2_PLACEMENT_3D ( 'NONE', #5480, #2554, #3394 ) ;
#2616 = CARTESIAN_POINT ( 'NONE',  ( -47.04975468692658325, 9.940620088524061870, 47.74573802299894965 ) ) ;
#2617 = FACE_BOUND ( 'NONE', #5126, .T. ) ;
#2618 = DIRECTION ( 'NONE',  ( 1.000000000000000000, 0.000000000000000000, 0.000000000000000000 ) ) ;
#2619 = CIRCLE ( 'NONE', #2973, 3.300000000000000711 ) ;
#2620 = AXIS2_PLACEMENT_3D ( 'NONE', #459, #1366, #2179 ) ;
#2621 = CARTESIAN_POINT ( 'NONE',  ( -49.26403201714849445, 45.83886921095099609, 47.35882438196049549 ) ) ;
#2622 = CARTESIAN_POINT ( 'NONE',  ( -32.10044120611970442, -11.13169353752843982, -15.69999999999999929 ) ) ;
#2623 = AXIS2_PLACEMENT_3D ( 'NONE', #1939, #1847, #4338 ) ;
#2624 = VERTEX_POINT ( 'NONE', #3068 ) ;
#2625 = CARTESIAN_POINT ( 'NONE',  ( -50.43395821304631710, 13.15454979150626968, 44.79074028492915005 ) ) ;
#2626 = CIRCLE ( 'NONE', #2543, 0.5000000000000004441 ) ;
#2627 = ORIENTED_EDGE ( 'NONE', *, *, #5189, .T. ) ;
#2628 = CARTESIAN_POINT ( 'NONE',  ( -54.75872720338940525, -64.59143548592969353, 21.88268894962254763 ) ) ;
#2629 = VECTOR ( 'NONE', #3360, 1000.000000000000000 ) ;
#2630 = EDGE_CURVE ( 'NONE', #899, #4826, #3847, .T. ) ;
#2631 = DIRECTION ( 'NONE',  ( 0.000000000000000000, -1.000000000000000000, 0.000000000000000000 ) ) ;
#2633 = VERTEX_POINT ( 'NONE', #54 ) ;
#2632 = LINE ( 'NONE', #4347, #3586 ) ;
#2634 = CARTESIAN_POINT ( 'NONE',  ( -14.42277167645602098, -5.931693537528449411, 17.67766952966370297 ) ) ;
#2635 = VECTOR ( 'NONE', #4617, 1000.000000000000000 ) ;
#2636 = VERTEX_POINT ( 'NONE', #1791 ) ;
#2637 = CARTESIAN_POINT ( 'NONE',  ( -16.83061893443535695, 47.22312178659930737, 45.07837427103731187 ) ) ;
#2638 = ORIENTED_EDGE ( 'NONE', *, *, #3798, .T. ) ;
#2639 = CYLINDRICAL_SURFACE ( 'NONE', #4288, 5.000000000000000888 ) ;
#2640 = ORIENTED_EDGE ( 'NONE', *, *, #3975, .T. ) ;
#2641 = AXIS2_PLACEMENT_3D ( 'NONE', #5235, #1054, #3510 ) ;
#2642 = CARTESIAN_POINT ( 'NONE',  ( -17.42827734549304708, 47.71048122289833771, 48.36130775709833074 ) ) ;
#2643 = VERTEX_POINT ( 'NONE', #3444 ) ;
#2644 = ORIENTED_EDGE ( 'NONE', *, *, #1533, .F. ) ;
#2645 = DIRECTION ( 'NONE',  ( 0.000000000000000000, -1.000000000000000000, 0.000000000000000000 ) ) ;
#2646 = ORIENTED_EDGE ( 'NONE', *, *, #28, .F. ) ;
#2647 = DIRECTION ( 'NONE',  ( 0.000000000000000000, 0.000000000000000000, -1.000000000000000000 ) ) ;
#2648 = FACE_OUTER_BOUND ( 'NONE', #3817, .T. ) ;
#2649 = EDGE_CURVE ( 'NONE', #3430, #1866, #2632, .T. ) ;
#2650 = CARTESIAN_POINT ( 'NONE',  ( -16.72507505593505783, 42.96265432019898611, 48.72061086284539044 ) ) ;
#2651 = CARTESIAN_POINT ( 'NONE',  ( -17.39314496712209746, 10.05393825849351863, 46.22751696128824506 ) ) ;
#2652 = VERTEX_POINT ( 'NONE', #3536 ) ;
#2653 = CARTESIAN_POINT ( 'NONE',  ( -49.80646759022367576, 12.45349831083128400, 44.28609524573920453 ) ) ;
#2654 = EDGE_CURVE ( 'NONE', #2034, #2652, #2597, .T. ) ;
#2655 = DIRECTION ( 'NONE',  ( 0.000000000000000000, 0.000000000000000000, 1.000000000000000000 ) ) ;
#2656 = CARTESIAN_POINT ( 'NONE',  ( -47.20874761464848746, 47.67081900304439301, 48.54089135639881647 ) ) ;
#2657 = CARTESIAN_POINT ( 'NONE',  ( -16.29092755322113817, 42.46678647496105441, 47.13677714750753722 ) ) ;
#2658 = CARTESIAN_POINT ( 'NONE',  ( -46.74994338893694135, 13.63607640544601551, 48.97170277761070167 ) ) ;
#2659 = CARTESIAN_POINT ( 'NONE',  ( -51.04995350955101685, 43.84162346007472877, 45.99898818922643073 ) ) ;
#2660 = VERTEX_POINT ( 'NONE', #1347 ) ;
#2661 = EDGE_CURVE ( 'NONE', #4311, #4464, #1473, .T. ) ;
#2662 = CARTESIAN_POINT ( 'NONE',  ( -53.75115091154459890, 36.35796225183030117, 39.85882444406045266 ) ) ;
#2663 = CARTESIAN_POINT ( 'NONE',  ( -13.66182464540505670, 43.99705681341657026, 45.62431842928859282 ) ) ;
#2664 = ORIENTED_EDGE ( 'NONE', *, *, #4670, .F. ) ;
#2665 = CYLINDRICAL_SURFACE ( 'NONE', #1198, 3.300000000000000711 ) ;
#2666 = EDGE_CURVE ( 'NONE', #3162, #4707, #3056, .T. ) ;
#2667 = EDGE_LOOP ( 'NONE', ( #1368, #4655, #1042, #4843 ) ) ;
#2668 = EDGE_CURVE ( 'NONE', #2740, #4731, #4578, .T. ) ;
#2669 = CARTESIAN_POINT ( 'NONE',  ( -48.23872718442029850, 12.92304854672017989, 47.35882438196059496 ) ) ;
#2670 = ORIENTED_EDGE ( 'NONE', *, *, #432, .F. ) ;
#2671 = ORIENTED_EDGE ( 'NONE', *, *, #2935, .F. ) ;
#2672 = LINE ( 'NONE', #3851, #2480 ) ;
#2673 = DIRECTION ( 'NONE',  ( 0.000000000000000000, 1.000000000000000000, 0.000000000000000000 ) ) ;
#2674 = CARTESIAN_POINT ( 'NONE',  ( -51.09173995135743951, 13.94767950519565503, 48.55875928943616060 ) ) ;
#2675 = FACE_OUTER_BOUND ( 'NONE', #5384, .T. ) ;
#2676 = EDGE_LOOP ( 'NONE', ( #3003, #5212, #5214, #2337, #1475, #4104, #1809, #3424 ) ) ;
#2677 = CARTESIAN_POINT ( 'NONE',  ( -20.79346926866904965, 14.36830646247156018, 37.35882444406049530 ) ) ;
#2678 = CARTESIAN_POINT ( 'NONE',  ( -17.33855406681617239, 10.09722842918461083, 46.04419656929258053 ) ) ;
#2679 = ORIENTED_EDGE ( 'NONE', *, *, #2081, .T. ) ;
#2680 = LINE ( 'NONE', #2182, #3041 ) ;
#2681 = CARTESIAN_POINT ( 'NONE',  ( -51.13558750997909641, 43.73357009196087120, 48.36159553956643009 ) ) ;
#2682 = CARTESIAN_POINT ( 'NONE',  ( -41.79346926866904965, 45.36830646247160104, 39.85882444406045266 ) ) ;
#2683 = ADVANCED_FACE ( 'NONE', ( #4440, #652 ), #3598, .F. ) ;
#2684 = CARTESIAN_POINT ( 'NONE',  ( -16.84755852778451768, 43.09740552379126655, 45.87540746986270079 ) ) ;
#2685 = DIRECTION ( 'NONE',  ( 0.000000000000000000, 0.000000000000000000, -1.000000000000000000 ) ) ;
#2686 = DIRECTION ( 'NONE',  ( 1.000000000000000000, 0.000000000000000000, 0.000000000000000000 ) ) ;
#2687 = ORIENTED_EDGE ( 'NONE', *, *, #3636, .T. ) ;
#2688 = ORIENTED_EDGE ( 'NONE', *, *, #1547, .F. ) ;
#2689 = LINE ( 'NONE', #4379, #407 ) ;
#2690 = EDGE_CURVE ( 'NONE', #4769, #5237, #1793, .T. ) ;
#2691 = CARTESIAN_POINT ( 'NONE',  ( -17.37518227981008678, 47.66843390104992295, 46.16682910540018270 ) ) ;
#2692 = ORIENTED_EDGE ( 'NONE', *, *, #734, .F. ) ;
#2693 = CARTESIAN_POINT ( 'NONE',  ( -32.10044120611970442, 3.868306462471565066, -12.00000000000000000 ) ) ;
#2694 = EDGE_LOOP ( 'NONE', ( #3594, #3849, #2575, #2417 ) ) ;
#2695 = CARTESIAN_POINT ( 'NONE',  ( -17.33849472112870060, 47.63933729756175950, 48.67362676236751184 ) ) ;
#2696 = ORIENTED_EDGE ( 'NONE', *, *, #4942, .T. ) ;
#2697 = VERTEX_POINT ( 'NONE', #1102 ) ;
#2698 = VECTOR ( 'NONE', #5395, 1000.000000000000000 ) ;
#2699 = CYLINDRICAL_SURFACE ( 'NONE', #774, 2.500000000000002220 ) ;
#2700 = EDGE_CURVE ( 'NONE', #5145, #2010, #3652, .T. ) ;
#2701 = FACE_OUTER_BOUND ( 'NONE', #1079, .T. ) ;
#2702 = CARTESIAN_POINT ( 'NONE',  ( -50.99366668233545852, 13.82499105797000993, 48.90005948427276650 ) ) ;
#2703 = FACE_BOUND ( 'NONE', #3438, .T. ) ;
#2704 = CIRCLE ( 'NONE', #4028, 1.999999999999998224 ) ;
#2705 = DIRECTION ( 'NONE',  ( 1.026956297778269674E-13, 1.000000000000000000, 0.000000000000000000 ) ) ;
#2706 = VECTOR ( 'NONE', #2446, 1000.000000000000000 ) ;
#2707 = AXIS2_PLACEMENT_3D ( 'NONE', #2315, #4944, #3995 ) ;
#2708 = CARTESIAN_POINT ( 'NONE',  ( -53.96235196444368398, 13.86830646247151577, 22.68979785039464403 ) ) ;
#2709 = CARTESIAN_POINT ( 'NONE',  ( -15.05564348781001272, 12.16833593063360830, 44.22782836633904680 ) ) ;
#2710 = VERTEX_POINT ( 'NONE', #1496 ) ;
#2711 = CARTESIAN_POINT ( 'NONE',  ( -50.70669484991228870, 13.47502322700828792, 45.17434590810233175 ) ) ;
#2712 = AXIS2_PLACEMENT_3D ( 'NONE', #4917, #3722, #2870 ) ;
#2713 = CARTESIAN_POINT ( 'NONE',  ( -4.542357293031770382, 13.86830646247156018, 21.27206602578905148 ) ) ;
#2714 = AXIS2_PLACEMENT_3D ( 'NONE', #1466, #5291, #624 ) ;
#2715 = EDGE_CURVE ( 'NONE', #3352, #2722, #173, .T. ) ;
#2716 = CARTESIAN_POINT ( 'NONE',  ( -16.59811073578330110, 18.86830646247155130, 24.17766952966350047 ) ) ;
#2717 = CARTESIAN_POINT ( 'NONE',  ( -52.12040319412919587, 21.94785191702779770, 79.68520902586020327 ) ) ;
#2718 = AXIS2_PLACEMENT_3D ( 'NONE', #1679, #3411, #3828 ) ;
#2719 = VECTOR ( 'NONE', #4521, 1000.000000000000000 ) ;
#2720 = LINE ( 'NONE', #4411, #4130 ) ;
#2721 = DIRECTION ( 'NONE',  ( 0.000000000000000000, 0.000000000000000000, 1.000000000000000000 ) ) ;
#2722 = VERTEX_POINT ( 'NONE', #1010 ) ;
#2723 = EDGE_CURVE ( 'NONE', #4557, #323, #2720, .T. ) ;
#2724 = AXIS2_PLACEMENT_3D ( 'NONE', #460, #4674, #3809 ) ;
#2725 = PLANE ( 'NONE',  #493 ) ;
#2726 = CARTESIAN_POINT ( 'NONE',  ( -13.78367653470506227, 44.14554025267046455, 45.35216013948922864 ) ) ;
#2727 = AXIS2_PLACEMENT_3D ( 'NONE', #5313, #2872, #4564 ) ;
#2728 = EDGE_LOOP ( 'NONE', ( #2933, #4737, #4297, #3040, #1331 ) ) ;
#2729 = DIRECTION ( 'NONE',  ( 0.000000000000000000, 1.000000000000000000, 0.000000000000000000 ) ) ;
#2730 = VERTEX_POINT ( 'NONE', #596 ) ;
#2731 = CARTESIAN_POINT ( 'NONE',  ( -14.22787963410188183, 44.66815201929975387, 50.00886069477704154 ) ) ;
#2732 = EDGE_LOOP ( 'NONE', ( #4771, #4366 ) ) ;
#2733 = AXIS2_PLACEMENT_3D ( 'NONE', #871, #3418, #3463 ) ;
#2734 = DIRECTION ( 'NONE',  ( 0.000000000000000000, 1.000000000000000000, 0.000000000000000000 ) ) ;
#2735 = CARTESIAN_POINT ( 'NONE',  ( -47.23493977579523317, 10.08655458020158591, 46.09309811034543003 ) ) ;
#2736 = CARTESIAN_POINT ( 'NONE',  ( -51.07479503423191858, 13.92636481825866568, 48.62606539767276104 ) ) ;
#2737 = CIRCLE ( 'NONE', #3611, 1.000000000000000888 ) ;
#2738 = CARTESIAN_POINT ( 'NONE',  ( -20.79346926865959944, 10.76443947225271991, 54.85882444406049530 ) ) ;
#2739 = CARTESIAN_POINT ( 'NONE',  ( -20.22752095498645986, 50.11429676277848699, 35.11517810259284289 ) ) ;
#2740 = VERTEX_POINT ( 'NONE', #4849 ) ;
#2741 = ADVANCED_FACE ( 'NONE', ( #2310 ), #3989, .T. ) ;
#2742 = AXIS2_PLACEMENT_3D ( 'NONE', #4905, #1188, #2915 ) ;
#2743 = DIRECTION ( 'NONE',  ( 0.000000000000000000, 1.000000000000000000, 0.000000000000000000 ) ) ;
#2744 = CARTESIAN_POINT ( 'NONE',  ( -15.19100660878225284, 12.02964197831883197, 44.20881884610622592 ) ) ;
#2745 = ORIENTED_EDGE ( 'NONE', *, *, #1050, .T. ) ;
#2746 = LINE ( 'NONE', #4435, #1457 ) ;
#2747 = EDGE_CURVE ( 'NONE', #3022, #2219, #5175, .T. ) ;
#2748 = ORIENTED_EDGE ( 'NONE', *, *, #1980, .F. ) ;
#2749 = DIRECTION ( 'NONE',  ( 0.000000000000000000, 0.000000000000000000, -1.000000000000000000 ) ) ;
#2750 = FACE_OUTER_BOUND ( 'NONE', #3658, .T. ) ;
#2751 = CARTESIAN_POINT ( 'NONE',  ( -32.10044120611970442, -11.13169353752843982, 0.000000000000000000 ) ) ;
#2752 = CARTESIAN_POINT ( 'NONE',  ( -56.07575849224694764, 36.96552391711956886, 34.56078464750362400 ) ) ;
#2753 = ORIENTED_EDGE ( 'NONE', *, *, #4942, .F. ) ;
#2754 = ORIENTED_EDGE ( 'NONE', *, *, #1212, .T. ) ;
#2755 = DIRECTION ( 'NONE',  ( -2.312964634635744929E-16, 0.000000000000000000, 1.000000000000000000 ) ) ;
#2756 = DIRECTION ( 'NONE',  ( 0.000000000000000000, 1.000000000000000000, 0.000000000000000000 ) ) ;
#2757 = ORIENTED_EDGE ( 'NONE', *, *, #5371, .T. ) ;
#2758 = DIRECTION ( 'NONE',  ( 0.000000000000000000, 1.000000000000000000, 0.000000000000000000 ) ) ;
#2759 = ORIENTED_EDGE ( 'NONE', *, *, #3500, .T. ) ;
#2760 = CARTESIAN_POINT ( 'NONE',  ( -16.18396177298570038, 46.65829720829878369, 50.24429572511267850 ) ) ;
#2761 = ORIENTED_EDGE ( 'NONE', *, *, #1050, .F. ) ;
#2762 = DIRECTION ( 'NONE',  ( 0.000000000000000000, 1.000000000000000000, 0.000000000000000000 ) ) ;
#2763 = CARTESIAN_POINT ( 'NONE',  ( -48.14979790444906627, 15.09947431905310111, 46.50851489809274852 ) ) ;
#2764 = EDGE_CURVE ( 'NONE', #84, #1218, #4063, .T. ) ;
#2765 = CARTESIAN_POINT ( 'NONE',  ( -50.88567434297642222, 13.69124426062526823, 49.19486412014419585 ) ) ;
#2766 = LINE ( 'NONE', #2436, #4566 ) ;
#2767 = DIRECTION ( 'NONE',  ( 1.000000000000000000, 0.000000000000000000, 0.000000000000000000 ) ) ;
#2768 = CARTESIAN_POINT ( 'NONE',  ( -14.18838326756817736, 13.11434572119956599, 44.74992603310179362 ) ) ;
#2769 = B_SPLINE_CURVE_WITH_KNOTS ( 'NONE', 3,
 ( #4465, #3535, #3957, #1434, #2363, #557, #4814, #3125, #5229, #1495 ),
 .UNSPECIFIED., .F., .F.,
 ( 4, 2, 2, 2, 4 ),
 ( 0.000000000000000000, 0.2499999999999968914, 0.3749999999999971134, 0.4999999999999973355, 1.000000000000000000 ),
 .UNSPECIFIED. ) ;
#2770 = EDGE_CURVE ( 'NONE', #1097, #2399, #4200, .T. ) ;
#2771 = CARTESIAN_POINT ( 'NONE',  ( -48.18285076232591280, 42.59890900850263051, 46.60212767797521138 ) ) ;
#2772 = CARTESIAN_POINT ( 'NONE',  ( -16.18774915587191643, 11.07489373212102457, 44.47572548052635000 ) ) ;
#2773 = EDGE_LOOP ( 'NONE', ( #2457, #2998, #4382, #3760 ) ) ;
#2774 = DIRECTION ( 'NONE',  ( 0.000000000000000000, 0.000000000000000000, -1.000000000000000000 ) ) ;
#2775 = ORIENTED_EDGE ( 'NONE', *, *, #3441, .T. ) ;
#2776 = CARTESIAN_POINT ( 'NONE',  ( -17.98671796777709631, 44.24126034628940118, 45.83098136677894274 ) ) ;
#2777 = CARTESIAN_POINT ( 'NONE',  ( -55.45789308136142637, 20.87409726997288573, 35.02942746027726884 ) ) ;
#2778 = CARTESIAN_POINT ( 'NONE',  ( -16.14616030506142508, 11.11261998143045915, 50.26742735948507601 ) ) ;
#2779 = EDGE_CURVE ( 'NONE', #2780, #1112, #1644, .T. ) ;
#2780 = VERTEX_POINT ( 'NONE', #2478 ) ;
#2781 = ORIENTED_EDGE ( 'NONE', *, *, #1087, .T. ) ;
#2782 = DIRECTION ( 'NONE',  ( 0.000000000000000000, 0.000000000000000000, -1.000000000000000000 ) ) ;
#2783 = DIRECTION ( 'NONE',  ( 0.000000000000000000, 1.000000000000000000, 0.000000000000000000 ) ) ;
#2784 = ORIENTED_EDGE ( 'NONE', *, *, #3325, .T. ) ;
#2785 = CYLINDRICAL_SURFACE ( 'NONE', #2371, 5.499999999999998224 ) ;
#2786 = ORIENTED_EDGE ( 'NONE', *, *, #3372, .T. ) ;
#2787 = CARTESIAN_POINT ( 'NONE',  ( -14.01337414854750563, 44.41939970390848202, 49.75030974801602923 ) ) ;
#2788 = ADVANCED_FACE ( 'NONE', ( #4623 ), #1261, .F. ) ;
#2789 = CARTESIAN_POINT ( 'NONE',  ( -39.29346926866904965, 45.36830646247160104, 27.17766952966350047 ) ) ;
#2790 = EDGE_CURVE ( 'NONE', #1494, #4144, #4307, .T. ) ;
#2791 = CARTESIAN_POINT ( 'NONE',  ( -49.77811073578359924, 3.868306462471565066, 23.17766952966350047 ) ) ;
#2792 = DIRECTION ( 'NONE',  ( 0.000000000000000000, 0.000000000000000000, -1.000000000000000000 ) ) ;
#2793 = CARTESIAN_POINT ( 'NONE',  ( -19.22009947196381674, 50.11429676277849410, 34.65903273297422515 ) ) ;
#2794 = CIRCLE ( 'NONE', #3470, 3.499999999999999556 ) ;
#2795 = DIRECTION ( 'NONE',  ( 0.000000000000000000, 0.000000000000000000, -1.000000000000000000 ) ) ;
#2796 = ADVANCED_FACE ( 'NONE', ( #5377 ), #1215, .F. ) ;
#2797 = CARTESIAN_POINT ( 'NONE',  ( -46.20825030545073275, 44.59679082280104723, 46.23725907236480026 ) ) ;
#2798 = AXIS2_PLACEMENT_3D ( 'NONE', #2983, #5111, #4257 ) ;
#2799 = CARTESIAN_POINT ( 'NONE',  ( -32.10044120611970442, -11.13169353752843982, 0.000000000000000000 ) ) ;
#2800 = EDGE_LOOP ( 'NONE', ( #3713, #3428, #2696, #1709 ) ) ;
#2801 = DIRECTION ( 'NONE',  ( 0.8802604478400671839, -0.4744908260107930653, 0.000000000000000000 ) ) ;
#2802 = ORIENTED_EDGE ( 'NONE', *, *, #876, .T. ) ;
#2803 = AXIS2_PLACEMENT_3D ( 'NONE', #4174, #706, #1574 ) ;
#2804 = CARTESIAN_POINT ( 'NONE',  ( -18.69504404861235258, 44.87089473856244837, 47.35882438196049549 ) ) ;
#2805 = CARTESIAN_POINT ( 'NONE',  ( -46.47811073578359498, -2.931693537528434756, 17.67766952966350047 ) ) ;
#2806 = CARTESIAN_POINT ( 'NONE',  ( -15.87563238522996656, 11.36234990461119132, 50.40252933671007440 ) ) ;
#2807 = AXIS2_PLACEMENT_3D ( 'NONE', #3321, #1221, #2916 ) ;
#2808 = ORIENTED_EDGE ( 'NONE', *, *, #2654, .F. ) ;
#2809 = ORIENTED_EDGE ( 'NONE', *, *, #2747, .F. ) ;
#2810 = EDGE_CURVE ( 'NONE', #3655, #2003, #1657, .T. ) ;
#2811 = CARTESIAN_POINT ( 'NONE',  ( -16.59811073578330110, 8.416987819749845556, 34.35882444406045266 ) ) ;
#2812 = AXIS2_PLACEMENT_3D ( 'NONE', #1919, #4961, #729 ) ;
#2813 = AXIS2_PLACEMENT_3D ( 'NONE', #2210, #947, #2567 ) ;
#2814 = CARTESIAN_POINT ( 'NONE',  ( -45.38022713868549829, 9.954375923019689765, -6.042575751263660422 ) ) ;
#2815 = ORIENTED_EDGE ( 'NONE', *, *, #3613, .F. ) ;
#2816 = CARTESIAN_POINT ( 'NONE',  ( -14.42277167645602098, -6.131693537528450477, 17.67766952966370297 ) ) ;
#2817 = AXIS2_PLACEMENT_3D ( 'NONE', #3914, #135, #2767 ) ;
#2818 = VERTEX_POINT ( 'NONE', #5010 ) ;
#2819 = VECTOR ( 'NONE', #4567, 1000.000000000000000 ) ;
#2820 = CARTESIAN_POINT ( 'NONE',  ( -13.39631539419903028, 43.66425425582982456, 48.14264957407447554 ) ) ;
#2821 = CARTESIAN_POINT ( 'NONE',  ( -54.31095715546150160, 20.65367152508159876, 39.85882444406045266 ) ) ;
#2822 = VECTOR ( 'NONE', #4296, 1000.000000000000000 ) ;
#2823 = CARTESIAN_POINT ( 'NONE',  ( -47.30315455547206938, 14.17952750061386524, 45.65901044277349996 ) ) ;
#2824 = DIRECTION ( 'NONE',  ( 0.000000000000000000, 1.000000000000000000, 0.000000000000000000 ) ) ;
#2825 = LINE ( 'NONE', #2412, #3395 ) ;
#2826 = AXIS2_PLACEMENT_3D ( 'NONE', #3560, #142, #3123 ) ;
#2827 = CARTESIAN_POINT ( 'NONE',  ( -14.78515761325655120, 12.45298154474851593, 44.31610901227909238 ) ) ;
#2828 = AXIS2_PLACEMENT_3D ( 'NONE', #1841, #699, #4514 ) ;
#2829 = FACE_BOUND ( 'NONE', #5042, .T. ) ;
#2830 = CARTESIAN_POINT ( 'NONE',  ( -21.13067857106714698, 50.11429676277849410, 54.85882444406049530 ) ) ;
#2831 = EDGE_CURVE ( 'NONE', #175, #1332, #4156, .T. ) ;
#2832 = ORIENTED_EDGE ( 'NONE', *, *, #2089, .T. ) ;
#2833 = CYLINDRICAL_SURFACE ( 'NONE', #1455, 5.499999999999998224 ) ;
#2834 = ORIENTED_EDGE ( 'NONE', *, *, #4670, .T. ) ;
#2835 = AXIS2_PLACEMENT_3D ( 'NONE', #3898, #87, #565 ) ;
#2836 = CARTESIAN_POINT ( 'NONE',  ( -19.79346926866905321, 8.954375923023549788, 54.85882444406049530 ) ) ;
#2837 = CARTESIAN_POINT ( 'NONE',  ( -56.18579263499864851, 20.75290910025472257, 34.51175357915385433 ) ) ;
#2838 = EDGE_CURVE ( 'NONE', #502, #4904, #3733, .T. ) ;
#2839 = CARTESIAN_POINT ( 'NONE',  ( -17.29573167947796009, 10.13151762440357828, 48.78631989523061918 ) ) ;
#2840 = EDGE_LOOP ( 'NONE', ( #589, #3628, #3408, #3937 ) ) ;
#2841 = ORIENTED_EDGE ( 'NONE', *, *, #1201, .T. ) ;
#2842 = CARTESIAN_POINT ( 'NONE',  ( -19.20671139866825072, 8.954375923019691541, 42.16311116877835019 ) ) ;
#2843 = CYLINDRICAL_SURFACE ( 'NONE', #3320, 3.300000000000000711 ) ;
#2844 = ORIENTED_EDGE ( 'NONE', *, *, #1448, .T. ) ;
#2845 = CARTESIAN_POINT ( 'NONE',  ( -12.57812370211967945, 18.86830646247155130, 22.17766952966350047 ) ) ;
#2846 = VERTEX_POINT ( 'NONE', #809 ) ;
#2847 = CARTESIAN_POINT ( 'NONE',  ( -13.49104003238491778, 43.78368982398027498, 48.54123981512173458 ) ) ;
#2848 = CARTESIAN_POINT ( 'NONE',  ( -46.52823846992459522, 13.42875308604014606, 45.88317234207706008 ) ) ;
#2849 = CARTESIAN_POINT ( 'NONE',  ( -16.59811073578330110, 18.86830646247155130, 24.35882444406049885 ) ) ;
#2850 = DIRECTION ( 'NONE',  ( 0.000000000000000000, 0.000000000000000000, -1.000000000000000000 ) ) ;
#2851 = ADVANCED_FACE ( 'NONE', ( #2515 ), #3058, .F. ) ;
#2852 = DIRECTION ( 'NONE',  ( 0.000000000000000000, -1.000000000000000000, 0.000000000000000000 ) ) ;
#2853 = DIRECTION ( 'NONE',  ( 0.000000000000000000, 0.000000000000000000, -1.000000000000000000 ) ) ;
#2854 = FACE_OUTER_BOUND ( 'NONE', #5483, .T. ) ;
#2855 = DIRECTION ( 'NONE',  ( 0.000000000000000000, 0.000000000000000000, -1.000000000000000000 ) ) ;
#2856 = DIRECTION ( 'NONE',  ( 0.000000000000000000, 0.000000000000000000, -1.000000000000000000 ) ) ;
#2857 = ORIENTED_EDGE ( 'NONE', *, *, #1936, .T. ) ;
#2858 = FACE_OUTER_BOUND ( 'NONE', #3554, .T. ) ;
#2859 = DIRECTION ( 'NONE',  ( 0.000000000000000000, -1.000000000000000000, 0.000000000000000000 ) ) ;
#2860 = CARTESIAN_POINT ( 'NONE',  ( -16.03793598699475353, 11.21157578223223616, 50.32825253215470696 ) ) ;
#2861 = ORIENTED_EDGE ( 'NONE', *, *, #4799, .F. ) ;
#2862 = EDGE_CURVE ( 'NONE', #2577, #3726, #3597, .T. ) ;
#2863 = DIRECTION ( 'NONE',  ( 0.000000000000000000, 0.000000000000000000, 1.000000000000000000 ) ) ;
#2864 = DIRECTION ( 'NONE',  ( 0.000000000000000000, -1.000000000000000000, 0.000000000000000000 ) ) ;
#2865 = ORIENTED_EDGE ( 'NONE', *, *, #2831, .F. ) ;
#2866 = CARTESIAN_POINT ( 'NONE',  ( -47.54334342714382444, 47.40069477889005611, 45.39843650823917898 ) ) ;
#2867 = ORIENTED_EDGE ( 'NONE', *, *, #3004, .F. ) ;
#2868 = PRODUCT_CONTEXT ( 'NONE', #5119, 'mechanical' ) ;
#2869 = CARTESIAN_POINT ( 'NONE',  ( -46.82785215168359372, 13.70931276863556114, 45.70182206572133055 ) ) ;
#2870 = DIRECTION ( 'NONE',  ( -2.312964634635744929E-16, 0.000000000000000000, 1.000000000000000000 ) ) ;
#2871 = CARTESIAN_POINT ( 'NONE',  ( -14.15063383703503241, 13.15725881036506628, 49.92420577514919700 ) ) ;
#2872 = DIRECTION ( 'NONE',  ( 0.000000000000000000, 1.000000000000000000, 0.000000000000000000 ) ) ;
#2873 = EDGE_CURVE ( 'NONE', #569, #4709, #1316, .T. ) ;
#2874 = DIRECTION ( 'NONE',  ( 1.000000000000000000, 0.000000000000000000, 0.000000000000000000 ) ) ;
#2875 = EDGE_CURVE ( 'NONE', #1749, #575, #3008, .T. ) ;
#2876 = LINE ( 'NONE', #5367, #5453 ) ;
#2877 = DIRECTION ( 'NONE',  ( 0.000000000000000000, 0.000000000000000000, 1.000000000000000000 ) ) ;
#2878 = CIRCLE ( 'NONE', #821, 1.000000000000000888 ) ;
#2879 = CARTESIAN_POINT ( 'NONE',  ( -55.20776296230378222, 36.82087751002626419, 35.37235773137212647 ) ) ;
#2880 = VERTEX_POINT ( 'NONE', #4364 ) ;
#2881 = VECTOR ( 'NONE', #3054, 1000.000000000000000 ) ;
#2882 = CARTESIAN_POINT ( 'NONE',  ( -47.28039344140850631, 50.11429676277849410, 34.35882444406045266 ) ) ;
#2883 = CARTESIAN_POINT ( 'NONE',  ( -47.29910420871958365, 43.55990465626685904, 49.04778145695816249 ) ) ;
#2884 = CARTESIAN_POINT ( 'NONE',  ( -14.37812310509336200, 12.89829437210607033, 50.14915952836229707 ) ) ;
#2885 = EDGE_LOOP ( 'NONE', ( #3700, #4818, #2338, #2938 ) ) ;
#2886 = CIRCLE ( 'NONE', #1280, 10.00000000000000000 ) ;
#2887 = CARTESIAN_POINT ( 'NONE',  ( -59.59811073578330110, -6.131693537528450477, 24.17766952966350047 ) ) ;
#2888 = CIRCLE ( 'NONE', #462, 5.500000000000000000 ) ;
#2889 = CARTESIAN_POINT ( 'NONE',  ( -49.77811073578359924, -5.931693537528449411, 17.67766952966350047 ) ) ;
#2890 = ORIENTED_EDGE ( 'NONE', *, *, #466, .F. ) ;
#2891 = CARTESIAN_POINT ( 'NONE',  ( -48.09865889057567756, 46.92943115079943084, 44.70175892315756272 ) ) ;
#2892 = EDGE_CURVE ( 'NONE', #2880, #5305, #3029, .T. ) ;
#2893 = ORIENTED_EDGE ( 'NONE', *, *, #5035, .F. ) ;
#2894 = AXIS2_PLACEMENT_3D ( 'NONE', #4909, #4137, #4858 ) ;
#2895 = CARTESIAN_POINT ( 'NONE',  ( -18.06287961253860530, 13.42376760007704561, 48.84342548586140964 ) ) ;
#2896 = FACE_OUTER_BOUND ( 'NONE', #540, .T. ) ;
#2897 = AXIS2_PLACEMENT_3D ( 'NONE', #3388, #5084, #869 ) ;
#2898 = AXIS2_PLACEMENT_3D ( 'NONE', #4870, #3949, #1969 ) ;
#2899 = CARTESIAN_POINT ( 'NONE',  ( -12.64790989955100109, -64.59143548592969353, 22.17766952966350047 ) ) ;
#2900 = CARTESIAN_POINT ( 'NONE',  ( -14.16250597231541342, 13.14354829955363080, 49.93774678205895157 ) ) ;
#2901 = CARTESIAN_POINT ( 'NONE',  ( -12.57812370211967945, 13.86830646247156018, 22.17766952966350047 ) ) ;
#2902 = LINE ( 'NONE', #3780, #4667 ) ;
#2903 = CARTESIAN_POINT ( 'NONE',  ( -14.42277167645602098, -5.931693537528449411, 20.97766952966370013 ) ) ;
#2904 = AXIS2_PLACEMENT_3D ( 'NONE', #5228, #2749, #3890 ) ;
#2905 = CARTESIAN_POINT ( 'NONE',  ( -18.69498925617952523, 12.86576474702365580, 47.13677714755588966 ) ) ;
#2906 = EDGE_CURVE ( 'NONE', #2643, #1773, #5012, .T. ) ;
#2907 = PLANE ( 'NONE',  #1924 ) ;
#2908 = ORIENTED_EDGE ( 'NONE', *, *, #2764, .F. ) ;
#2909 = AXIS2_PLACEMENT_3D ( 'NONE', #751, #3725, #5414 ) ;
#2910 = CARTESIAN_POINT ( 'NONE',  ( -4.598110735783330405, -20.11629170496135188, 34.35882444406045266 ) ) ;
#2911 = DIRECTION ( 'NONE',  ( 1.000000000000000000, 0.000000000000000000, 0.000000000000000000 ) ) ;
#2912 = LINE ( 'NONE', #3759, #912 ) ;
#2913 = CIRCLE ( 'NONE', #1227, 15.69999999999999929 ) ;
#2914 = VERTEX_POINT ( 'NONE', #102 ) ;
#2915 = DIRECTION ( 'NONE',  ( 0.000000000000000000, 0.000000000000000000, 1.000000000000000000 ) ) ;
#2916 = DIRECTION ( 'NONE',  ( 1.000000000000000000, 0.000000000000000000, 0.000000000000000000 ) ) ;
#2917 = ORIENTED_EDGE ( 'NONE', *, *, #4102, .F. ) ;
#2918 = CARTESIAN_POINT ( 'NONE',  ( -48.41018778240769649, 46.65176518728988242, 44.46885166340118190 ) ) ;
#2919 = ORIENTED_EDGE ( 'NONE', *, *, #390, .T. ) ;
#2920 = CARTESIAN_POINT ( 'NONE',  ( -17.28783432865295211, 14.17670826865412970, 49.04778145695815539 ) ) ;
#2921 = CARTESIAN_POINT ( 'NONE',  ( -12.64790989955100109, 3.868306462471565066, 24.17766952966350047 ) ) ;
#2922 = LINE ( 'NONE', #3799, #4392 ) ;
#2923 = LINE ( 'NONE', #4636, #4847 ) ;
#2924 = EDGE_CURVE ( 'NONE', #98, #1720, #2276, .T. ) ;
#2925 = CARTESIAN_POINT ( 'NONE',  ( -4.542357293031770382, 3.868306462471565066, 21.27206602578905148 ) ) ;
#2926 = CARTESIAN_POINT ( 'NONE',  ( -47.99040119098952317, 10.71327721866893334, 49.90999160426241588 ) ) ;
#2927 = DIRECTION ( 'NONE',  ( 0.000000000000000000, 0.000000000000000000, -1.000000000000000000 ) ) ;
#2928 = DIRECTION ( 'NONE',  ( 0.7071067811865475727, -0.7071067811865475727, 0.000000000000000000 ) ) ;
#2929 = ADVANCED_FACE ( 'NONE', ( #2236 ), #3687, .F. ) ;
#2930 = DIRECTION ( 'NONE',  ( 0.7071067811865475727, 0.7071067811865475727, 0.000000000000000000 ) ) ;
#2931 = CARTESIAN_POINT ( 'NONE',  ( -16.59811073578335083, 0.000000000000000000, 27.17766952966350047 ) ) ;
#2932 = CARTESIAN_POINT ( 'NONE',  ( -46.47811073578329655, -2.931693537528434756, -17.67766952966370297 ) ) ;
#2933 = ORIENTED_EDGE ( 'NONE', *, *, #5329, .F. ) ;
#2934 = CARTESIAN_POINT ( 'NONE',  ( -50.09302793193985792, 44.96724521523144347, 50.23765633594659619 ) ) ;
#2935 = EDGE_CURVE ( 'NONE', #5351, #2722, #2183, .T. ) ;
#2936 = ADVANCED_FACE ( 'NONE', ( #4309 ), #494, .T. ) ;
#2937 = DIRECTION ( 'NONE',  ( 0.000000000000000000, -1.000000000000000000, 0.000000000000000000 ) ) ;
#2938 = ORIENTED_EDGE ( 'NONE', *, *, #2715, .F. ) ;
#2939 = CARTESIAN_POINT ( 'NONE',  ( -50.03980949996177685, 45.02589096766784138, 44.44408468448268934 ) ) ;
#2940 = ORIENTED_EDGE ( 'NONE', *, *, #3567, .T. ) ;
#2941 = CARTESIAN_POINT ( 'NONE',  ( -13.45142267932697244, 43.73366095913038265, 46.35568869214993271 ) ) ;
#2942 = ORIENTED_EDGE ( 'NONE', *, *, #4081, .T. ) ;
#2943 = CARTESIAN_POINT ( 'NONE',  ( -21.38018027042864944, 49.11429676277849410, 54.85882444406049530 ) ) ;
#2944 = EDGE_CURVE ( 'NONE', #5318, #3221, #5282, .T. ) ;
#2945 = CARTESIAN_POINT ( 'NONE',  ( -49.77811073578359924, -6.131693537528450477, 21.17766952966350047 ) ) ;
#2946 = CARTESIAN_POINT ( 'NONE',  ( -49.44080871244509723, 43.61148285021344861, 47.35882438196049549 ) ) ;
#2947 = EDGE_CURVE ( 'NONE', #691, #5398, #676, .T. ) ;
#2948 = ORIENTED_EDGE ( 'NONE', *, *, #1290, .F. ) ;
#2949 = CARTESIAN_POINT ( 'NONE',  ( -47.46684041037551083, 10.27299342608686317, 49.18281604264644358 ) ) ;
#2950 = DIRECTION ( 'NONE',  ( 0.000000000000000000, -1.000000000000000000, 0.000000000000000000 ) ) ;
#2951 = PLANE ( 'NONE',  #5095 ) ;
#2952 = EDGE_CURVE ( 'NONE', #1552, #1749, #3493, .T. ) ;
#2953 = LINE ( 'NONE', #3910, #4119 ) ;
#2954 = CARTESIAN_POINT ( 'NONE',  ( -48.29605754476660451, 42.46673168253495589, 47.35882438196039601 ) ) ;
#2955 = LINE ( 'NONE', #2622, #1296 ) ;
#2956 = ORIENTED_EDGE ( 'NONE', *, *, #5459, .T. ) ;
#2957 = DIRECTION ( 'NONE',  ( 0.000000000000000000, 0.000000000000000000, 1.000000000000000000 ) ) ;
#2958 = VERTEX_POINT ( 'NONE', #4339 ) ;
#2959 = CIRCLE ( 'NONE', #1999, 5.500000000000000000 ) ;
#2960 = CARTESIAN_POINT ( 'NONE',  ( -48.54848092253968872, 46.52551727736111786, 50.32798395046533813 ) ) ;
#2961 = CARTESIAN_POINT ( 'NONE',  ( -48.23872718442800078, 44.81356437823054506, 47.35882438196049549 ) ) ;
#2962 = CIRCLE ( 'NONE', #5166, 24.00000000000344968 ) ;
#2963 = CARTESIAN_POINT ( 'NONE',  ( -47.77363985221398934, 47.20885593308758388, 45.05071575877325785 ) ) ;
#2964 = ORIENTED_EDGE ( 'NONE', *, *, #1997, .F. ) ;
#2965 = CARTESIAN_POINT ( 'NONE',  ( -16.43788125124571664, 15.09862537681666339, 48.21193739509275389 ) ) ;
#2966 = CIRCLE ( 'NONE', #560, 21.00000000000545342 ) ;
#2967 = VECTOR ( 'NONE', #3580, 1000.000000000000000 ) ;
#2968 = CARTESIAN_POINT ( 'NONE',  ( -13.48355515448335140, 43.77425043157286666, 46.20821199386026734 ) ) ;
#2969 = ORIENTED_EDGE ( 'NONE', *, *, #625, .F. ) ;
#2970 = CARTESIAN_POINT ( 'NONE',  ( -45.89189448873229793, 44.87089473856914168, 47.35882438196049549 ) ) ;
#2971 = AXIS2_PLACEMENT_3D ( 'NONE', #3477, #1024, #1867 ) ;
#2972 = CARTESIAN_POINT ( 'NONE',  ( -32.10044120611970442, -11.13169353752843982, 0.000000000000000000 ) ) ;
#2973 = AXIS2_PLACEMENT_3D ( 'NONE', #1444, #3134, #4825 ) ;
#2974 = VECTOR ( 'NONE', #1789, 1000.000000000000000 ) ;
#2975 = CARTESIAN_POINT ( 'NONE',  ( -48.40317807950376050, 11.07849803343106032, 50.24442199402968612 ) ) ;
#2976 = FACE_OUTER_BOUND ( 'NONE', #1956, .T. ) ;
#2977 = CARTESIAN_POINT ( 'NONE',  ( -52.48528167853008597, 14.19708660247724197, 23.96318260293956115 ) ) ;
#2978 = VECTOR ( 'NONE', #4783, 1000.000000000000000 ) ;
#2979 = CARTESIAN_POINT ( 'NONE',  ( -47.21620643192102307, 10.07170716894496110, 46.15224604034606415 ) ) ;
#2980 = TOROIDAL_SURFACE ( 'NONE', #2468, 3.000000000000000000, 2.000000000000000000 ) ;
#2981 = DIRECTION ( 'NONE',  ( 0.000000000000000000, 1.000000000000000000, 0.000000000000000000 ) ) ;
#2982 = LINE ( 'NONE', #5499, #1653 ) ;
#2983 = CARTESIAN_POINT ( 'NONE',  ( -8.003533875690029831, -64.59143548592969353, 23.27206602578905148 ) ) ;
#2984 = ORIENTED_EDGE ( 'NONE', *, *, #134, .T. ) ;
#2985 = VECTOR ( 'NONE', #3889, 1000.000000000000000 ) ;
#2986 = CARTESIAN_POINT ( 'NONE',  ( -50.35377900592374090, 44.67442715874837944, 50.01672317613468977 ) ) ;
#2987 = EDGE_CURVE ( 'NONE', #3221, #5318, #1824, .T. ) ;
#2988 = DIRECTION ( 'NONE',  ( 0.000000000000000000, 0.000000000000000000, 1.000000000000000000 ) ) ;
#2989 = DIRECTION ( 'NONE',  ( 0.000000000000000000, 1.000000000000000000, 0.000000000000000000 ) ) ;
#2990 = AXIS2_PLACEMENT_3D ( 'NONE', #5218, #1423, #3973 ) ;
#2991 = CARTESIAN_POINT ( 'NONE',  ( -50.05210407522010030, 45.01237281561361669, 44.45216046295646350 ) ) ;
#2992 = ORIENTED_EDGE ( 'NONE', *, *, #3070, .F. ) ;
#2993 = EDGE_CURVE ( 'NONE', #4904, #2633, #2535, .T. ) ;
#2994 = VECTOR ( 'NONE', #4990, 1000.000000000000000 ) ;
#2995 = EDGE_CURVE ( 'NONE', #395, #5429, #3387, .T. ) ;
#2996 = CARTESIAN_POINT ( 'NONE',  ( -49.26403201714849445, 45.83886921095099609, 47.35882438196049549 ) ) ;
#2997 = CARTESIAN_POINT ( 'NONE',  ( -44.73468762636353091, 50.11429676277849410, 34.90910407437513641 ) ) ;
#2998 = ORIENTED_EDGE ( 'NONE', *, *, #2248, .F. ) ;
#2999 = DIRECTION ( 'NONE',  ( 0.000000000000000000, 0.000000000000000000, 1.000000000000000000 ) ) ;
#3000 = ORIENTED_EDGE ( 'NONE', *, *, #1832, .F. ) ;
#3001 = EDGE_CURVE ( 'NONE', #530, #3272, #4931, .T. ) ;
#3002 = DIRECTION ( 'NONE',  ( 0.000000000000000000, 0.000000000000000000, -1.000000000000000000 ) ) ;
#3003 = ORIENTED_EDGE ( 'NONE', *, *, #1283, .T. ) ;
#3004 = EDGE_CURVE ( 'NONE', #5070, #2327, #3981, .T. ) ;
#3005 = CARTESIAN_POINT ( 'NONE',  ( -48.02935501920629235, 10.74699583146379389, 49.94861421965607917 ) ) ;
#3006 =( LENGTH_UNIT ( ) NAMED_UNIT ( * ) SI_UNIT ( .MILLI., .METRE. ) );
#3007 = CARTESIAN_POINT ( 'NONE',  ( -45.45259919614920108, 8.954375923019693317, 36.25647541059864665 ) ) ;
#3008 = LINE ( 'NONE', #5196, #4043 ) ;
#3009 = CARTESIAN_POINT ( 'NONE',  ( -59.59811073578330110, 13.86830646247156018, 21.27206602578905148 ) ) ;
#3010 = PLANE ( 'NONE',  #5435 ) ;
#3011 = CARTESIAN_POINT ( 'NONE',  ( -49.77811073578359924, -6.131693537528450477, 14.17766952966348093 ) ) ;
#3012 = CARTESIAN_POINT ( 'NONE',  ( -48.45384502173767061, 46.61210495748961335, 50.27520352058667186 ) ) ;
#3013 = LINE ( 'NONE', #4699, #1565 ) ;
#3014 = DIRECTION ( 'NONE',  ( 0.000000000000000000, -0.7071067811865550112, -0.7071067811865400232 ) ) ;
#3015 = CARTESIAN_POINT ( 'NONE',  ( -47.59811073578330110, 7.850029902232659396, 34.35882444406045266 ) ) ;
#3016 = ORIENTED_EDGE ( 'NONE', *, *, #792, .T. ) ;
#3017 = ADVANCED_FACE ( 'NONE', ( #5338 ), #4216, .F. ) ;
#3018 = CARTESIAN_POINT ( 'NONE',  ( -16.71257409905545899, 47.12276290741490925, 44.93259135580983354 ) ) ;
#3019 = DIRECTION ( 'NONE',  ( 0.000000000000000000, -1.000000000000000000, 0.000000000000000000 ) ) ;
#3020 = VERTEX_POINT ( 'NONE', #1070 ) ;
#3021 = CARTESIAN_POINT ( 'NONE',  ( -16.41988713760242291, 46.86930331292855101, 50.07456640751030363 ) ) ;
#3022 = VERTEX_POINT ( 'NONE', #3646 ) ;
#3023 = ORIENTED_EDGE ( 'NONE', *, *, #2770, .F. ) ;
#3024 = CARTESIAN_POINT ( 'NONE',  ( -20.79346926866904965, 14.36830646247156018, 27.17766952966350047 ) ) ;
#3025 = ORIENTED_EDGE ( 'NONE', *, *, #385, .T. ) ;
#3026 = CARTESIAN_POINT ( 'NONE',  ( -48.26366628016522498, 10.95312512944659922, 50.14929746689081469 ) ) ;
#3027 = DIRECTION ( 'NONE',  ( 1.000000000000000000, 0.000000000000000000, 0.000000000000000000 ) ) ;
#3028 = EDGE_CURVE ( 'NONE', #4144, #1494, #5046, .T. ) ;
#3029 = LINE ( 'NONE', #4717, #1931 ) ;
#3030 = DIRECTION ( 'NONE',  ( 0.000000000000000000, 1.000000000000000000, 0.000000000000000000 ) ) ;
#3031 = ORIENTED_EDGE ( 'NONE', *, *, #2668, .F. ) ;
#3032 = CARTESIAN_POINT ( 'NONE',  ( -32.10044120611970442, -10.13169353752843982, 15.69999999999999929 ) ) ;
#3033 = VERTEX_POINT ( 'NONE', #646 ) ;
#3034 = CARTESIAN_POINT ( 'NONE',  ( -47.25370292540745965, 47.63517795818734868, 48.68109221697886113 ) ) ;
#3035 = DIRECTION ( 'NONE',  ( 0.7071067811865474617, 0.7071067811865474617, 0.000000000000000000 ) ) ;
#3036 = CARTESIAN_POINT ( 'NONE',  ( -32.29346926866904965, 28.86830646247155130, 54.85882444406049530 ) ) ;
#3037 = DIRECTION ( 'NONE',  ( 0.000000000000000000, 0.000000000000000000, -1.000000000000000000 ) ) ;
#3038 = ORIENTED_EDGE ( 'NONE', *, *, #1333, .F. ) ;
#3039 = VECTOR ( 'NONE', #1207, 1000.000000000000114 ) ;
#3040 = ORIENTED_EDGE ( 'NONE', *, *, #4959, .F. ) ;
#3041 = VECTOR ( 'NONE', #4405, 1000.000000000000000 ) ;
#3042 = CARTESIAN_POINT ( 'NONE',  ( -16.15938310467238992, 46.63600946793270907, 44.45818680864061889 ) ) ;
#3043 = EDGE_CURVE ( 'NONE', #2053, #3146, #1649, .T. ) ;
#3044 = CARTESIAN_POINT ( 'NONE',  ( -47.59811073578330110, 0.000000000000000000, 27.17766952966350047 ) ) ;
#3045 = ORIENTED_EDGE ( 'NONE', *, *, #779, .T. ) ;
#3046 = CARTESIAN_POINT ( 'NONE',  ( -16.59811073578330110, 3.868306462471565066, 24.17766952966350047 ) ) ;
#3047 = ORIENTED_EDGE ( 'NONE', *, *, #296, .F. ) ;
#3048 = ORIENTED_EDGE ( 'NONE', *, *, #2924, .F. ) ;
#3049 = LINE ( 'NONE', #4690, #4757 ) ;
#3050 = EDGE_CURVE ( 'NONE', #3545, #2430, #4398, .T. ) ;
#3051 = AXIS2_PLACEMENT_3D ( 'NONE', #2441, #2206, #4691 ) ;
#3052 = CIRCLE ( 'NONE', #1821, 1.000000000000000888 ) ;
#3053 = CARTESIAN_POINT ( 'NONE',  ( -49.95019905350281419, 12.61277222427855094, 50.32825250670004635 ) ) ;
#3054 = DIRECTION ( 'NONE',  ( -7.382983113757289416E-15, -1.000000000000000000, 8.659560562354999418E-17 ) ) ;
#3055 = LINE ( 'NONE', #4669, #4397 ) ;
#3056 = B_SPLINE_CURVE_WITH_KNOTS ( 'NONE', 3,
 ( #146, #1859, #2159, #1299, #501, #4373, #4761, #3837, #5117, #2658, #527, #3421, #955, #2244, #23, #3923, #110, #3506, #4790, #559, #1735, #5205 ),
 .UNSPECIFIED., .F., .F.,
 ( 4, 2, 2, 2, 2, 2, 2, 2, 2, 2, 4 ),
 ( 0.000000000000000000, 0.1249999999999929501, 0.1874999999999912015, 0.2499999999999894529, 0.3749999999999880096, 0.4374999999999878431, 0.4999999999999876765, 0.6249999999999906741, 0.7499999999999937828, 0.8749999999999967804, 1.000000000000000000 ),
 .UNSPECIFIED. ) ;
#3057 = AXIS2_PLACEMENT_3D ( 'NONE', #806, #4122, #3266 ) ;
#3058 = CONICAL_SURFACE ( 'NONE', #5181, 3.300000000000000711, 0.7853981633974476129 ) ;
#3059 = CARTESIAN_POINT ( 'NONE',  ( -16.34821135292409622, 12.92304854672666004, 47.35882438196049549 ) ) ;
#3060 = FACE_OUTER_BOUND ( 'NONE', #255, .T. ) ;
#3061 = AXIS2_PLACEMENT_3D ( 'NONE', #832, #913, #2618 ) ;
#3062 = VERTEX_POINT ( 'NONE', #4808 ) ;
#3063 = CARTESIAN_POINT ( 'NONE',  ( -50.08107878343978570, 12.75616972399800630, 44.47170695130245122 ) ) ;
#3064 = AXIS2_PLACEMENT_3D ( 'NONE', #5319, #4439, #258 ) ;
#3065 = CARTESIAN_POINT ( 'NONE',  ( -41.79346926866904965, 49.11429676277849410, 37.85882444406049530 ) ) ;
#3066 = DIRECTION ( 'NONE',  ( 0.000000000000000000, 0.000000000000000000, -1.000000000000000000 ) ) ;
#3067 = CARTESIAN_POINT ( 'NONE',  ( -14.59811073578332064, 50.11429676277849410, 27.17766952966350047 ) ) ;
#3069 = ORIENTED_EDGE ( 'NONE', *, *, #2241, .F. ) ;
#3068 = CARTESIAN_POINT ( 'NONE',  ( -59.59811073578330110, 40.11429676277855805, 27.17766952966350047 ) ) ;
#3070 = EDGE_CURVE ( 'NONE', #192, #3461, #1125, .T. ) ;
#3071 = CARTESIAN_POINT ( 'NONE',  ( -55.33294445037790155, -3.786771474836654772, 21.27206602578909767 ) ) ;
#3072 = ORIENTED_EDGE ( 'NONE', *, *, #5438, .F. ) ;
#3073 = ORIENTED_EDGE ( 'NONE', *, *, #2207, .T. ) ;
#3074 = DIRECTION ( 'NONE',  ( 0.9441397107361236829, -0.3295454545447544237, 0.000000000000000000 ) ) ;
#3075 = TOROIDAL_SURFACE ( 'NONE', #2388, 25.99999999998344791, 2.000000000000000000 ) ;
#3076 = CARTESIAN_POINT ( 'NONE',  ( -15.87548747396283133, 46.37412720052437720, 44.31506442635456722 ) ) ;
#3077 = ORIENTED_EDGE ( 'NONE', *, *, #2790, .T. ) ;
#3078 = CYLINDRICAL_SURFACE ( 'NONE', #2270, 10.00000000000000000 ) ;
#3079 = ORIENTED_EDGE ( 'NONE', *, *, #5438, .T. ) ;
#3080 = AXIS2_PLACEMENT_3D ( 'NONE', #2370, #5014, #767 ) ;
#3081 = CARTESIAN_POINT ( 'NONE',  ( -16.91178930110650569, 47.29122847073686842, 49.52657018576383763 ) ) ;
#3082 = ORIENTED_EDGE ( 'NONE', *, *, #1270, .F. ) ;
#3083 = VERTEX_POINT ( 'NONE', #4037 ) ;
#3084 = LINE ( 'NONE', #3381, #5108 ) ;
#3085 = CARTESIAN_POINT ( 'NONE',  ( -47.46180077772026351, 10.26865155159364207, 45.53701159840579749 ) ) ;
#3086 = CARTESIAN_POINT ( 'NONE',  ( -50.97006387410511508, 13.79565275633690291, 48.96926361262218563 ) ) ;
#3087 = DIRECTION ( 'NONE',  ( 0.000000000000000000, 0.000000000000000000, -1.000000000000000000 ) ) ;
#3088 = DIRECTION ( 'NONE',  ( 0.000000000000000000, 1.000000000000000000, 0.000000000000000000 ) ) ;
#3089 = EDGE_CURVE ( 'NONE', #4349, #3167, #1490, .T. ) ;
#3090 = CARTESIAN_POINT ( 'NONE',  ( -16.84893040635223826, 43.09889611868466375, 48.84342548592712774 ) ) ;
#3091 = CARTESIAN_POINT ( 'NONE',  ( -39.29346926866904965, 42.86830646247155130, 27.17766952966350047 ) ) ;
#3092 = ORIENTED_EDGE ( 'NONE', *, *, #492, .T. ) ;
#3093 = CARTESIAN_POINT ( 'NONE',  ( -50.09124208081708218, 12.76739340023926417, 44.47873889451921059 ) ) ;
#3094 = CARTESIAN_POINT ( 'NONE',  ( -12.64790989955100109, 3.868306462471565066, 24.17766952966350047 ) ) ;
#3095 = ADVANCED_FACE ( 'NONE', ( #2829, #4008 ), #2266, .F. ) ;
#3096 = CARTESIAN_POINT ( 'NONE',  ( -47.59811073578330110, 18.86830646247155130, 39.35882444406044556 ) ) ;
#3097 = CARTESIAN_POINT ( 'NONE',  ( -4.598110735783330405, 40.11429676277850120, 34.35882444406045266 ) ) ;
#3098 = DIRECTION ( 'NONE',  ( -1.000000000000000000, 0.000000000000000000, 0.000000000000000000 ) ) ;
#3099 = CARTESIAN_POINT ( 'NONE',  ( -45.38022713868549829, 9.954375923019689765, 36.35882444406045266 ) ) ;
#3100 = ORIENTED_EDGE ( 'NONE', *, *, #314, .T. ) ;
#3101 = ORIENTED_EDGE ( 'NONE', *, *, #862, .T. ) ;
#3102 = EDGE_CURVE ( 'NONE', #4557, #1131, #2301, .T. ) ;
#3103 = CARTESIAN_POINT ( 'NONE',  ( -4.598110735783330405, -64.59143548592969353, 24.17766952966350047 ) ) ;
#3104 = CARTESIAN_POINT ( 'NONE',  ( -13.56702913537085031, 43.87976616145331832, 45.88336068990356154 ) ) ;
#3105 = ORIENTED_EDGE ( 'NONE', *, *, #233, .F. ) ;
#3106 = CARTESIAN_POINT ( 'NONE',  ( -14.42277167645590019, -3.131693537528430049, -17.67766952966359995 ) ) ;
#3107 = ORIENTED_EDGE ( 'NONE', *, *, #3748, .F. ) ;
#3108 = CARTESIAN_POINT ( 'NONE',  ( -16.58562570182747464, 47.01390660220127415, 49.92097310810252253 ) ) ;
#3109 = ORIENTED_EDGE ( 'NONE', *, *, #532, .F. ) ;
#3110 = ORIENTED_EDGE ( 'NONE', *, *, #4831, .T. ) ;
#3111 = DIRECTION ( 'NONE',  ( 0.000000000000000000, 0.000000000000000000, 1.000000000000000000 ) ) ;
#3112 = CARTESIAN_POINT ( 'NONE',  ( -48.04093621875636444, 10.75705897290364099, 44.75785220835992106 ) ) ;
#3113 = CARTESIAN_POINT ( 'NONE',  ( -50.69266471871661395, 13.45825712928235163, 49.56705732469195169 ) ) ;
#3114 = ADVANCED_FACE ( 'NONE', ( #2415 ), #4095, .T. ) ;
#3115 = PRESENTATION_STYLE_ASSIGNMENT (( #4806 ) ) ;
#3116 = CARTESIAN_POINT ( 'NONE',  ( -44.79346926866904965, 8.954375923019691541, 54.85882444406049530 ) ) ;
#3117 = ORIENTED_EDGE ( 'NONE', *, *, #854, .T. ) ;
#3118 = CARTESIAN_POINT ( 'NONE',  ( -47.73302264510756032, 43.10307566372508603, 45.88317234207972461 ) ) ;
#3119 = CARTESIAN_POINT ( 'NONE',  ( -16.17896897641657716, 11.08284001432567401, 44.47023410481485683 ) ) ;
#3120 = EDGE_CURVE ( 'NONE', #67, #5070, #3671, .T. ) ;
#3121 = ORIENTED_EDGE ( 'NONE', *, *, #1612, .F. ) ;
#3122 = CARTESIAN_POINT ( 'NONE',  ( -41.79346926866904965, 50.11429676277849410, 54.85882444406049530 ) ) ;
#3123 = DIRECTION ( 'NONE',  ( 1.000000000000000000, 0.000000000000000000, 0.000000000000000000 ) ) ;
#3124 = CARTESIAN_POINT ( 'NONE',  ( -54.95282232632759900, 20.95921555339655029, 39.85882444406045266 ) ) ;
#3125 = CARTESIAN_POINT ( 'NONE',  ( -12.16858577150027010, 14.26631940122976161, 24.13483947178445632 ) ) ;
#3126 = CARTESIAN_POINT ( 'NONE',  ( -56.21200424934659878, 20.74857928426441589, 34.50093544261927292 ) ) ;
#3127 = DIRECTION ( 'NONE',  ( 1.000000000000000000, 0.000000000000000000, 0.000000000000000000 ) ) ;
#3128 = ORIENTED_EDGE ( 'NONE', *, *, #1229, .F. ) ;
#3129 = ORIENTED_EDGE ( 'NONE', *, *, #1265, .T. ) ;
#3130 = DIRECTION ( 'NONE',  ( 0.000000000000000000, -1.000000000000000000, 0.000000000000000000 ) ) ;
#3131 = CARTESIAN_POINT ( 'NONE',  ( -14.13218427870062754, 44.55807410767228305, 44.80714201113906370 ) ) ;
#3132 = EDGE_CURVE ( 'NONE', #5398, #5318, #5366, .T. ) ;
#3133 = ORIENTED_EDGE ( 'NONE', *, *, #4109, .F. ) ;
#3134 = DIRECTION ( 'NONE',  ( 0.000000000000000000, 1.000000000000000000, 0.000000000000000000 ) ) ;
#3135 = EDGE_LOOP ( 'NONE', ( #5405, #2369, #1880, #5007 ) ) ;
#3136 = LINE ( 'NONE', #936, #2822 ) ;
#3137 = ORIENTED_EDGE ( 'NONE', *, *, #3172, .T. ) ;
#3138 = VECTOR ( 'NONE', #1043, 1000.000000000000000 ) ;
#3139 = CARTESIAN_POINT ( 'NONE',  ( -20.79346926863574652, -4.821664449186959752E-11, 27.17766952966350047 ) ) ;
#3140 = CARTESIAN_POINT ( 'NONE',  ( -47.71311536046341217, 10.47715580458750573, 45.13720777075414503 ) ) ;
#3141 = CARTESIAN_POINT ( 'NONE',  ( -50.11943204579198152, 12.79841220851004913, 50.22024186175765692 ) ) ;
#3142 = CARTESIAN_POINT ( 'NONE',  ( 5.531971664721659465, 3.868306462471565066, 17.49432769552850075 ) ) ;
#3143 = VECTOR ( 'NONE', #187, 1000.000000000000000 ) ;
#3144 = CARTESIAN_POINT ( 'NONE',  ( -20.35651377752013858, 50.11429676277849410, 35.19754808093972542 ) ) ;
#3145 = EDGE_CURVE ( 'NONE', #2034, #211, #2372, .T. ) ;
#3146 = VERTEX_POINT ( 'NONE', #5203 ) ;
#3147 = VECTOR ( 'NONE', #3615, 1000.000000000000000 ) ;
#3148 = VECTOR ( 'NONE', #3249, 1000.000000000000114 ) ;
#3149 = CARTESIAN_POINT ( 'NONE',  ( -59.59811073578330110, -1.131693537528442040, 29.35882444406044911 ) ) ;
#3150 = DIRECTION ( 'NONE',  ( 0.000000000000000000, 0.000000000000000000, -1.000000000000000000 ) ) ;
#3151 = ORIENTED_EDGE ( 'NONE', *, *, #4208, .T. ) ;
#3152 = CARTESIAN_POINT ( 'NONE',  ( -50.94711781097447556, 13.76746045944561914, 45.68621797415568153 ) ) ;
#3153 = CIRCLE ( 'NONE', #752, 3.499999999999999556 ) ;
#3154 = VECTOR ( 'NONE', #3014, 1000.000000000000000 ) ;
#3155 = VERTEX_POINT ( 'NONE', #417 ) ;
#3156 = CARTESIAN_POINT ( 'NONE',  ( -59.59811073578330110, 40.11429676277850120, 27.17766952966350047 ) ) ;
#3157 = DIRECTION ( 'NONE',  ( 0.000000000000000000, 0.000000000000000000, -1.000000000000000000 ) ) ;
#3158 = AXIS2_PLACEMENT_3D ( 'NONE', #2211, #45, #13 ) ;
#3159 = TOROIDAL_SURFACE ( 'NONE', #1479, 25.99999999998344791, 2.000000000000000000 ) ;
#3160 = CARTESIAN_POINT ( 'NONE',  ( -56.16029720601183328, 20.75712319907676573, 34.52250984938913803 ) ) ;
#3161 = CARTESIAN_POINT ( 'NONE',  ( -55.93849518613194505, 36.94280380818258891, 34.63375280219247543 ) ) ;
#3162 = VERTEX_POINT ( 'NONE', #4283 ) ;
#3163 = ORIENTED_EDGE ( 'NONE', *, *, #2875, .F. ) ;
#3164 = EDGE_CURVE ( 'NONE', #4244, #4826, #20, .T. ) ;
#3165 = CARTESIAN_POINT ( 'NONE',  ( -49.77811073578359924, -2.931693537528434756, 17.67766952966350047 ) ) ;
#3166 = FACE_OUTER_BOUND ( 'NONE', #5372, .T. ) ;
#3167 = VERTEX_POINT ( 'NONE', #5116 ) ;
#3168 = DIRECTION ( 'NONE',  ( 0.000000000000000000, 0.000000000000000000, 1.000000000000000000 ) ) ;
#3169 = ORIENTED_EDGE ( 'NONE', *, *, #3920, .T. ) ;
#3170 = CARTESIAN_POINT ( 'NONE',  ( -14.42277167645590019, -3.131693537528430049, -17.67766952966359995 ) ) ;
#3171 = ORIENTED_EDGE ( 'NONE', *, *, #4146, .T. ) ;
#3172 = EDGE_CURVE ( 'NONE', #4873, #1191, #1027, .T. ) ;
#3173 = LINE ( 'NONE', #1086, #2297 ) ;
#3174 = CARTESIAN_POINT ( 'NONE',  ( -54.47572988273390138, 21.12574138044965011, -6.042575751263660422 ) ) ;
#3175 = CARTESIAN_POINT ( 'NONE',  ( -51.03024368255763221, 13.87054935189781268, 48.78637397636014583 ) ) ;
#3176 = CIRCLE ( 'NONE', #4949, 1.000000000000000888 ) ;
#3177 = CARTESIAN_POINT ( 'NONE',  ( -13.35570936947424947, 14.12513007474380622, 47.55018540146468808 ) ) ;
#3178 = CYLINDRICAL_SURFACE ( 'NONE', #2817, 10.00000000000000000 ) ;
#3179 = EDGE_LOOP ( 'NONE', ( #4080, #2238, #3151, #1630 ) ) ;
#3180 = CARTESIAN_POINT ( 'NONE',  ( -14.44829839002302485, 12.81959638913269828, 44.51049477633383589 ) ) ;
#3181 = ADVANCED_FACE ( 'NONE', ( #2243 ), #1376, .F. ) ;
#3182 = CARTESIAN_POINT ( 'NONE',  ( -41.79346926866904965, 38.86830646247154419, 39.85882444406045266 ) ) ;
#3183 = CARTESIAN_POINT ( 'NONE',  ( -41.79346926866904965, 45.36830646247160104, 37.35882444406049530 ) ) ;
#3184 = ORIENTED_EDGE ( 'NONE', *, *, #275, .T. ) ;
#3185 = DIRECTION ( 'NONE',  ( 0.000000000000000000, 1.000000000000000000, 0.000000000000000000 ) ) ;
#3186 = ORIENTED_EDGE ( 'NONE', *, *, #854, .F. ) ;
#3187 = CARTESIAN_POINT ( 'NONE',  ( -52.87178819448959644, -64.59143548592969353, 23.68124034523389909 ) ) ;
#3188 = CARTESIAN_POINT ( 'NONE',  ( -56.95282232632739294, 20.62717142066049902, 34.35882444406045266 ) ) ;
#3189 = CARTESIAN_POINT ( 'NONE',  ( -14.51287256179659479, 12.74843000436196583, 50.25075760610577191 ) ) ;
#3190 = ORIENTED_EDGE ( 'NONE', *, *, #4916, .F. ) ;
#3191 = VERTEX_POINT ( 'NONE', #2134 ) ;
#3192 = EDGE_CURVE ( 'NONE', #5225, #2327, #2464, .T. ) ;
#3193 = CARTESIAN_POINT ( 'NONE',  ( -4.542357293031770382, -3.786771474836654772, 21.27206602578905148 ) ) ;
#3194 = CYLINDRICAL_SURFACE ( 'NONE', #2707, 10.00000000000000000 ) ;
#3195 = ORIENTED_EDGE ( 'NONE', *, *, #269, .T. ) ;
#3196 = DIRECTION ( 'NONE',  ( 0.000000000000000000, 1.000000000000000000, 0.000000000000000000 ) ) ;
#3197 = ADVANCED_FACE ( 'NONE', ( #1409 ), #500, .T. ) ;
#3198 = VERTEX_POINT ( 'NONE', #526 ) ;
#3199 = DIRECTION ( 'NONE',  ( 0.000000000000000000, 0.000000000000000000, 1.000000000000000000 ) ) ;
#3200 = CARTESIAN_POINT ( 'NONE',  ( 0.000000000000000000, 8.954375923019691541, 42.16311116877835019 ) ) ;
#3201 = CARTESIAN_POINT ( 'NONE',  ( -45.89195040723679142, 12.86576570391729746, 47.13256932319296766 ) ) ;
#3202 = CARTESIAN_POINT ( 'NONE',  ( -16.59811073578335083, 8.140168086743990727, 34.35882444406045266 ) ) ;
#3203 = DIRECTION ( 'NONE',  ( 0.000000000000000000, -1.000000000000000000, 0.000000000000000000 ) ) ;
#3204 = DIRECTION ( 'NONE',  ( 0.000000000000000000, 0.000000000000000000, 1.000000000000000000 ) ) ;
#3205 = CARTESIAN_POINT ( 'NONE',  ( -13.49152595808147836, 13.95231011811675614, 46.17438599584944825 ) ) ;
#3206 = CARTESIAN_POINT ( 'NONE',  ( -48.29601002722722569, 42.46678760104064310, 47.13256932302842728 ) ) ;
#3207 = DIRECTION ( 'NONE',  ( 0.000000000000000000, -1.000000000000000000, 0.000000000000000000 ) ) ;
#3208 = VERTEX_POINT ( 'NONE', #3420 ) ;
#3209 = DIRECTION ( 'NONE',  ( 0.000000000000000000, 1.000000000000000000, 0.000000000000000000 ) ) ;
#3210 = EDGE_CURVE ( 'NONE', #2624, #4881, #3247, .T. ) ;
#3211 = DIRECTION ( 'NONE',  ( 0.000000000000000000, 1.000000000000000000, 0.000000000000000000 ) ) ;
#3212 = DIRECTION ( 'NONE',  ( 0.000000000000000000, 0.000000000000000000, 1.000000000000000000 ) ) ;
#3213 = CARTESIAN_POINT ( 'NONE',  ( -16.41709845635974574, 10.86991686655252032, 50.07551402084440895 ) ) ;
#3214 = EDGE_LOOP ( 'NONE', ( #1712, #4212, #4877, #2138 ) ) ;
#3215 = ORIENTED_EDGE ( 'NONE', *, *, #1058, .T. ) ;
#3216 = ORIENTED_EDGE ( 'NONE', *, *, #3502, .T. ) ;
#3217 = CARTESIAN_POINT ( 'NONE',  ( -16.59811073578330110, 8.688390431841741091, 34.39437119806162713 ) ) ;
#3218 = CARTESIAN_POINT ( 'NONE',  ( -49.26403201714089874, 11.89774371399968089, 47.35882438196059496 ) ) ;
#3219 = ORIENTED_EDGE ( 'NONE', *, *, #1698, .T. ) ;
#3220 = DIRECTION ( 'NONE',  ( 0.000000000000000000, 0.000000000000000000, 1.000000000000000000 ) ) ;
#3221 = VERTEX_POINT ( 'NONE', #3814 ) ;
#3222 = CARTESIAN_POINT ( 'NONE',  ( -13.49380757712761891, 43.78718039302393095, 48.55274708909793446 ) ) ;
#3223 = CYLINDRICAL_SURFACE ( 'NONE', #2111, 5.499999999999998224 ) ;
#3224 = EDGE_CURVE ( 'NONE', #3235, #1099, #27, .T. ) ;
#3225 = DIRECTION ( 'NONE',  ( 1.000000000000000000, 9.340818716804137934E-16, 0.000000000000000000 ) ) ;
#3226 = DIRECTION ( 'NONE',  ( 0.000000000000000000, 1.000000000000000000, 0.000000000000000000 ) ) ;
#3227 = CARTESIAN_POINT ( 'NONE',  ( -25.29346926866904965, 45.36830646247160104, 39.85882444406045266 ) ) ;
#3228 = CARTESIAN_POINT ( 'NONE',  ( -53.06454290485630310, 21.61830646248599663, -6.042575751263660422 ) ) ;
#3229 = EDGE_CURVE ( 'NONE', #2399, #1481, #4495, .T. ) ;
#3230 = CARTESIAN_POINT ( 'NONE',  ( -48.06674999891743738, 42.73219928633567122, 46.32008518611409897 ) ) ;
#3231 = VECTOR ( 'NONE', #2850, 1000.000000000000000 ) ;
#3232 = LINE ( 'NONE', #1179, #1124 ) ;
#3233 = ORIENTED_EDGE ( 'NONE', *, *, #923, .F. ) ;
#3234 = CARTESIAN_POINT ( 'NONE',  ( -14.42277167645590019, -2.931693537528434756, -17.67766952966359995 ) ) ;
#3235 = VERTEX_POINT ( 'NONE', #3097 ) ;
#3236 = AXIS2_PLACEMENT_3D ( 'NONE', #172, #3211, #1974 ) ;
#3237 = DIRECTION ( 'NONE',  ( 0.000000000000000000, 0.000000000000000000, 1.000000000000000000 ) ) ;
#3238 = CARTESIAN_POINT ( 'NONE',  ( -55.62262727483595626, 20.84647081714757633, 34.86107715404695284 ) ) ;
#3239 = AXIS2_PLACEMENT_3D ( 'NONE', #2559, #5052, #5027 ) ;
#3240 = CARTESIAN_POINT ( 'NONE',  ( -14.40660579571044231, 12.86639746124314243, 50.17242201784819144 ) ) ;
#3241 = AXIS2_PLACEMENT_3D ( 'NONE', #2751, #3564, #5257 ) ;
#3242 = ORIENTED_EDGE ( 'NONE', *, *, #3644, .F. ) ;
#3243 = ORIENTED_EDGE ( 'NONE', *, *, #5067, .T. ) ;
#3244 = EDGE_CURVE ( 'NONE', #1987, #64, #3013, .T. ) ;
#3245 = LINE ( 'NONE', #4607, #1850 ) ;
#3246 = AXIS2_PLACEMENT_3D ( 'NONE', #1504, #3220, #662 ) ;
#3247 = CIRCLE ( 'NONE', #842, 10.00000000000000178 ) ;
#3248 = EDGE_CURVE ( 'NONE', #2503, #4878, #2596, .T. ) ;
#3249 = DIRECTION ( 'NONE',  ( -0.7071067811865474617, 0.7071067811865474617, 0.000000000000000000 ) ) ;
#3250 = ORIENTED_EDGE ( 'NONE', *, *, #1533, .T. ) ;
#3251 = CARTESIAN_POINT ( 'NONE',  ( -19.20671139866825072, 9.954375923019689765, 54.85882444406049530 ) ) ;
#3252 = CIRCLE ( 'NONE', #1929, 31.50000000000000000 ) ;
#3253 = VERTEX_POINT ( 'NONE', #3867 ) ;
#3254 = TOROIDAL_SURFACE ( 'NONE', #3479, 26.00000000000344613, 2.000000000000000000 ) ;
#3255 = CARTESIAN_POINT ( 'NONE',  ( -14.04130231792763617, 44.45212847497996478, 49.78825432400531525 ) ) ;
#3256 = DIRECTION ( 'NONE',  ( -2.775557561562889810E-17, 1.000000000000000000, 0.000000000000000000 ) ) ;
#3257 = CIRCLE ( 'NONE', #1738, 24.00000000000344968 ) ;
#3258 = DIRECTION ( 'NONE',  ( 0.7071067811865471286, -0.7071067811865481278, 0.000000000000000000 ) ) ;
#3259 = LINE ( 'NONE', #2849, #3147 ) ;
#3260 = DIRECTION ( 'NONE',  ( -0.9441397107361220176, 0.3295454545447590311, 0.000000000000000000 ) ) ;
#3261 = CARTESIAN_POINT ( 'NONE',  ( -51.49141837787850307, 14.12513007473730120, 47.35882438196059496 ) ) ;
#3262 = CARTESIAN_POINT ( 'NONE',  ( -4.422771676456044965, -64.59143548592969353, 15.03983408840434954 ) ) ;
#3263 = CARTESIAN_POINT ( 'NONE',  ( -49.77811073578359924, -6.131693537528450477, 14.17766952966348093 ) ) ;
#3264 = CARTESIAN_POINT ( 'NONE',  ( -23.29346926866904965, 16.86830646247155130, 27.17766952966350047 ) ) ;
#3265 = DIRECTION ( 'NONE',  ( 0.000000000000000000, 0.000000000000000000, 1.000000000000000000 ) ) ;
#3266 = DIRECTION ( 'NONE',  ( 0.000000000000000000, 0.000000000000000000, -1.000000000000000000 ) ) ;
#3267 = ORIENTED_EDGE ( 'NONE', *, *, #3306, .T. ) ;
#3268 = AXIS2_PLACEMENT_3D ( 'NONE', #3927, #959, #5298 ) ;
#3269 = DIRECTION ( 'NONE',  ( 0.000000000000000000, 1.000000000000000000, 0.000000000000000000 ) ) ;
#3270 = CARTESIAN_POINT ( 'NONE',  ( -49.26403201714849445, 45.83886921095099609, 47.35882438196049549 ) ) ;
#3271 = LINE ( 'NONE', #2077, #1105 ) ;
#3272 = VERTEX_POINT ( 'NONE', #1763 ) ;
#3273 = ORIENTED_EDGE ( 'NONE', *, *, #3244, .T. ) ;
#3274 = CYLINDRICAL_SURFACE ( 'NONE', #2200, 20.99999999999880274 ) ;
#3275 = CARTESIAN_POINT ( 'NONE',  ( -14.42277167645602098, -6.131693537528450477, 14.17766952966367988 ) ) ;
#3276 = ORIENTED_EDGE ( 'NONE', *, *, #1561, .T. ) ;
#3277 = CARTESIAN_POINT ( 'NONE',  ( -47.30484240336863166, 47.59481541287764372, 45.88358617345468105 ) ) ;
#3278 = ORIENTED_EDGE ( 'NONE', *, *, #679, .T. ) ;
#3279 = ADVANCED_FACE ( 'NONE', ( #3443 ), #3159, .F. ) ;
#3280 = CARTESIAN_POINT ( 'NONE',  ( -52.12040319412919587, 35.78876100791535464, 54.85882444406049530 ) ) ;
#3281 = DIRECTION ( 'NONE',  ( -1.000000000000000000, 0.000000000000000000, 0.000000000000000000 ) ) ;
#3282 = CARTESIAN_POINT ( 'NONE',  ( -13.41221807687038670, 14.05268815261335114, 48.13985314876590138 ) ) ;
#3283 = LINE ( 'NONE', #3261, #4403 ) ;
#3284 = DIRECTION ( 'NONE',  ( 0.000000000000000000, 0.000000000000000000, -1.000000000000000000 ) ) ;
#3285 = CARTESIAN_POINT ( 'NONE',  ( -14.42277167645602098, -2.931693537528434756, 17.67766952966370297 ) ) ;
#3286 = DIRECTION ( 'NONE',  ( 0.000000000000000000, 0.000000000000000000, -1.000000000000000000 ) ) ;
#3287 = DIRECTION ( 'NONE',  ( 0.000000000000000000, 0.000000000000000000, 1.000000000000000000 ) ) ;
#3288 = ORIENTED_EDGE ( 'NONE', *, *, #1362, .F. ) ;
#3289 = CARTESIAN_POINT ( 'NONE',  ( -32.10044120611970442, 3.868306462471565066, 24.17766952966350047 ) ) ;
#3290 = EDGE_CURVE ( 'NONE', #3083, #1973, #4726, .T. ) ;
#3291 = DIRECTION ( 'NONE',  ( -0.7071067811865475727, 0.7071067811865475727, 0.000000000000000000 ) ) ;
#3292 = CARTESIAN_POINT ( 'NONE',  ( -14.23230289405002402, 13.06316400435942349, 50.01585209964648726 ) ) ;
#3293 = ORIENTED_EDGE ( 'NONE', *, *, #2630, .T. ) ;
#3294 = LINE ( 'NONE', #2887, #2994 ) ;
#3295 = FACE_OUTER_BOUND ( 'NONE', #1182, .T. ) ;
#3296 = VERTEX_POINT ( 'NONE', #3067 ) ;
#3297 = CARTESIAN_POINT ( 'NONE',  ( -50.35992053606527463, 44.66716667118316764, 44.70968180213591125 ) ) ;
#3298 = EDGE_LOOP ( 'NONE', ( #1443, #4962, #2229, #3530, #4052, #2486, #2444, #1613, #317 ) ) ;
#3299 = SHAPE_DEFINITION_REPRESENTATION ( #4963, #401 ) ;
#3300 = EDGE_CURVE ( 'NONE', #5398, #691, #1982, .T. ) ;
#3301 = CARTESIAN_POINT ( 'NONE',  ( -14.42277167645602098, -3.131693537528430049, 17.67766952966370297 ) ) ;
#3302 = FACE_OUTER_BOUND ( 'NONE', #4810, .T. ) ;
#3303 = CARTESIAN_POINT ( 'NONE',  ( -13.87093996254934325, 13.48615616468784673, 49.52725272162867753 ) ) ;
#3304 = CARTESIAN_POINT ( 'NONE',  ( -43.55479347067385021, 50.11429676277849410, 35.86684446286714945 ) ) ;
#3305 = DIRECTION ( 'NONE',  ( 0.000000000000000000, 1.000000000000000000, 0.000000000000000000 ) ) ;
#3306 = EDGE_CURVE ( 'NONE', #4704, #3235, #3651, .T. ) ;
#3307 = EDGE_LOOP ( 'NONE', ( #2671, #2580, #917, #986 ) ) ;
#3308 = CYLINDRICAL_SURFACE ( 'NONE', #2803, 5.500000000000000000 ) ;
#3309 = CARTESIAN_POINT ( 'NONE',  ( -21.03214467885599959, 50.11429676277849410, 35.86684398971470245 ) ) ;
#3310 = DIRECTION ( 'NONE',  ( 1.000000000000000000, 0.000000000000000000, 0.000000000000000000 ) ) ;
#3311 = VERTEX_POINT ( 'NONE', #198 ) ;
#3312 = AXIS2_PLACEMENT_3D ( 'NONE', #4237, #5477, #414 ) ;
#3313 = CARTESIAN_POINT ( 'NONE',  ( -32.10044120611970442, 3.868306462471565066, -31.50000000000000000 ) ) ;
#3314 = CARTESIAN_POINT ( 'NONE',  ( -18.86544334392531752, 8.954375923019689765, 35.88642133727647376 ) ) ;
#3315 = DIRECTION ( 'NONE',  ( 0.000000000000000000, 1.000000000000000000, 0.000000000000000000 ) ) ;
#3316 = ORIENTED_EDGE ( 'NONE', *, *, #3511, .F. ) ;
#3317 = VECTOR ( 'NONE', #325, 1000.000000000000114 ) ;
#3318 = CARTESIAN_POINT ( 'NONE',  ( -14.59811073578332064, 50.11429676277849410, 34.35882444406045266 ) ) ;
#3319 = AXIS2_PLACEMENT_3D ( 'NONE', #1197, #249, #1534 ) ;
#3320 = AXIS2_PLACEMENT_3D ( 'NONE', #241, #2783, #5326 ) ;
#3321 = CARTESIAN_POINT ( 'NONE',  ( -45.38022713868549829, 9.954375923019689765, 54.85882444406049530 ) ) ;
#3322 = ORIENTED_EDGE ( 'NONE', *, *, #2779, .F. ) ;
#3323 = CARTESIAN_POINT ( 'NONE',  ( -49.95313756410711648, 45.12064810385015790, 44.39103375415298558 ) ) ;
#3324 = EDGE_LOOP ( 'NONE', ( #1921, #4756, #3610, #4344 ) ) ;
#3325 = EDGE_CURVE ( 'NONE', #1731, #2539, #2769, .T. ) ;
#3326 = AXIS2_PLACEMENT_3D ( 'NONE', #3458, #1697, #887 ) ;
#3327 = VECTOR ( 'NONE', #4893, 1000.000000000000000 ) ;
#3328 = DIRECTION ( 'NONE',  ( 2.775557561562891351E-15, 0.000000000000000000, -1.000000000000000000 ) ) ;
#3329 = AXIS2_PLACEMENT_3D ( 'NONE', #518, #1036, #3553 ) ;
#3330 = VECTOR ( 'NONE', #3673, 1000.000000000000000 ) ;
#3331 = CARTESIAN_POINT ( 'NONE',  ( -32.29346926866904965, 28.86830646247155130, 36.35882444406050240 ) ) ;
#3332 = CARTESIAN_POINT ( 'NONE',  ( -13.83821764094172302, 13.52537687278199030, 49.46934330892729292 ) ) ;
#3333 = EDGE_CURVE ( 'NONE', #4992, #4988, #4045, .T. ) ;
#3334 = FACE_OUTER_BOUND ( 'NONE', #4414, .T. ) ;
#3335 = CONICAL_SURFACE ( 'NONE', #2471, 3.300000000000000711, 0.7853981633974399523 ) ;
#3336 = DIRECTION ( 'NONE',  ( 0.000000000000000000, 0.000000000000000000, 1.000000000000000000 ) ) ;
#3337 = ORIENTED_EDGE ( 'NONE', *, *, #2224, .T. ) ;
#3338 = CARTESIAN_POINT ( 'NONE',  ( -48.34235365216210312, 11.02360597411252385, 50.20486058640928206 ) ) ;
#3339 = AXIS2_PLACEMENT_3D ( 'NONE', #374, #4193, #2023 ) ;
#3340 = CARTESIAN_POINT ( 'NONE',  ( -32.10044120611970442, 3.868306462471565066, 0.000000000000000000 ) ) ;
#3341 = CYLINDRICAL_SURFACE ( 'NONE', #924, 1.699999999999999734 ) ;
#3342 = ORIENTED_EDGE ( 'NONE', *, *, #1483, .F. ) ;
#3343 = EDGE_CURVE ( 'NONE', #2633, #4873, #4372, .T. ) ;
#3344 = VECTOR ( 'NONE', #3639, 1000.000000000000000 ) ;
#3345 = CARTESIAN_POINT ( 'NONE',  ( -4.598110735783330405, 18.86830646247155130, 22.17766952966350047 ) ) ;
#3346 = CARTESIAN_POINT ( 'NONE',  ( -45.89195002191311801, 44.87084754846505064, 47.58440980052254332 ) ) ;
#3347 = DIRECTION ( 'NONE',  ( -0.7071067811865474617, -0.7071067811865474617, 0.000000000000000000 ) ) ;
#3348 = VECTOR ( 'NONE', #4472, 1000.000000000000000 ) ;
#3349 = ORIENTED_EDGE ( 'NONE', *, *, #3650, .F. ) ;
#3350 = CARTESIAN_POINT ( 'NONE',  ( -50.57145631417752440, 44.42196636581930846, 49.75460646885632343 ) ) ;
#3351 = DIRECTION ( 'NONE',  ( -2.775557561562889810E-17, 1.000000000000000000, 0.000000000000000000 ) ) ;
#3352 = VERTEX_POINT ( 'NONE', #685 ) ;
#3353 = CARTESIAN_POINT ( 'NONE',  ( -50.01103142680878477, 45.05745550516689946, 44.42573926264620354 ) ) ;
#3354 = EDGE_LOOP ( 'NONE', ( #5241, #3986, #3633, #4793 ) ) ;
#3355 =( LENGTH_UNIT ( ) NAMED_UNIT ( * ) SI_UNIT ( .MILLI., .METRE. ) );
#3356 = CYLINDRICAL_SURFACE ( 'NONE', #2172, 1.700000000000002176 ) ;
#3357 = EDGE_CURVE ( 'NONE', #1112, #5259, #1914, .T. ) ;
#3358 = ORIENTED_EDGE ( 'NONE', *, *, #1769, .F. ) ;
#3359 = DIRECTION ( 'NONE',  ( 1.000000000000000000, 0.000000000000000000, 0.000000000000000000 ) ) ;
#3360 = DIRECTION ( 'NONE',  ( 0.000000000000000000, 1.000000000000000000, 0.000000000000000000 ) ) ;
#3361 = CARTESIAN_POINT ( 'NONE',  ( -47.59811073578330110, -6.131693537528450477, 24.35882444406049885 ) ) ;
#3362 = ORIENTED_EDGE ( 'NONE', *, *, #1797, .T. ) ;
#3363 = CARTESIAN_POINT ( 'NONE',  ( -47.95885955696275715, 10.68607871246414476, 49.87761583209865535 ) ) ;
#3364 = CARTESIAN_POINT ( 'NONE',  ( -50.46611354515800230, 13.09982524201680043, 47.35882438196059496 ) ) ;
#3365 = DIRECTION ( 'NONE',  ( 0.7071067811865474617, 0.7071067811865474617, 0.000000000000000000 ) ) ;
#3366 = FACE_OUTER_BOUND ( 'NONE', #338, .T. ) ;
#3367 = CARTESIAN_POINT ( 'NONE',  ( -32.29346926866904965, 28.86830646247155130, 54.85882444406049530 ) ) ;
#3368 = CARTESIAN_POINT ( 'NONE',  ( -8.003533875690029831, 13.86830646247156018, 21.27206602578905148 ) ) ;
#3369 = FACE_OUTER_BOUND ( 'NONE', #230, .T. ) ;
#3370 = CARTESIAN_POINT ( 'NONE',  ( -11.12277167645602027, -2.931693537528434756, 17.67766952966370297 ) ) ;
#3371 = CARTESIAN_POINT ( 'NONE',  ( -50.42868373527041825, 44.58815414789088294, 49.93289909361778456 ) ) ;
#3372 = EDGE_CURVE ( 'NONE', #2636, #2496, #1520, .T. ) ;
#3373 = DIRECTION ( 'NONE',  ( 0.000000000000000000, -1.000000000000000000, 0.000000000000000000 ) ) ;
#3374 = CARTESIAN_POINT ( 'NONE',  ( -48.02855221698687416, 46.99031408692563616, 44.76981488821338928 ) ) ;
#3375 = ORIENTED_EDGE ( 'NONE', *, *, #329, .F. ) ;
#3376 = CARTESIAN_POINT ( 'NONE',  ( -16.85094561999272500, 14.63558467916739225, 48.84449765140984567 ) ) ;
#3377 = CYLINDRICAL_SURFACE ( 'NONE', #3676, 1.999999999999998224 ) ;
#3378 = DIRECTION ( 'NONE',  ( 0.000000000000000000, 0.000000000000000000, 1.000000000000000000 ) ) ;
#3379 = CARTESIAN_POINT ( 'NONE',  ( -43.74579285288235297, 50.11429676277849410, 35.63383741123094950 ) ) ;
#3380 = EDGE_CURVE ( 'NONE', #1218, #2143, #111, .T. ) ;
#3381 = CARTESIAN_POINT ( 'NONE',  ( -22.79346926866904965, 45.36830646247160104, 27.17766952966350047 ) ) ;
#3382 = CARTESIAN_POINT ( 'NONE',  ( -48.00460643450542619, 10.72554851764191497, 49.92429529455975512 ) ) ;
#3383 = CARTESIAN_POINT ( 'NONE',  ( -16.56686542448206723, 14.95140664417719378, 46.23420158532943702 ) ) ;
#3384 = LINE ( 'NONE', #379, #3686 ) ;
#3385 = ADVANCED_FACE ( 'NONE', ( #2750 ), #4076, .F. ) ;
#3386 = DIRECTION ( 'NONE',  ( -1.000000000000000000, -2.775557561562889810E-17, 0.000000000000000000 ) ) ;
#3387 = LINE ( 'NONE', #4401, #3407 ) ;
#3388 = CARTESIAN_POINT ( 'NONE',  ( -32.29346926866904965, 28.86830646247155130, 34.35882444406045266 ) ) ;
#3389 = FACE_BOUND ( 'NONE', #1979, .T. ) ;
#3390 = CARTESIAN_POINT ( 'NONE',  ( -47.02579016883619545, 8.954375923019693317, 34.76877074296553616 ) ) ;
#3391 = EDGE_CURVE ( 'NONE', #3167, #1987, #2021, .T. ) ;
#3392 = CARTESIAN_POINT ( 'NONE',  ( -50.29460074568552130, 44.74173708874626954, 50.07445352308669584 ) ) ;
#3393 = DIRECTION ( 'NONE',  ( 0.000000000000000000, 0.000000000000000000, -1.000000000000000000 ) ) ;
#3394 = DIRECTION ( 'NONE',  ( -1.000000000000000000, 0.000000000000000000, 0.000000000000000000 ) ) ;
#3395 = VECTOR ( 'NONE', #702, 999.9999999999998863 ) ;
#3396 = CARTESIAN_POINT ( 'NONE',  ( -48.02735581265653053, 46.99135266365959041, 44.77097861092967435 ) ) ;
#3397 = ORIENTED_EDGE ( 'NONE', *, *, #4966, .T. ) ;
#3398 = ADVANCED_FACE ( 'NONE', ( #4898 ), #3563, .F. ) ;
#3399 = VECTOR ( 'NONE', #272, 1000.000000000000000 ) ;
#3400 = LINE ( 'NONE', #5097, #376 ) ;
#3401 = CARTESIAN_POINT ( 'NONE',  ( -45.65090591960798605, 50.11429676277849410, 34.57371987743592001 ) ) ;
#3402 = ORIENTED_EDGE ( 'NONE', *, *, #3980, .T. ) ;
#3403 = AXIS2_PLACEMENT_3D ( 'NONE', #2522, #4211, #3098 ) ;
#3404 = CARTESIAN_POINT ( 'NONE',  ( -15.14612982490695003, 43.61148285019935145, 47.35882438196059496 ) ) ;
#3405 = CARTESIAN_POINT ( 'NONE',  ( -49.59811073578330110, 40.11429676277850120, 34.35882444406045266 ) ) ;
#3406 = VECTOR ( 'NONE', #2198, 1000.000000000000000 ) ;
#3407 = VECTOR ( 'NONE', #165, 1000.000000000000000 ) ;
#3408 = ORIENTED_EDGE ( 'NONE', *, *, #5487, .F. ) ;
#3409 = CARTESIAN_POINT ( 'NONE',  ( -47.20302454750904531, 10.06125530309679306, 48.52172106614229108 ) ) ;
#3410 = DIRECTION ( 'NONE',  ( 0.000000000000000000, -1.000000000000000000, 0.000000000000000000 ) ) ;
#3411 = DIRECTION ( 'NONE',  ( 0.000000000000000000, 1.000000000000000000, 0.000000000000000000 ) ) ;
#3412 = CIRCLE ( 'NONE', #136, 2.000000000000001776 ) ;
#3413 = CIRCLE ( 'NONE', #3859, 14.69999999999999929 ) ;
#3414 = DIRECTION ( 'NONE',  ( 0.000000000000000000, 0.000000000000000000, -1.000000000000000000 ) ) ;
#3415 = DIRECTION ( 'NONE',  ( 0.000000000000000000, 1.000000000000000000, 0.000000000000000000 ) ) ;
#3416 = ADVANCED_FACE ( 'NONE', ( #1101 ), #623, .T. ) ;
#3417 = DIRECTION ( 'NONE',  ( 0.000000000000000000, 0.000000000000000000, -1.000000000000000000 ) ) ;
#3418 = DIRECTION ( 'NONE',  ( 1.000000000000000000, 7.334490613845678799E-13, 0.000000000000000000 ) ) ;
#3419 = CARTESIAN_POINT ( 'NONE',  ( -48.30019276912771886, 46.75101990230474769, 50.17732697106286111 ) ) ;
#3420 = CARTESIAN_POINT ( 'NONE',  ( -49.77811073578359924, -2.931693537528434756, 21.17766952966350047 ) ) ;
#3421 = CARTESIAN_POINT ( 'NONE',  ( -46.98506746249012167, 13.86267152245133794, 49.04778145696615610 ) ) ;
#3422 = AXIS2_PLACEMENT_3D ( 'NONE', #2257, #2170, #3908 ) ;
#3423 = FACE_OUTER_BOUND ( 'NONE', #3354, .T. ) ;
#3424 = ORIENTED_EDGE ( 'NONE', *, *, #923, .T. ) ;
#3425 = CARTESIAN_POINT ( 'NONE',  ( -15.05559145785071351, 45.57145393711487458, 44.20942900736571346 ) ) ;
#3426 = EDGE_CURVE ( 'NONE', #98, #5424, #787, .T. ) ;
#3427 = CARTESIAN_POINT ( 'NONE',  ( -17.48922342597511559, 8.954375923019693317, 34.74795061294259568 ) ) ;
#3428 = ORIENTED_EDGE ( 'NONE', *, *, #1240, .T. ) ;
#3429 = CARTESIAN_POINT ( 'NONE',  ( -17.40525844033104619, 47.69226999741920991, 48.44735307768194588 ) ) ;
#3430 = VERTEX_POINT ( 'NONE', #2836 ) ;
#3431 = ORIENTED_EDGE ( 'NONE', *, *, #466, .T. ) ;
#3432 = DIRECTION ( 'NONE',  ( 0.000000000000000000, 1.000000000000000000, 0.000000000000000000 ) ) ;
#3433 = CARTESIAN_POINT ( 'NONE',  ( -48.39194578874428032, 11.06832974730488139, 50.23736247469095417 ) ) ;
#3434 = FACE_BOUND ( 'NONE', #2057, .T. ) ;
#3435 = CARTESIAN_POINT ( 'NONE',  ( -52.87178819448959644, 14.09973489411209968, 23.68124034523389909 ) ) ;
#3436 = DIRECTION ( 'NONE',  ( -0.7071067811865475727, 0.7071067811865475727, 0.000000000000000000 ) ) ;
#3437 = LINE ( 'NONE', #5136, #1477 ) ;
#3438 = EDGE_LOOP ( 'NONE', ( #5051, #3025 ) ) ;
#3439 = CARTESIAN_POINT ( 'NONE',  ( -50.29282619736025595, 12.99286346694649730, 44.64152451453820447 ) ) ;
#3440 = CARTESIAN_POINT ( 'NONE',  ( -46.07213820618029843, 8.954375923019691541, 35.45468474723350738 ) ) ;
#3441 = EDGE_CURVE ( 'NONE', #4523, #3253, #1383, .T. ) ;
#3442 = CARTESIAN_POINT ( 'NONE',  ( -47.77256584533598271, 47.20942545398291657, 49.66031673013589653 ) ) ;
#3443 = FACE_OUTER_BOUND ( 'NONE', #3577, .T. ) ;
#3444 = CARTESIAN_POINT ( 'NONE',  ( -14.42277167645602098, -2.931693537528434756, 21.17766952966370297 ) ) ;
#3445 = CARTESIAN_POINT ( 'NONE',  ( -51.09621097476603069, 43.78329591293615408, 46.17771661746517964 ) ) ;
#3446 = ORIENTED_EDGE ( 'NONE', *, *, #5473, .T. ) ;
#3447 = ORIENTED_EDGE ( 'NONE', *, *, #2995, .F. ) ;
#3448 = CARTESIAN_POINT ( 'NONE',  ( -13.76121881177054185, 44.11834848036090762, 45.39814732529120533 ) ) ;
#3449 = ORIENTED_EDGE ( 'NONE', *, *, #5408, .T. ) ;
#3450 = CARTESIAN_POINT ( 'NONE',  ( 5.531971664721659465, 3.868306462471565066, 17.49432769552850075 ) ) ;
#3451 = ORIENTED_EDGE ( 'NONE', *, *, #120, .F. ) ;
#3452 = CARTESIAN_POINT ( 'NONE',  ( -51.49141837788609877, 43.61148285021344861, 47.35882438196049549 ) ) ;
#3453 = ORIENTED_EDGE ( 'NONE', *, *, #1617, .F. ) ;
#3454 = ORIENTED_EDGE ( 'NONE', *, *, #134, .F. ) ;
#3455 = DIRECTION ( 'NONE',  ( 1.000000000000000000, 0.000000000000000000, 0.000000000000000000 ) ) ;
#3456 = CARTESIAN_POINT ( 'NONE',  ( -50.03683498011447739, 12.70745552662448219, 50.27548208077032399 ) ) ;
#3457 = CARTESIAN_POINT ( 'NONE',  ( -51.55297251268839887, 3.868306462471565066, 22.17766952966350047 ) ) ;
#3458 = CARTESIAN_POINT ( 'NONE',  ( -14.42277167645602098, -2.931693537528434756, 17.67766952966370297 ) ) ;
#3459 = CARTESIAN_POINT ( 'NONE',  ( -17.28528888555613463, 43.55862016162122785, 49.05891198937596442 ) ) ;
#3460 = CARTESIAN_POINT ( 'NONE',  ( -47.59811073578330110, -6.131693537528450477, 29.35882444406044911 ) ) ;
#3461 = VERTEX_POINT ( 'NONE', #312 ) ;
#3462 = CARTESIAN_POINT ( 'NONE',  ( -50.63348233297285361, 13.38749722757290606, 45.04984793916974439 ) ) ;
#3463 = DIRECTION ( 'NONE',  ( -7.334490613845678799E-13, 1.000000000000000000, 0.000000000000000000 ) ) ;
#3464 = DIRECTION ( 'NONE',  ( 0.000000000000000000, 1.000000000000000000, 0.000000000000000000 ) ) ;
#3465 = DIRECTION ( 'NONE',  ( 0.000000000000000000, 0.7071067811865140440, 0.7071067811865809905 ) ) ;
#3467 = ORIENTED_EDGE ( 'NONE', *, *, #1843, .F. ) ;
#3466 = CARTESIAN_POINT ( 'NONE',  ( -39.29346926866904965, 45.36830646247160104, 21.97462444406049897 ) ) ;
#3468 = CARTESIAN_POINT ( 'NONE',  ( -43.79346926866904965, 9.954375923019689765, 27.17766952966350047 ) ) ;
#3469 = VERTEX_POINT ( 'NONE', #3732 ) ;
#3470 = AXIS2_PLACEMENT_3D ( 'NONE', #2298, #4337, #3944 ) ;
#3471 = ORIENTED_EDGE ( 'NONE', *, *, #1593, .T. ) ;
#3472 = CYLINDRICAL_SURFACE ( 'NONE', #5390, 20.99999999998945199 ) ;
#3473 = AXIS2_PLACEMENT_3D ( 'NONE', #1754, #3883, #1780 ) ;
#3474 = CARTESIAN_POINT ( 'NONE',  ( -14.50929108610864837, 44.98422849863469253, 44.46934904404209021 ) ) ;
#3475 = EDGE_LOOP ( 'NONE', ( #3137, #5232, #150, #4541, #4086 ) ) ;
#3476 = ADVANCED_FACE ( 'NONE', ( #3366 ), #4155, .F. ) ;
#3477 = CARTESIAN_POINT ( 'NONE',  ( -11.12277167645589948, -2.931693537528434756, -17.67766952966359995 ) ) ;
#3478 = ORIENTED_EDGE ( 'NONE', *, *, #4616, .F. ) ;
#3479 = AXIS2_PLACEMENT_3D ( 'NONE', #278, #5416, #5339 ) ;
#3480 = VECTOR ( 'NONE', #400, 1000.000000000000000 ) ;
#3481 = CARTESIAN_POINT ( 'NONE',  ( -41.29346926866904965, 14.36830646247156018, 27.17766952966350047 ) ) ;
#3482 = ORIENTED_EDGE ( 'NONE', *, *, #4589, .F. ) ;
#3483 = ORIENTED_EDGE ( 'NONE', *, *, #4329, .T. ) ;
#3484 = DIRECTION ( 'NONE',  ( 0.000000000000000000, 0.000000000000000000, 1.000000000000000000 ) ) ;
#3485 = LINE ( 'NONE', #5188, #4380 ) ;
#3486 = AXIS2_PLACEMENT_3D ( 'NONE', #2118, #1691, #776 ) ;
#3487 = VERTEX_POINT ( 'NONE', #2420 ) ;
#3488 = VECTOR ( 'NONE', #896, 1000.000000000000000 ) ;
#3489 = FACE_BOUND ( 'NONE', #58, .T. ) ;
#3490 = ADVANCED_FACE ( 'NONE', ( #5374 ), #5420, .F. ) ;
#3491 = CARTESIAN_POINT ( 'NONE',  ( -52.87178819448959644, 3.868306462471565066, 23.68124034523389909 ) ) ;
#3492 = CIRCLE ( 'NONE', #3326, 5.499999999999998224 ) ;
#3493 = CIRCLE ( 'NONE', #2620, 2.000000000000001776 ) ;
#3494 = DIRECTION ( 'NONE',  ( 0.000000000000000000, -1.000000000000000000, 0.000000000000000000 ) ) ;
#3495 = DIRECTION ( 'NONE',  ( 0.9441397107361220176, -0.3295454545447590311, 0.000000000000000000 ) ) ;
#3496 = CIRCLE ( 'NONE', #5452, 1.699999999999999734 ) ;
#3497 = ORIENTED_EDGE ( 'NONE', *, *, #269, .F. ) ;
#3498 = CARTESIAN_POINT ( 'NONE',  ( -50.98962293572736826, 13.82003914721789073, 45.80427057944848457 ) ) ;
#3499 = VECTOR ( 'NONE', #710, 1000.000000000000000 ) ;
#3500 = EDGE_CURVE ( 'NONE', #2577, #2143, #4985, .T. ) ;
#3501 = CARTESIAN_POINT ( 'NONE',  ( -50.74873759067257595, 44.21121606177882768, 49.46931313272063591 ) ) ;
#3502 = EDGE_CURVE ( 'NONE', #4881, #4972, #1627, .T. ) ;
#3503 = FACE_OUTER_BOUND ( 'NONE', #5056, .T. ) ;
#3504 =( GEOMETRIC_REPRESENTATION_CONTEXT ( 3 ) GLOBAL_UNCERTAINTY_ASSIGNED_CONTEXT ( ( #894 ) ) GLOBAL_UNIT_ASSIGNED_CONTEXT ( ( #3355, #5024, #1639 ) ) REPRESENTATION_CONTEXT ( 'NONE', 'WORKASPACE' ) );
#3505 = CARTESIAN_POINT ( 'NONE',  ( -16.51927403442093478, 42.73115830150829453, 46.32188052298991465 ) ) ;
#3506 = CARTESIAN_POINT ( 'NONE',  ( -48.07456667416495577, 15.01253132803266332, 48.40164732302363149 ) ) ;
#3507 = CARTESIAN_POINT ( 'NONE',  ( -51.08245575313949161, 43.80064947204643033, 46.12135621718702794 ) ) ;
#3508 = AXIS2_PLACEMENT_3D ( 'NONE', #3096, #4788, #5031 ) ;
#3509 = ORIENTED_EDGE ( 'NONE', *, *, #2115, .T. ) ;
#3510 = DIRECTION ( 'NONE',  ( 0.5689894726091381250, -0.8223448060637186252, 0.000000000000000000 ) ) ;
#3511 = EDGE_CURVE ( 'NONE', #4984, #2053, #2000, .T. ) ;
#3512 = CIRCLE ( 'NONE', #4671, 0.5000000000000004441 ) ;
#3513 = CARTESIAN_POINT ( 'NONE',  ( -17.37111504675126383, 47.66520974466058647, 46.15348792914283393 ) ) ;
#3514 = ORIENTED_EDGE ( 'NONE', *, *, #5280, .T. ) ;
#3515 = DIRECTION ( 'NONE',  ( -1.000000000000000000, 0.000000000000000000, 0.000000000000000000 ) ) ;
#3516 = EDGE_CURVE ( 'NONE', #5305, #67, #675, .T. ) ;
#3517 = ORIENTED_EDGE ( 'NONE', *, *, #4389, .F. ) ;
#3518 = VECTOR ( 'NONE', #4082, 999.9999999999998863 ) ;
#3519 = DIRECTION ( 'NONE',  ( 1.000000000000000000, 0.000000000000000000, 0.000000000000000000 ) ) ;
#3520 = ORIENTED_EDGE ( 'NONE', *, *, #247, .F. ) ;
#3521 = VERTEX_POINT ( 'NONE', #2882 ) ;
#3522 = LINE ( 'NONE', #3579, #143 ) ;
#3523 = EDGE_CURVE ( 'NONE', #4523, #3235, #1580, .T. ) ;
#3524 = CARTESIAN_POINT ( 'NONE',  ( -48.20081471856165933, 10.89729486299720662, 44.61692794184949662 ) ) ;
#3525 = CARTESIAN_POINT ( 'NONE',  ( -50.33621048832516465, 13.04239300551260428, 50.03199268603805194 ) ) ;
#3526 = DIRECTION ( 'NONE',  ( 0.000000000000000000, 1.000000000000000000, 0.000000000000000000 ) ) ;
#3527 = DIRECTION ( 'NONE',  ( 0.000000000000000000, 0.000000000000000000, 1.000000000000000000 ) ) ;
#3528 = CARTESIAN_POINT ( 'NONE',  ( -48.14902423648355523, 42.63802998509278552, 46.50645455423173047 ) ) ;
#3529 = CARTESIAN_POINT ( 'NONE',  ( -16.17263406784726598, 11.08857976414271818, 44.46630441214991691 ) ) ;
#3530 = ORIENTED_EDGE ( 'NONE', *, *, #432, .T. ) ;
#3531 = CARTESIAN_POINT ( 'NONE',  ( -50.49583694767299136, 13.22633354152461926, 44.86468432488719316 ) ) ;
#3532 = CARTESIAN_POINT ( 'NONE',  ( -51.22116288279007534, 43.62458232054585494, 47.74559356152700929 ) ) ;
#3533 = DIRECTION ( 'NONE',  ( 0.000000000000000000, -1.000000000000000000, 0.000000000000000000 ) ) ;
#3534 = ADVANCED_FACE ( 'NONE', ( #353 ), #393, .F. ) ;
#3535 = CARTESIAN_POINT ( 'NONE',  ( -11.42059559078266950, 14.12504088856617024, 23.76149825155431472 ) ) ;
#3536 = CARTESIAN_POINT ( 'NONE',  ( -52.12040319412919587, 35.78876100791535464, 39.85882444406045266 ) ) ;
#3537 = CARTESIAN_POINT ( 'NONE',  ( -47.59811073578330110, 8.503866611994183700, 34.42766880177055810 ) ) ;
#3538 = EDGE_LOOP ( 'NONE', ( #481, #5147, #361, #4319 ) ) ;
#3539 = ORIENTED_EDGE ( 'NONE', *, *, #3050, .F. ) ;
#3540 = ORIENTED_EDGE ( 'NONE', *, *, #3979, .T. ) ;
#3541 = CARTESIAN_POINT ( 'NONE',  ( -44.79346926866904965, 8.954375923019691541, 27.17766952966350047 ) ) ;
#3542 = CARTESIAN_POINT ( 'NONE',  ( -13.81969457663947765, 44.18895482638350813, 45.28288781626702075 ) ) ;
#3543 = ORIENTED_EDGE ( 'NONE', *, *, #2523, .T. ) ;
#3544 = DIRECTION ( 'NONE',  ( 0.000000000000000000, -1.000000000000000000, 0.000000000000000000 ) ) ;
#3545 = VERTEX_POINT ( 'NONE', #2103 ) ;
#3546 = CARTESIAN_POINT ( 'NONE',  ( -4.542357293031770382, 3.868306462471565066, 21.27206602578905148 ) ) ;
#3547 = ORIENTED_EDGE ( 'NONE', *, *, #141, .F. ) ;
#3548 = VERTEX_POINT ( 'NONE', #3313 ) ;
#3549 = FACE_OUTER_BOUND ( 'NONE', #3135, .T. ) ;
#3550 = CARTESIAN_POINT ( 'NONE',  ( -48.43814023679144753, 11.11022131231832333, 44.45179829133346061 ) ) ;
#3551 = CARTESIAN_POINT ( 'NONE',  ( -51.08646525884491751, 13.94103851913517822, 48.58017092548534066 ) ) ;
#3552 = LINE ( 'NONE', #1567, #4479 ) ;
#3553 = DIRECTION ( 'NONE',  ( 0.000000000000000000, 0.000000000000000000, 1.000000000000000000 ) ) ;
#3554 = EDGE_LOOP ( 'NONE', ( #1023, #5301, #1412, #3968 ) ) ;
#3555 = CARTESIAN_POINT ( 'NONE',  ( -53.42965388892029921, 13.94544927301838477, 23.19192383380975286 ) ) ;
#3556 = CARTESIAN_POINT ( 'NONE',  ( -68.77938887605888851, 18.86830646247155130, 27.17766952966350047 ) ) ;
#3557 = ORIENTED_EDGE ( 'NONE', *, *, #4572, .F. ) ;
#3558 = CARTESIAN_POINT ( 'NONE',  ( -50.47392521465236825, 13.20086120253374595, 44.83787281362400279 ) ) ;
#3559 = ADVANCED_FACE ( 'NONE', ( #2858 ), #2074, .F. ) ;
#3560 = CARTESIAN_POINT ( 'NONE',  ( -32.29346926866904965, 28.86830646247155130, 34.35882444406045266 ) ) ;
#3561 = EDGE_LOOP ( 'NONE', ( #3031, #2627, #82, #3190, #3082 ) ) ;
#3562 = CARTESIAN_POINT ( 'NONE',  ( -14.42277167645602098, -3.131693537528430049, 17.67766952966370297 ) ) ;
#3563 = PLANE ( 'NONE',  #1278 ) ;
#3564 = DIRECTION ( 'NONE',  ( 0.000000000000000000, 1.000000000000000000, 0.000000000000000000 ) ) ;
#3565 = DIRECTION ( 'NONE',  ( 0.000000000000000000, -1.000000000000000000, 0.000000000000000000 ) ) ;
#3566 = EDGE_LOOP ( 'NONE', ( #1694, #1459, #2162, #4859 ) ) ;
#3567 = EDGE_CURVE ( 'NONE', #938, #714, #731, .T. ) ;
#3568 = EDGE_LOOP ( 'NONE', ( #504, #3169, #1503, #3903 ) ) ;
#3569 = ORIENTED_EDGE ( 'NONE', *, *, #4887, .T. ) ;
#3570 = CARTESIAN_POINT ( 'NONE',  ( -49.77811073578330081, 3.868306462471565066, -23.17766952966369942 ) ) ;
#3571 = FACE_OUTER_BOUND ( 'NONE', #2773, .T. ) ;
#3572 = VERTEX_POINT ( 'NONE', #3710 ) ;
#3573 = FACE_OUTER_BOUND ( 'NONE', #4444, .T. ) ;
#3574 = ORIENTED_EDGE ( 'NONE', *, *, #2607, .T. ) ;
#3575 = EDGE_CURVE ( 'NONE', #1335, #3941, #1605, .T. ) ;
#3576 = CARTESIAN_POINT ( 'NONE',  ( -13.53734010197886306, 43.84206953685431785, 48.71991684232966691 ) ) ;
#3577 = EDGE_LOOP ( 'NONE', ( #4023, #1784, #3101, #5217, #4294, #55 ) ) ;
#3578 = AXIS2_PLACEMENT_3D ( 'NONE', #2056, #14, #1629 ) ;
#3579 = CARTESIAN_POINT ( 'NONE',  ( -47.59811073578330110, 18.86830646247155130, 24.17766952966350047 ) ) ;
#3580 = DIRECTION ( 'NONE',  ( 0.000000000000000000, 0.000000000000000000, 1.000000000000000000 ) ) ;
#3581 = CARTESIAN_POINT ( 'NONE',  ( -50.67157238068777048, 13.43311096867212839, 49.60192454711407350 ) ) ;
#3582 = CARTESIAN_POINT ( 'NONE',  ( -56.19734853654929907, 13.86830646247156018, 21.27206602578909767 ) ) ;
#3583 = VECTOR ( 'NONE', #1589, 1000.000000000000000 ) ;
#3584 = DIRECTION ( 'NONE',  ( 0.000000000000000000, -1.000000000000000000, 0.000000000000000000 ) ) ;
#3585 = DIRECTION ( 'NONE',  ( -1.000000000000000000, -2.942091015256665227E-15, 8.659560562354909439E-17 ) ) ;
#3586 = VECTOR ( 'NONE', #2685, 1000.000000000000000 ) ;
#3587 = EDGE_CURVE ( 'NONE', #3020, #1893, #2626, .T. ) ;
#3588 = CARTESIAN_POINT ( 'NONE',  ( -46.38671927128989836, 44.43769022235790800, 45.99821560012313881 ) ) ;
#3589 = DIRECTION ( 'NONE',  ( -1.000000000000000000, 0.000000000000000000, 0.000000000000000000 ) ) ;
#3590 = CARTESIAN_POINT ( 'NONE',  ( -51.23122916787009729, 14.12513007473730120, 47.35882438196059496 ) ) ;
#3591 = EDGE_CURVE ( 'NONE', #4579, #3062, #3953, .T. ) ;
#3592 = CIRCLE ( 'NONE', #122, 3.300000000000000711 ) ;
#3593 = CONICAL_SURFACE ( 'NONE', #5365, 3.499999999999999556, 0.7853981633974984611 ) ;
#3594 = ORIENTED_EDGE ( 'NONE', *, *, #1305, .F. ) ;
#3595 = CARTESIAN_POINT ( 'NONE',  ( -4.598110735783330405, 40.11429676277850120, 34.35882444406045266 ) ) ;
#3596 = ADVANCED_FACE ( 'NONE', ( #1239 ), #4498, .F. ) ;
#3597 = CIRCLE ( 'NONE', #4301, 23.99999999998344791 ) ;
#3598 = PLANE ( 'NONE',  #117 ) ;
#3599 = CARTESIAN_POINT ( 'NONE',  ( -16.22359673959267923, 11.04232421093590233, 50.22022668124392908 ) ) ;
#3600 = CARTESIAN_POINT ( 'NONE',  ( -55.53767136685817718, 36.87591985798643890, 34.94553030601037591 ) ) ;
#3601 = ORIENTED_EDGE ( 'NONE', *, *, #4922, .F. ) ;
#3602 = VERTEX_POINT ( 'NONE', #4981 ) ;
#3603 = ORIENTED_EDGE ( 'NONE', *, *, #1305, .T. ) ;
#3604 = PLANE ( 'NONE',  #860 ) ;
#3605 = CARTESIAN_POINT ( 'NONE',  ( -50.46611354516559800, 44.63678768293389965, 47.35882438196049549 ) ) ;
#3606 = ORIENTED_EDGE ( 'NONE', *, *, #802, .F. ) ;
#3607 = DIRECTION ( 'NONE',  ( 0.000000000000000000, 0.000000000000000000, 1.000000000000000000 ) ) ;
#3608 = ORIENTED_EDGE ( 'NONE', *, *, #4329, .F. ) ;
#3609 = CARTESIAN_POINT ( 'NONE',  ( -14.63563782636127897, 45.12264386973104280, 50.32763905867485477 ) ) ;
#3610 = ORIENTED_EDGE ( 'NONE', *, *, #203, .F. ) ;
#3611 = AXIS2_PLACEMENT_3D ( 'NONE', #4171, #3801, #801 ) ;
#3612 = DIRECTION ( 'NONE',  ( 0.000000000000000000, 0.000000000000000000, 1.000000000000000000 ) ) ;
#3613 = EDGE_CURVE ( 'NONE', #1720, #1731, #3232, .T. ) ;
#3614 = LINE ( 'NONE', #4141, #2088 ) ;
#3615 = DIRECTION ( 'NONE',  ( 0.000000000000000000, -1.000000000000000000, 0.000000000000000000 ) ) ;
#3616 = VECTOR ( 'NONE', #2401, 1000.000000000000000 ) ;
#3617 = CARTESIAN_POINT ( 'NONE',  ( -9.730797171557240333, 13.86830646247156018, 22.17766952966350047 ) ) ;
#3618 = CARTESIAN_POINT ( 'NONE',  ( -22.79346926866904965, 47.30088631446159297, 39.85882444406045266 ) ) ;
#3619 = CARTESIAN_POINT ( 'NONE',  ( -14.53373125728996307, 12.72545244789105290, 44.45288136266813694 ) ) ;
#3620 = CARTESIAN_POINT ( 'NONE',  ( -54.47008524068209567, 13.86830646247156018, 22.17766952966350047 ) ) ;
#3621 = CARTESIAN_POINT ( 'NONE',  ( -16.17526622810468595, 11.08619456778715140, 44.46793560068991980 ) ) ;
#3622 = ORIENTED_EDGE ( 'NONE', *, *, #958, .F. ) ;
#3623 = DIRECTION ( 'NONE',  ( 1.000000000000000000, 0.000000000000000000, 0.000000000000000000 ) ) ;
#3624 = ORIENTED_EDGE ( 'NONE', *, *, #2409, .F. ) ;
#3625 = CARTESIAN_POINT ( 'NONE',  ( -18.69498813010697447, 44.87084722102338219, 47.13256932312106784 ) ) ;
#3626 = DIRECTION ( 'NONE',  ( 1.000000000000000000, 0.000000000000000000, 0.000000000000000000 ) ) ;
#3627 = CARTESIAN_POINT ( 'NONE',  ( -17.23946344712468104, 10.17670702031145602, 48.92556315005356993 ) ) ;
#3628 = ORIENTED_EDGE ( 'NONE', *, *, #4324, .T. ) ;
#3629 = ORIENTED_EDGE ( 'NONE', *, *, #3575, .T. ) ;
#3630 = EDGE_CURVE ( 'NONE', #2780, #1524, #2070, .T. ) ;
#3631 = DIRECTION ( 'NONE',  ( 0.000000000000000000, -0.7071067811865489050, 0.7071067811865460184 ) ) ;
#3632 = FACE_OUTER_BOUND ( 'NONE', #978, .T. ) ;
#3633 = ORIENTED_EDGE ( 'NONE', *, *, #4912, .T. ) ;
#3634 = CARTESIAN_POINT ( 'NONE',  ( -47.15877309108238791, 47.71039297669342005, 46.35589198661111965 ) ) ;
#3635 = ORIENTED_EDGE ( 'NONE', *, *, #2770, .T. ) ;
#3636 = EDGE_CURVE ( 'NONE', #2331, #4148, #2966, .T. ) ;
#3637 = CARTESIAN_POINT ( 'NONE',  ( -14.18325484123764113, 44.61696146528189644, 49.96093539002880135 ) ) ;
#3638 = EDGE_LOOP ( 'NONE', ( #884, #4328, #5178, #2753 ) ) ;
#3639 = DIRECTION ( 'NONE',  ( 2.318835970513020101E-12, -1.000000000000000000, 0.000000000000000000 ) ) ;
#3640 = CARTESIAN_POINT ( 'NONE',  ( -46.06319279119242793, 13.01275149457666735, 46.50645455445194898 ) ) ;
#3641 = LINE ( 'NONE', #2018, #380 ) ;
#3642 = DIRECTION ( 'NONE',  ( 0.000000000000000000, -1.000000000000000000, 0.000000000000000000 ) ) ;
#3643 = CARTESIAN_POINT ( 'NONE',  ( -17.94504342177319245, 50.11429676277850831, 34.38367006951947502 ) ) ;
#3644 = EDGE_CURVE ( 'NONE', #4992, #4852, #1623, .T. ) ;
#3645 = CARTESIAN_POINT ( 'NONE',  ( -14.68463947519485302, 12.56099652423469948, 44.36429603165345981 ) ) ;
#3646 = CARTESIAN_POINT ( 'NONE',  ( -32.10044120611970442, -6.131693537528450477, -15.69999999999999929 ) ) ;
#3647 = VERTEX_POINT ( 'NONE', #3264 ) ;
#3648 = CARTESIAN_POINT ( 'NONE',  ( -43.68124909296380309, 49.99455721061779911, 54.85882444406049530 ) ) ;
#3649 = ORIENTED_EDGE ( 'NONE', *, *, #4632, .F. ) ;
#3650 = EDGE_CURVE ( 'NONE', #1356, #4284, #2263, .T. ) ;
#3651 = LINE ( 'NONE', #3595, #4385 ) ;
#3652 = LINE ( 'NONE', #4816, #4036 ) ;
#3653 = CARTESIAN_POINT ( 'NONE',  ( -16.79599725774049546, 10.54273207526721734, 49.68377909149711513 ) ) ;
#3654 = VERTEX_POINT ( 'NONE', #1126 ) ;
#3655 = VERTEX_POINT ( 'NONE', #4096 ) ;
#3656 = CARTESIAN_POINT ( 'NONE',  ( -16.59811073578335083, 8.140168086743990727, 34.35882444406045266 ) ) ;
#3657 = DIRECTION ( 'NONE',  ( 0.000000000000000000, -1.000000000000000000, 0.000000000000000000 ) ) ;
#3658 = EDGE_LOOP ( 'NONE', ( #4136, #205, #1578, #1889, #2099, #4588 ) ) ;
#3659 = CARTESIAN_POINT ( 'NONE',  ( -47.20528536884125259, 47.67356486825587325, 46.18832078561941756 ) ) ;
#3660 = ORIENTED_EDGE ( 'NONE', *, *, #4265, .T. ) ;
#3661 = CARTESIAN_POINT ( 'NONE',  ( -14.53672516436841988, 45.01445236890649682, 50.26673281514118941 ) ) ;
#3662 = PLANE ( 'NONE',  #5112 ) ;
#3663 = CARTESIAN_POINT ( 'NONE',  ( -41.79346926866265477, 49.11429676277849410, 27.17766952966350047 ) ) ;
#3664 = EDGE_CURVE ( 'NONE', #3461, #2199, #2876, .T. ) ;
#3665 = CARTESIAN_POINT ( 'NONE',  ( -41.79346926869339995, 49.11429676277849410, 54.85882444406049530 ) ) ;
#3666 = FACE_OUTER_BOUND ( 'NONE', #1439, .T. ) ;
#3667 =( GEOMETRIC_REPRESENTATION_CONTEXT ( 3 ) GLOBAL_UNCERTAINTY_ASSIGNED_CONTEXT ( ( #5017 ) ) GLOBAL_UNIT_ASSIGNED_CONTEXT ( ( #3006, #3977, #1337 ) ) REPRESENTATION_CONTEXT ( 'NONE', 'WORKASPACE' ) );
#3668 = CARTESIAN_POINT ( 'NONE',  ( -13.57196945960812329, 13.85105959674191567, 45.87953231999865977 ) ) ;
#3669 = FACE_OUTER_BOUND ( 'NONE', #2885, .T. ) ;
#3670 = ADVANCED_FACE ( 'NONE', ( #4120 ), #1206, .T. ) ;
#3671 = LINE ( 'NONE', #3263, #2719 ) ;
#3672 = AXIS2_PLACEMENT_3D ( 'NONE', #612, #1453, #5335 ) ;
#3673 = DIRECTION ( 'NONE',  ( 1.000000000000000000, -1.830505753827754878E-15, 0.000000000000000000 ) ) ;
#3674 = LINE ( 'NONE', #2330, #1710 ) ;
#3675 = EDGE_LOOP ( 'NONE', ( #4266, #935 ) ) ;
#3676 = AXIS2_PLACEMENT_3D ( 'NONE', #3721, #5409, #4245 ) ;
#3677 = DIRECTION ( 'NONE',  ( 0.000000000000000000, 0.000000000000000000, -1.000000000000000000 ) ) ;
#3678 = EDGE_CURVE ( 'NONE', #2437, #2914, #4072, .T. ) ;
#3679 = CARTESIAN_POINT ( 'NONE',  ( -47.45242393098858003, 43.40165538788220800, 49.00386918950803050 ) ) ;
#3680 = CIRCLE ( 'NONE', #1285, 3.499999999999999556 ) ;
#3681 = CARTESIAN_POINT ( 'NONE',  ( -17.02249424031859704, 10.35275941741308969, 49.36960573327824164 ) ) ;
#3682 = TOROIDAL_SURFACE ( 'NONE', #5091, 3.000000000000000000, 2.000000000000000000 ) ;
#3683 = ORIENTED_EDGE ( 'NONE', *, *, #509, .T. ) ;
#3684 = ORIENTED_EDGE ( 'NONE', *, *, #4616, .T. ) ;
#3685 = LINE ( 'NONE', #4553, #5299 ) ;
#3686 = VECTOR ( 'NONE', #2513, 1000.000000000000000 ) ;
#3687 = CONICAL_SURFACE ( 'NONE', #3853, 3.150000000000000799, 0.7853981633974456145 ) ;
#3688 = FACE_OUTER_BOUND ( 'NONE', #2667, .T. ) ;
#3689 = ORIENTED_EDGE ( 'NONE', *, *, #3089, .F. ) ;
#3690 = CARTESIAN_POINT ( 'NONE',  ( -32.10044120611970442, -16.13169353752845225, 12.00000000000000000 ) ) ;
#3691 = VERTEX_POINT ( 'NONE', #1096 ) ;
#3692 = VECTOR ( 'NONE', #3269, 1000.000000000000000 ) ;
#3693 = CARTESIAN_POINT ( 'NONE',  ( -14.54901314243047317, 45.02796010240202662, 50.27477999343123116 ) ) ;
#3694 = EDGE_CURVE ( 'NONE', #3272, #530, #4918, .T. ) ;
#3695 = AXIS2_PLACEMENT_3D ( 'NONE', #1276, #1621, #1202 ) ;
#3696 = CARTESIAN_POINT ( 'NONE',  ( -46.21036908694311052, 13.14170261825908881, 46.23420158535387259 ) ) ;
#3697 = CARTESIAN_POINT ( 'NONE',  ( -41.79346926866475087, 47.90117277314159594, 27.17766952966350047 ) ) ;
#3698 = CARTESIAN_POINT ( 'NONE',  ( -13.47928584903474913, 13.96774886169007601, 48.49094558192517468 ) ) ;
#3699 = CIRCLE ( 'NONE', #5025, 1.000000000000000888 ) ;
#3700 = ORIENTED_EDGE ( 'NONE', *, *, #1408, .F. ) ;
#3701 = DIRECTION ( 'NONE',  ( 0.000000000000000000, 0.000000000000000000, 1.000000000000000000 ) ) ;
#3702 = EDGE_CURVE ( 'NONE', #823, #2730, #1829, .T. ) ;
#3703 = DIRECTION ( 'NONE',  ( 0.000000000000000000, 0.000000000000000000, -1.000000000000000000 ) ) ;
#3704 = CIRCLE ( 'NONE', #4062, 2.000000000000000000 ) ;
#3705 = DIRECTION ( 'NONE',  ( 0.000000000000000000, 0.000000000000000000, 1.000000000000000000 ) ) ;
#3706 = DIRECTION ( 'NONE',  ( 0.000000000000000000, -1.000000000000000000, 0.000000000000000000 ) ) ;
#3707 = CARTESIAN_POINT ( 'NONE',  ( -56.95282232633929453, 37.10944150428139920, 34.35882444406045266 ) ) ;
#3708 = ORIENTED_EDGE ( 'NONE', *, *, #4584, .F. ) ;
#3709 = VECTOR ( 'NONE', #4854, 1000.000000000000000 ) ;
#3710 = CARTESIAN_POINT ( 'NONE',  ( -8.003533875690029831, 3.868306462471565066, 21.27206602578905148 ) ) ;
#3711 = CARTESIAN_POINT ( 'NONE',  ( -18.85952279081274696, 8.954375923019691541, 35.87856242199902113 ) ) ;
#3712 = CARTESIAN_POINT ( 'NONE',  ( -16.54410030544197951, 10.75871292131755119, 49.96161905672664005 ) ) ;
#3713 = ORIENTED_EDGE ( 'NONE', *, *, #5054, .F. ) ;
#3714 = EDGE_CURVE ( 'NONE', #3742, #1325, #130, .T. ) ;
#3715 = CARTESIAN_POINT ( 'NONE',  ( -16.52498804822069900, 47.04095073895409485, 47.35882438196059496 ) ) ;
#3716 = LINE ( 'NONE', #5404, #4651 ) ;
#3717 = VERTEX_POINT ( 'NONE', #4149 ) ;
#3718 = DIRECTION ( 'NONE',  ( 0.000000000000000000, 0.000000000000000000, 1.000000000000000000 ) ) ;
#3719 = EDGE_LOOP ( 'NONE', ( #1327, #286 ) ) ;
#3720 = CARTESIAN_POINT ( 'NONE',  ( -18.19912141093853819, 13.29991224974030573, 48.72061086289709664 ) ) ;
#3721 = CARTESIAN_POINT ( 'NONE',  ( -51.55297251268839887, -64.59143548592969353, 22.17766952966350047 ) ) ;
#3722 = DIRECTION ( 'NONE',  ( 1.000000000000000000, 0.000000000000000000, 2.312964634635744929E-16 ) ) ;
#3723 = CARTESIAN_POINT ( 'NONE',  ( -14.17205102237035064, 13.13254464169735058, 49.94849380757696622 ) ) ;
#3724 = CARTESIAN_POINT ( 'NONE',  ( -42.79346926866904965, 50.11429676277849410, 54.85882444406049530 ) ) ;
#3725 = DIRECTION ( 'NONE',  ( 0.000000000000000000, -1.000000000000000000, 0.000000000000000000 ) ) ;
#3726 = VERTEX_POINT ( 'NONE', #331 ) ;
#3727 = FACE_OUTER_BOUND ( 'NONE', #1638, .T. ) ;
#3728 = B_SPLINE_CURVE_WITH_KNOTS ( 'NONE', 3,
 ( #2375, #243, #2429, #1591, #1558, #1957, #3634, #4085, #267, #1985, #4556, #3659, #1144, #3277, #4973, #1170, #2866, #5505, #5047, #2574, #795, #419, #2061, #3793, #2963, #3767, #4262, #1708, #4243, #1300, #2160, #4213, #396, #3396, #3374, #2504, #2113, #2891, #5069, #4610, #1225, #3741, #4186, #1268, #2485, #2918, #3839, #362, #771, #1614, #4162, #1637, #4586, #1247, #3323, #3353, #2939, #2991, #4654, #2085, #443, #5482, #342, #2526, #1687, #3297, #5456, #4683, #2137, #4993, #1664, #5093, #3816, #4630, #1192, #5428, #5020, #817, #849, #2556, #874, #2220, #4701, #1349, #5118, #112, #2659, #1861, #4791, #3507, #3924, #3895, #1766, #3445, #1794, #4412, #83 ),
 .UNSPECIFIED., .F., .F.,
 ( 4, 2, 2, 1, 1, 1, 2, 2, 2, 2, 2, 1, 1, 2, 2, 2, 2, 2, 1, 1, 1, 2, 2, 2, 2, 1, 1, 2, 2, 2, 2, 2, 1, 1, 1, 2, 2, 2, 2, 1, 1, 1, 2, 2, 2, 2, 2, 1, 2, 2, 2, 2, 2, 1, 1, 2, 2, 4 ),
 ( 0.000000000000000000, 0.06249999999985150767, 0.09374999999977715048, 0.1093749999997403605, 0.1171874999997219585, 0.1210937499997135347, 0.1230468749997105093, 0.1249999999997074840, 0.1874999999996485589, 0.2187499999996184996, 0.2343749999996043165, 0.2421874999995968225, 0.2460937499995934918, 0.2480468749995907440, 0.2499999999995879962, 0.2812499999995497491, 0.2968749999995307642, 0.3046874999995203837, 0.3085937499995142219, 0.3105468749995125011, 0.3115234374995088928, 0.3120117187495101696, 0.3124999999995114464, 0.3437499999995644040, 0.3593749999995917155, 0.3671874999996050937, 0.3710937499996108113, 0.3730468749996128652, 0.3749999999996148636, 0.4999999999997719602, 0.5624999999998504530, 0.5937499999998888667, 0.6093749999999082956, 0.6171874999999177325, 0.6210937499999225064, 0.6230468749999255040, 0.6249999999999285016, 0.6562499999999824585, 0.6718750000000094369, 0.6796875000000223155, 0.6835937500000281997, 0.6855468750000294209, 0.6865234375000294209, 0.6875000000000294209, 0.7187500000000169864, 0.7343750000000099920, 0.7421875000000065503, 0.7460937500000047740, 0.7480468750000039968, 0.7500000000000032196, 0.8125000000000095479, 0.8437500000000124345, 0.8593750000000148770, 0.8671875000000148770, 0.8710937500000162093, 0.8730468750000167644, 0.8750000000000173195, 1.000000000000000000 ),
 .UNSPECIFIED. ) ;
#3729 = CARTESIAN_POINT ( 'NONE',  ( -14.42277167645590019, -2.931693537528434756, -14.17766952966359995 ) ) ;
#3730 = CARTESIAN_POINT ( 'NONE',  ( -56.13221592806802818, 36.97485330200247944, 34.53477261224300321 ) ) ;
#3731 = ORIENTED_EDGE ( 'NONE', *, *, #4584, .T. ) ;
#3732 = CARTESIAN_POINT ( 'NONE',  ( -4.466187899036705211, 3.868306462471565066, 17.30248052294775007 ) ) ;
#3733 = LINE ( 'NONE', #1628, #1374 ) ;
#3734 = ADVANCED_FACE ( 'NONE', ( #3727 ), #3254, .F. ) ;
#3735 = DIRECTION ( 'NONE',  ( 0.000000000000000000, 1.000000000000000000, 0.000000000000000000 ) ) ;
#3736 = ORIENTED_EDGE ( 'NONE', *, *, #542, .F. ) ;
#3737 = CARTESIAN_POINT ( 'NONE',  ( -49.77811073578330081, -2.931693537528434756, -17.67766952966370297 ) ) ;
#3738 = CARTESIAN_POINT ( 'NONE',  ( -43.79346926866904965, 14.36830646247156018, 27.17766952966350047 ) ) ;
#3739 = ADVANCED_FACE ( 'NONE', ( #1158 ), #3308, .F. ) ;
#3740 = ORIENTED_EDGE ( 'NONE', *, *, #1087, .F. ) ;
#3741 = CARTESIAN_POINT ( 'NONE',  ( -48.34197717411452544, 46.71334556081768596, 44.51304336645478088 ) ) ;
#3742 = VERTEX_POINT ( 'NONE', #5004 ) ;
#3743 = CARTESIAN_POINT ( 'NONE',  ( -43.79346926866904965, 28.86830646222155394, 54.85882444406049530 ) ) ;
#3744 = CARTESIAN_POINT ( 'NONE',  ( -16.59811073578330110, 8.954375923019691541, 34.46546470606399737 ) ) ;
#3745 = CARTESIAN_POINT ( 'NONE',  ( -13.95296691359612140, 13.38808081369284153, 49.66699170241890471 ) ) ;
#3746 = CARTESIAN_POINT ( 'NONE',  ( -14.42277167645602098, -3.131693537528430049, 14.37766952966370049 ) ) ;
#3747 = CARTESIAN_POINT ( 'NONE',  ( -42.79346926866904965, 49.11429676277849410, 54.85882444406049530 ) ) ;
#3748 = EDGE_CURVE ( 'NONE', #772, #2519, #782, .T. ) ;
#3749 = CARTESIAN_POINT ( 'NONE',  ( -59.59811073578330110, -64.59143548592969353, 24.17766952966350047 ) ) ;
#3750 = CARTESIAN_POINT ( 'NONE',  ( -19.79346926866905321, 9.954375923019689765, 42.16311116877835019 ) ) ;
#3751 = AXIS2_PLACEMENT_3D ( 'NONE', #3340, #5034, #2927 ) ;
#3752 = CARTESIAN_POINT ( 'NONE',  ( -54.95282232633917374, 36.77739737154700350, 36.11228827479992987 ) ) ;
#3753 = ORIENTED_EDGE ( 'NONE', *, *, #876, .F. ) ;
#3754 = EDGE_CURVE ( 'NONE', #3742, #3548, #375, .T. ) ;
#3755 = VECTOR ( 'NONE', #5133, 1000.000000000000000 ) ;
#3756 = CARTESIAN_POINT ( 'NONE',  ( -54.31095715547309766, 37.08294139986200122, 54.85882444406049530 ) ) ;
#3757 = CARTESIAN_POINT ( 'NONE',  ( -48.29601127784662395, 42.46678612931523844, 47.58458128921440533 ) ) ;
#3758 = ADVANCED_FACE ( 'NONE', ( #2854 ), #727, .F. ) ;
#3759 = CARTESIAN_POINT ( 'NONE',  ( -44.79346926866904965, 8.954375923019691541, 54.85882444406049530 ) ) ;
#3760 = ORIENTED_EDGE ( 'NONE', *, *, #3891, .F. ) ;
#3761 = ADVANCED_FACE ( 'NONE', ( #885 ), #2123, .F. ) ;
#3762 = CARTESIAN_POINT ( 'NONE',  ( -47.69794554106101003, 47.27216853853079925, 49.55920701709453624 ) ) ;
#3763 = CIRCLE ( 'NONE', #2452, 3.499999999999999556 ) ;
#3764 = VECTOR ( 'NONE', #2055, 1000.000000000000000 ) ;
#3765 = CARTESIAN_POINT ( 'NONE',  ( -32.10044120611970442, 3.868306462471565066, 0.000000000000000000 ) ) ;
#3766 = ORIENTED_EDGE ( 'NONE', *, *, #4563, .T. ) ;
#3767 = CARTESIAN_POINT ( 'NONE',  ( -47.84677874231402228, 47.14659142629214017, 44.96346764236592719 ) ) ;
#3768 = ORIENTED_EDGE ( 'NONE', *, *, #2661, .F. ) ;
#3769 = VECTOR ( 'NONE', #3168, 1000.000000000000000 ) ;
#3770 = AXIS2_PLACEMENT_3D ( 'NONE', #277, #1573, #1994 ) ;
#3771 = CARTESIAN_POINT ( 'NONE',  ( -17.13451460632801826, 14.33495753709649811, 49.00386918950804471 ) ) ;
#3772 = FACE_OUTER_BOUND ( 'NONE', #4555, .T. ) ;
#3773 = VECTOR ( 'NONE', #1367, 1000.000000000000000 ) ;
#3774 = VECTOR ( 'NONE', #4179, 1000.000000000000000 ) ;
#3775 = ORIENTED_EDGE ( 'NONE', *, *, #4989, .F. ) ;
#3776 = CARTESIAN_POINT ( 'NONE',  ( -14.42277167645590019, -2.931693537528434756, -17.67766952966359995 ) ) ;
#3777 = CARTESIAN_POINT ( 'NONE',  ( -32.29346926866904965, 28.86830646247155130, 54.85882444406049530 ) ) ;
#3778 = AXIS2_PLACEMENT_3D ( 'NONE', #1172, #4975, #2042 ) ;
#3779 = ADVANCED_FACE ( 'NONE', ( #3826 ), #2563, .F. ) ;
#3780 = CARTESIAN_POINT ( 'NONE',  ( -16.59811073578330110, 3.868306462471565066, 49.17766952966350402 ) ) ;
#3781 = CARTESIAN_POINT ( 'NONE',  ( -48.70554492584490447, 11.35275769669218171, 50.43043631766308721 ) ) ;
#3782 = CARTESIAN_POINT ( 'NONE',  ( -21.79346926866904965, 48.20092139164069778, 39.85882444406045266 ) ) ;
#3783 = CARTESIAN_POINT ( 'NONE',  ( -45.54855369590441683, 8.954375923019691541, 36.12197021986086298 ) ) ;
#3784 = CIRCLE ( 'NONE', #2909, 31.50000000000000000 ) ;
#3785 = DIRECTION ( 'NONE',  ( 0.000000000000000000, 0.000000000000000000, -1.000000000000000000 ) ) ;
#3786 = DIRECTION ( 'NONE',  ( 0.000000000000000000, 1.000000000000000000, 0.000000000000000000 ) ) ;
#3787 = CARTESIAN_POINT ( 'NONE',  ( -49.59811073578330110, 50.11429676277849410, 34.35882444406045266 ) ) ;
#3788 = CYLINDRICAL_SURFACE ( 'NONE', #2798, 2.000000000000001776 ) ;
#3789 = CIRCLE ( 'NONE', #4597, 1.000000000000000888 ) ;
#3790 = CARTESIAN_POINT ( 'NONE',  ( -32.29346926866904965, 28.86830646247155130, 36.35882444406050240 ) ) ;
#3791 = CARTESIAN_POINT ( 'NONE',  ( -47.22611649487468810, 47.65705137516698642, 48.59724995569744266 ) ) ;
#3792 = CARTESIAN_POINT ( 'NONE',  ( 0.000000000000000000, 8.954375923019691541, 42.16311116877835019 ) ) ;
#3793 = CARTESIAN_POINT ( 'NONE',  ( -47.68648511881056606, 47.28175556104726240, 45.17472885403246607 ) ) ;
#3794 = EDGE_CURVE ( 'NONE', #3146, #157, #804, .T. ) ;
#3795 = ORIENTED_EDGE ( 'NONE', *, *, #3979, .F. ) ;
#3796 = CARTESIAN_POINT ( 'NONE',  ( -18.43769413438145222, 13.08720905684815428, 48.40164732276782900 ) ) ;
#3797 = DIRECTION ( 'NONE',  ( 0.000000000000000000, 0.000000000000000000, 1.000000000000000000 ) ) ;
#3798 = EDGE_CURVE ( 'NONE', #266, #1279, #4488, .T. ) ;
#3799 = CARTESIAN_POINT ( 'NONE',  ( -43.79346926866904965, 10.43572661048155936, 39.85882444406045266 ) ) ;
#3800 = CARTESIAN_POINT ( 'NONE',  ( -43.20675826695154598, 50.11429676277849410, 36.35882444406045266 ) ) ;
#3801 = DIRECTION ( 'NONE',  ( 0.000000000000000000, 0.000000000000000000, 1.000000000000000000 ) ) ;
#3802 = EDGE_CURVE ( 'NONE', #3548, #2428, #4733, .T. ) ;
#3803 = ORIENTED_EDGE ( 'NONE', *, *, #3333, .F. ) ;
#3804 = CARTESIAN_POINT ( 'NONE',  ( -47.03664565640328021, 9.930546563270446825, 47.55020325479245713 ) ) ;
#3805 = CARTESIAN_POINT ( 'NONE',  ( -17.60469030679993097, 13.85862117568773044, 45.65901044275750564 ) ) ;
#3806 = CARTESIAN_POINT ( 'NONE',  ( -51.67443471288569867, 14.28571762791684030, 24.17763942306029534 ) ) ;
#3807 = CARTESIAN_POINT ( 'NONE',  ( -25.29346926866904965, 42.86830646247155130, 39.85882444406045266 ) ) ;
#3808 = DIRECTION ( 'NONE',  ( 0.7071067811865475727, 0.7071067811865475727, 0.000000000000000000 ) ) ;
#3809 = DIRECTION ( 'NONE',  ( 1.000000000000000000, 0.000000000000000000, 0.000000000000000000 ) ) ;
#3810 = DIRECTION ( 'NONE',  ( 1.000000000000000000, 0.000000000000000000, 0.000000000000000000 ) ) ;
#3811 = CARTESIAN_POINT ( 'NONE',  ( -46.74198912275800666, 8.954375923019693317, 34.92725274538702251 ) ) ;
#3812 = EDGE_CURVE ( 'NONE', #4984, #323, #611, .T. ) ;
#3813 = CARTESIAN_POINT ( 'NONE',  ( -48.04232561607948782, 46.97834579592517201, 49.96112825033223714 ) ) ;
#3814 = CARTESIAN_POINT ( 'NONE',  ( -17.55029288094119622, 46.01564590623359408, 47.35882438196059496 ) ) ;
#3815 = CARTESIAN_POINT ( 'NONE',  ( -43.79346926866904965, -1.215512947757263877E-15, 27.17766952966350047 ) ) ;
#3816 = CARTESIAN_POINT ( 'NONE',  ( -50.47112792818437299, 44.53913691035762668, 44.83255319216590351 ) ) ;
#3817 = EDGE_LOOP ( 'NONE', ( #5386, #3875, #3109, #3288 ) ) ;
#3818 = CARTESIAN_POINT ( 'NONE',  ( -16.51887142550512522, 15.00591664450191232, 48.39565877413837569 ) ) ;
#3819 = DIRECTION ( 'NONE',  ( 0.7071067811865475727, -0.7071067811865475727, 0.000000000000000000 ) ) ;
#3820 = ORIENTED_EDGE ( 'NONE', *, *, #2435, .T. ) ;
#3821 = DIRECTION ( 'NONE',  ( -2.775557561562889810E-17, 1.000000000000000000, 0.000000000000000000 ) ) ;
#3822 = EDGE_LOOP ( 'NONE', ( #5048, #897, #2759, #2605, #216 ) ) ;
#3823 = LINE ( 'NONE', #2901, #4223 ) ;
#3824 = CARTESIAN_POINT ( 'NONE',  ( -39.29346926866904965, 45.36830646247160104, 39.85882444406045266 ) ) ;
#3825 = ADVANCED_FACE ( 'NONE', ( #4335 ), #5090, .F. ) ;
#3826 = FACE_OUTER_BOUND ( 'NONE', #572, .T. ) ;
#3827 = CARTESIAN_POINT ( 'NONE',  ( -18.69504404861235258, 12.86571818638065956, 47.35882438196049549 ) ) ;
#3828 = DIRECTION ( 'NONE',  ( 0.000000000000000000, 0.000000000000000000, -1.000000000000000000 ) ) ;
#3829 = DIRECTION ( 'NONE',  ( 0.000000000000000000, 0.000000000000000000, 1.000000000000000000 ) ) ;
#3830 = CARTESIAN_POINT ( 'NONE',  ( -45.38022713868549829, 8.954375923019691541, 36.35882444406045266 ) ) ;
#3831 = DIRECTION ( 'NONE',  ( 0.000000000000000000, 0.000000000000000000, -1.000000000000000000 ) ) ;
#3832 = CARTESIAN_POINT ( 'NONE',  ( -17.55029288094119622, 48.06625557167459561, 47.35882438196059496 ) ) ;
#3833 = AXIS2_PLACEMENT_3D ( 'NONE', #1493, #3209, #4097 ) ;
#3834 = CARTESIAN_POINT ( 'NONE',  ( -47.56295709963382734, 47.38510602746573852, 49.36764914555174499 ) ) ;
#3835 = ADVANCED_FACE ( 'NONE', ( #3489, #970 ), #133, .T. ) ;
#3836 = DIRECTION ( 'NONE',  ( 0.000000000000000000, 0.000000000000000000, -1.000000000000000000 ) ) ;
#3837 = CARTESIAN_POINT ( 'NONE',  ( -46.38569083830027751, 13.29801654873247863, 48.71778558197448206 ) ) ;
#3838 = AXIS2_PLACEMENT_3D ( 'NONE', #1035, #2792, #3203 ) ;
#3839 = CARTESIAN_POINT ( 'NONE',  ( -48.41309553360073181, 46.64912999970186291, 44.46704592102253173 ) ) ;
#3840 = ORIENTED_EDGE ( 'NONE', *, *, #2136, .F. ) ;
#3841 = CIRCLE ( 'NONE', #1467, 23.99999999999235101 ) ;
#3842 = AXIS2_PLACEMENT_3D ( 'NONE', #3218, #178, #694 ) ;
#3843 = CARTESIAN_POINT ( 'NONE',  ( -14.50131753556900449, 44.97541963319715563, 44.47484825001104269 ) ) ;
#3844 = DIRECTION ( 'NONE',  ( 0.000000000000000000, 0.000000000000000000, -1.000000000000000000 ) ) ;
#3845 = VECTOR ( 'NONE', #3127, 1000.000000000000000 ) ;
#3846 = EDGE_LOOP ( 'NONE', ( #59, #1350, #4509, #1971, #1659, #1802, #5127, #1329 ) ) ;
#3847 = CIRCLE ( 'NONE', #1286, 5.500000000000000000 ) ;
#3848 = CARTESIAN_POINT ( 'NONE',  ( -17.55029288094119622, 47.80606636166629642, 47.35882438196059496 ) ) ;
#3849 = ORIENTED_EDGE ( 'NONE', *, *, #2906, .F. ) ;
#3850 = VERTEX_POINT ( 'NONE', #4066 ) ;
#3851 = CARTESIAN_POINT ( 'NONE',  ( -20.90568944441785249, 49.99455721061860203, -6.042575751263660422 ) ) ;
#3852 = AXIS2_PLACEMENT_3D ( 'NONE', #5192, #2261, #3204 ) ;
#3853 = AXIS2_PLACEMENT_3D ( 'NONE', #2621, #2153, #1756 ) ;
#3854 = ORIENTED_EDGE ( 'NONE', *, *, #5035, .T. ) ;
#3855 = CARTESIAN_POINT ( 'NONE',  ( -47.09150585579612169, 9.973264741584541682, 48.04113107758668377 ) ) ;
#3856 = DIRECTION ( 'NONE',  ( -0.7071067811865470176, 0.7071067811865481278, 0.000000000000000000 ) ) ;
#3857 = FACE_OUTER_BOUND ( 'NONE', #3307, .T. ) ;
#3858 = EDGE_CURVE ( 'NONE', #3191, #3992, #304, .T. ) ;
#3859 = AXIS2_PLACEMENT_3D ( 'NONE', #2972, #4145, #5436 ) ;
#3860 = AXIS2_PLACEMENT_3D ( 'NONE', #79, #3464, #1008 ) ;
#3861 = DIRECTION ( 'NONE',  ( 0.000000000000000000, 0.000000000000000000, 1.000000000000000000 ) ) ;
#3862 = DIRECTION ( 'NONE',  ( 7.320533068622119880E-13, -1.000000000000000000, 0.000000000000000000 ) ) ;
#3863 = ORIENTED_EDGE ( 'NONE', *, *, #2368, .T. ) ;
#3864 = LINE ( 'NONE', #2304, #4913 ) ;
#3865 = DIRECTION ( 'NONE',  ( 0.000000000000000000, 0.000000000000000000, -1.000000000000000000 ) ) ;
#3866 = CARTESIAN_POINT ( 'NONE',  ( -48.06373731900620783, 46.95970774588532493, 49.98145746710376613 ) ) ;
#3867 = CARTESIAN_POINT ( 'NONE',  ( -4.598110735783330405, -6.131693537528450477, 29.35882444406044911 ) ) ;
#3869 = ORIENTED_EDGE ( 'NONE', *, *, #1547, .T. ) ;
#3868 = DIRECTION ( 'NONE',  ( 0.000000000000000000, 1.000000000000000000, 0.000000000000000000 ) ) ;
#3870 = AXIS2_PLACEMENT_3D ( 'NONE', #1693, #5185, #4885 ) ;
#3871 = DIRECTION ( 'NONE',  ( 0.000000000000000000, 0.000000000000000000, 1.000000000000000000 ) ) ;
#3872 = ORIENTED_EDGE ( 'NONE', *, *, #233, .T. ) ;
#3873 = ORIENTED_EDGE ( 'NONE', *, *, #4208, .F. ) ;
#3874 = CARTESIAN_POINT ( 'NONE',  ( -13.87684915818350895, 44.25753146015975403, 45.18011928241724462 ) ) ;
#3875 = ORIENTED_EDGE ( 'NONE', *, *, #3306, .F. ) ;
#3876 = CARTESIAN_POINT ( 'NONE',  ( -49.77811073578330081, -2.931693537528434756, -17.67766952966370297 ) ) ;
#3877 = ORIENTED_EDGE ( 'NONE', *, *, #779, .F. ) ;
#3878 = DIRECTION ( 'NONE',  ( -0.7071067811865475727, -0.7071067811865475727, 0.000000000000000000 ) ) ;
#3879 = EDGE_LOOP ( 'NONE', ( #2688, #2318, #1084, #2984 ) ) ;
#3880 = ORIENTED_EDGE ( 'NONE', *, *, #275, .F. ) ;
#3881 = DIRECTION ( 'NONE',  ( 0.000000000000000000, 0.000000000000000000, -1.000000000000000000 ) ) ;
#3882 = CARTESIAN_POINT ( 'NONE',  ( -49.79947273562632404, 12.45051956608661925, 50.40250867669895740 ) ) ;
#3883 = DIRECTION ( 'NONE',  ( 0.000000000000000000, 1.000000000000000000, 0.000000000000000000 ) ) ;
#3884 = CARTESIAN_POINT ( 'NONE',  ( -54.95282232632759900, 20.95921555339655029, 36.35882444406045266 ) ) ;
#3885 = CARTESIAN_POINT ( 'NONE',  ( -18.37698513007885026, 44.59527783051792227, 48.48280443072541601 ) ) ;
#3886 = CARTESIAN_POINT ( 'NONE',  ( -49.77811073578359924, 3.868306462471565066, 17.67766952966350047 ) ) ;
#3887 = ORIENTED_EDGE ( 'NONE', *, *, #1290, .T. ) ;
#3888 = CARTESIAN_POINT ( 'NONE',  ( -50.93645982911167636, 13.75431009801800464, 45.65814780700677744 ) ) ;
#3889 = DIRECTION ( 'NONE',  ( 0.000000000000000000, 0.000000000000000000, 1.000000000000000000 ) ) ;
#3890 = DIRECTION ( 'NONE',  ( -1.000000000000000000, 0.000000000000000000, 0.000000000000000000 ) ) ;
#3891 = EDGE_CURVE ( 'NONE', #3198, #3742, #4888, .T. ) ;
#3892 = CARTESIAN_POINT ( 'NONE',  ( -14.59811073578332064, 40.11429676277850120, 34.35882444406045266 ) ) ;
#3894 = ORIENTED_EDGE ( 'NONE', *, *, #4912, .F. ) ;
#3893 = FACE_OUTER_BOUND ( 'NONE', #4173, .T. ) ;
#3895 = CARTESIAN_POINT ( 'NONE',  ( -51.09344307003616592, 43.78678706979961532, 46.16619289845881013 ) ) ;
#3896 = ORIENTED_EDGE ( 'NONE', *, *, #1569, .F. ) ;
#3897 = ORIENTED_EDGE ( 'NONE', *, *, #101, .T. ) ;
#3898 = CARTESIAN_POINT ( 'NONE',  ( -16.59811073578335083, -1.131693537528442040, 29.35882444406044911 ) ) ;
#3899 = ADVANCED_FACE ( 'NONE', ( #4952 ), #4997, .F. ) ;
#3900 = CARTESIAN_POINT ( 'NONE',  ( -14.41741624241097774, 44.88201604084775909, 44.53705058428597852 ) ) ;
#3901 = ORIENTED_EDGE ( 'NONE', *, *, #3694, .T. ) ;
#3902 = CARTESIAN_POINT ( 'NONE',  ( -59.59811073578330110, -1.131693537528442040, 29.35882444406044911 ) ) ;
#3903 = ORIENTED_EDGE ( 'NONE', *, *, #657, .F. ) ;
#3904 = CARTESIAN_POINT ( 'NONE',  ( -16.97332359775342780, 47.34249789473974346, 49.43397302867894183 ) ) ;
#3905 = VERTEX_POINT ( 'NONE', #3202 ) ;
#3906 = ORIENTED_EDGE ( 'NONE', *, *, #5159, .T. ) ;
#3907 = EDGE_CURVE ( 'NONE', #2145, #1097, #4539, .T. ) ;
#3908 = DIRECTION ( 'NONE',  ( 1.000000000000000000, 0.000000000000000000, 0.000000000000000000 ) ) ;
#3909 = EDGE_CURVE ( 'NONE', #1748, #3654, #664, .T. ) ;
#3910 = CARTESIAN_POINT ( 'NONE',  ( -49.77811073578359924, 3.868306462471565066, 23.17766952966350047 ) ) ;
#3911 = ORIENTED_EDGE ( 'NONE', *, *, #3380, .F. ) ;
#3912 = ADVANCED_FACE ( 'NONE', ( #2465 ), #1120, .F. ) ;
#3913 = DIRECTION ( 'NONE',  ( 0.000000000000000000, 0.000000000000000000, -1.000000000000000000 ) ) ;
#3914 = CARTESIAN_POINT ( 'NONE',  ( -14.59811073578332064, 40.11429676277850120, 42.16311116877835019 ) ) ;
#3915 = CARTESIAN_POINT ( 'NONE',  ( -18.69498960182864167, 44.87084847163966117, 47.58458128939339105 ) ) ;
#3916 = CARTESIAN_POINT ( 'NONE',  ( -17.40530294800220190, 10.04430770271306628, 46.27045803874587904 ) ) ;
#3917 = ORIENTED_EDGE ( 'NONE', *, *, #86, .T. ) ;
#3918 = CARTESIAN_POINT ( 'NONE',  ( -51.01153197280707730, 13.84727809396586018, 45.87176394302743887 ) ) ;
#3919 = CARTESIAN_POINT ( 'NONE',  ( -51.23122916787829695, 43.61148285021338467, 47.55013350258892046 ) ) ;
#3920 = EDGE_CURVE ( 'NONE', #3717, #4298, #273, .T. ) ;
#3921 = CARTESIAN_POINT ( 'NONE',  ( -21.38018027042864944, 50.11429676277849410, 34.35882444406045266 ) ) ;
#3922 = DIRECTION ( 'NONE',  ( 0.000000000000000000, 0.000000000000000000, 1.000000000000000000 ) ) ;
#3923 = CARTESIAN_POINT ( 'NONE',  ( -47.73800813099869345, 14.63771680626403793, 48.84342548590301902 ) ) ;
#3924 = CARTESIAN_POINT ( 'NONE',  ( -51.09021845713932919, 43.79085479552496452, 46.15285825431354283 ) ) ;
#3925 = ORIENTED_EDGE ( 'NONE', *, *, #1860, .T. ) ;
#3926 = EDGE_CURVE ( 'NONE', #4416, #4686, #3763, .T. ) ;
#3927 = CARTESIAN_POINT ( 'NONE',  ( -14.42277167645590019, -5.931693537528449411, -17.67766952966359995 ) ) ;
#3928 = VECTOR ( 'NONE', #3386, 1000.000000000000000 ) ;
#3929 = CARTESIAN_POINT ( 'NONE',  ( -16.15488379743597847, 46.63192252626707557, 44.45546271490920986 ) ) ;
#3930 = ORIENTED_EDGE ( 'NONE', *, *, #2052, .F. ) ;
#3931 = CARTESIAN_POINT ( 'NONE',  ( -21.79346926866904965, 50.11429676277849410, 42.16311116877835019 ) ) ;
#3932 = VERTEX_POINT ( 'NONE', #2791 ) ;
#3933 = AXIS2_PLACEMENT_3D ( 'NONE', #254, #755, #2470 ) ;
#3934 = AXIS2_PLACEMENT_3D ( 'NONE', #1711, #877, #5432 ) ;
#3935 = CARTESIAN_POINT ( 'NONE',  ( -16.90377294762594218, 47.28453020215648905, 49.53814928312156951 ) ) ;
#3936 = ORIENTED_EDGE ( 'NONE', *, *, #5128, .T. ) ;
#3937 = ORIENTED_EDGE ( 'NONE', *, *, #2779, .T. ) ;
#3938 = DIRECTION ( 'NONE',  ( -0.8223448060633989920, 0.5689894726096000888, 0.000000000000000000 ) ) ;
#3939 = CARTESIAN_POINT ( 'NONE',  ( -48.29827991647101015, 10.98388184752059260, 44.54169286411890027 ) ) ;
#3940 = AXIS2_PLACEMENT_3D ( 'NONE', #4142, #4113, #4516 ) ;
#3941 = VERTEX_POINT ( 'NONE', #4561 ) ;
#3942 = VECTOR ( 'NONE', #762, 1000.000000000000000 ) ;
#3943 = CARTESIAN_POINT ( 'NONE',  ( -51.23122916787009729, 14.12513007473730120, 47.35882438196059496 ) ) ;
#3944 = DIRECTION ( 'NONE',  ( 0.000000000000000000, 0.000000000000000000, -1.000000000000000000 ) ) ;
#3945 = DIRECTION ( 'NONE',  ( 0.000000000000000000, 0.000000000000000000, 1.000000000000000000 ) ) ;
#3946 = ADVANCED_FACE ( 'NONE', ( #4031 ), #5359, .F. ) ;
#3947 = CIRCLE ( 'NONE', #2894, 21.00000000000001776 ) ;
#3948 = AXIS2_PLACEMENT_3D ( 'NONE', #3892, #2988, #4681 ) ;
#3949 = DIRECTION ( 'NONE',  ( 0.000000000000000000, -1.000000000000000000, 0.000000000000000000 ) ) ;
#3950 = LINE ( 'NONE', #3556, #1828 ) ;
#3951 = VERTEX_POINT ( 'NONE', #297 ) ;
#3952 = CARTESIAN_POINT ( 'NONE',  ( -50.41332167581109758, 13.13074131906723174, 44.76740207562243512 ) ) ;
#3953 = CIRCLE ( 'NONE', #4204, 5.000000000000000888 ) ;
#3954 = CARTESIAN_POINT ( 'NONE',  ( -50.70929951880243181, 44.25847364862887190, 49.53882598058005016 ) ) ;
#3955 = CARTESIAN_POINT ( 'NONE',  ( -32.10044120611970442, -6.131693537528450477, 0.000000000000000000 ) ) ;
#3956 = CIRCLE ( 'NONE', #2025, 2.500000000000002220 ) ;
#3957 = CARTESIAN_POINT ( 'NONE',  ( -11.51717814281620456, 14.14945339131694801, 23.83194926893725807 ) ) ;
#3958 = DIRECTION ( 'NONE',  ( 0.000000000000000000, 0.000000000000000000, 1.000000000000000000 ) ) ;
#3959 = DIRECTION ( 'NONE',  ( 1.000000000000000000, 3.864197646340699877E-12, 0.000000000000000000 ) ) ;
#3960 = AXIS2_PLACEMENT_3D ( 'NONE', #3370, #2184, #3865 ) ;
#3961 = ORIENTED_EDGE ( 'NONE', *, *, #2516, .F. ) ;
#3962 = ORIENTED_EDGE ( 'NONE', *, *, #2063, .F. ) ;
#3963 = DIRECTION ( 'NONE',  ( 1.000000000000000000, 0.000000000000000000, 0.000000000000000000 ) ) ;
#3964 = AXIS2_PLACEMENT_3D ( 'NONE', #1277, #3484, #486 ) ;
#3965 = CARTESIAN_POINT ( 'NONE',  ( -17.35239124774756192, 47.65037042615100660, 46.09430208049519706 ) ) ;
#3966 = ORIENTED_EDGE ( 'NONE', *, *, #4723, .T. ) ;
#3967 = DIRECTION ( 'NONE',  ( 0.000000000000000000, 0.000000000000000000, -1.000000000000000000 ) ) ;
#3968 = ORIENTED_EDGE ( 'NONE', *, *, #1212, .F. ) ;
#3969 = CIRCLE ( 'NONE', #3268, 3.300000000000000711 ) ;
#3970 = CARTESIAN_POINT ( 'NONE',  ( -16.56090126274389718, 46.99249643918128072, 49.94538702291371379 ) ) ;
#3971 = VERTEX_POINT ( 'NONE', #3665 ) ;
#3972 = ORIENTED_EDGE ( 'NONE', *, *, #4544, .F. ) ;
#3973 = DIRECTION ( 'NONE',  ( 1.000000000000000000, 0.000000000000000000, 0.000000000000000000 ) ) ;
#3974 = CARTESIAN_POINT ( 'NONE',  ( -48.70836025406465097, 11.35958806216588535, 44.31627973571475110 ) ) ;
#3975 = EDGE_CURVE ( 'NONE', #1067, #266, #1566, .T. ) ;
#3976 = CARTESIAN_POINT ( 'NONE',  ( -50.04912452397024225, 12.72096316164810759, 50.26744784390629661 ) ) ;
#3977 =( NAMED_UNIT ( * ) PLANE_ANGLE_UNIT ( ) SI_UNIT ( $, .RADIAN. ) );
#3978 = CARTESIAN_POINT ( 'NONE',  ( -20.75182801116436693, 50.11429676277849410, 35.52487555239200390 ) ) ;
#3979 = EDGE_CURVE ( 'NONE', #484, #4851, #326, .T. ) ;
#3980 = EDGE_CURVE ( 'NONE', #1026, #1016, #3259, .T. ) ;
#3981 = LINE ( 'NONE', #587, #2017 ) ;
#3982 = CARTESIAN_POINT ( 'NONE',  ( -14.85274774219908522, 12.38122664117591576, 44.28985992962002172 ) ) ;
#3983 = ORIENTED_EDGE ( 'NONE', *, *, #1977, .F. ) ;
#3984 = CARTESIAN_POINT ( 'NONE',  ( -51.07683627713745977, 13.92888677966146638, 46.09601733603765439 ) ) ;
#3985 = CARTESIAN_POINT ( 'NONE',  ( -50.76733130141193584, 44.18884959222424413, 49.43459620184498249 ) ) ;
#3986 = ORIENTED_EDGE ( 'NONE', *, *, #2875, .T. ) ;
#3987 = CARTESIAN_POINT ( 'NONE',  ( -43.20675826695154598, 49.11429676277849410, 36.35882444406045266 ) ) ;
#3988 = CARTESIAN_POINT ( 'NONE',  ( -17.60276128516090210, 43.87610372730277675, 45.65863939249019410 ) ) ;
#3989 = CYLINDRICAL_SURFACE ( 'NONE', #3241, 15.69999999999999929 ) ;
#3990 = CARTESIAN_POINT ( 'NONE',  ( -56.17340446974701962, 36.98165755205803151, 34.51694275826258718 ) ) ;
#3991 = ORIENTED_EDGE ( 'NONE', *, *, #1790, .T. ) ;
#3992 = VERTEX_POINT ( 'NONE', #722 ) ;
#3993 = VERTEX_POINT ( 'NONE', #1619 ) ;
#3994 = CARTESIAN_POINT ( 'NONE',  ( -49.77811073578359924, -2.931693537528434756, 14.17766952966349869 ) ) ;
#3995 = DIRECTION ( 'NONE',  ( 0.000000000000000000, 0.000000000000000000, -1.000000000000000000 ) ) ;
#3996 = EDGE_LOOP ( 'NONE', ( #4202, #2786, #2251, #31 ) ) ;
#3997 = LINE ( 'NONE', #4024, #4133 ) ;
#3998 = ORIENTED_EDGE ( 'NONE', *, *, #3210, .F. ) ;
#3999 = CARTESIAN_POINT ( 'NONE',  ( -13.77655487853774297, 44.13765278896479316, 49.36738244487391114 ) ) ;
#4000 = EDGE_LOOP ( 'NONE', ( #2358, #4829, #861, #4323 ) ) ;
#4001 = LINE ( 'NONE', #638, #592 ) ;
#4002 = CARTESIAN_POINT ( 'NONE',  ( -47.22600477564542132, 10.07947290002405616, 46.12075046874466011 ) ) ;
#4003 = CARTESIAN_POINT ( 'NONE',  ( -50.29189995742497388, 12.99198223631988114, 50.07547574539405133 ) ) ;
#4004 = DIRECTION ( 'NONE',  ( 0.000000000000000000, 0.000000000000000000, -1.000000000000000000 ) ) ;
#4005 = CARTESIAN_POINT ( 'NONE',  ( -32.10044120611970442, 13.86830646247156018, 0.000000000000000000 ) ) ;
#4006 = PLANE ( 'NONE',  #313 ) ;
#4007 = ADVANCED_FACE ( 'NONE', ( #3302 ), #4592, .F. ) ;
#4008 = FACE_OUTER_BOUND ( 'NONE', #85, .T. ) ;
#4009 = CARTESIAN_POINT ( 'NONE',  ( -17.38419540847380418, 10.06103220175836555, 46.19687970519149189 ) ) ;
#4010 = DIRECTION ( 'NONE',  ( 0.000000000000000000, 0.000000000000000000, 1.000000000000000000 ) ) ;
#4011 = EDGE_LOOP ( 'NONE', ( #1224, #3768 ) ) ;
#4012 = FACE_OUTER_BOUND ( 'NONE', #4322, .T. ) ;
#4013 = CARTESIAN_POINT ( 'NONE',  ( -18.66173910440620887, 44.84277029825167205, 46.91511326475826849 ) ) ;
#4014 = CARTESIAN_POINT ( 'NONE',  ( -18.57099724769365068, 8.954375923019693317, 35.51777576445196871 ) ) ;
#4015 = CARTESIAN_POINT ( 'NONE',  ( -56.18786221147908577, 36.98404574469011408, 34.51089540549978096 ) ) ;
#4016 = ORIENTED_EDGE ( 'NONE', *, *, #1967, .T. ) ;
#4017 = ORIENTED_EDGE ( 'NONE', *, *, #2333, .F. ) ;
#4018 = ORIENTED_EDGE ( 'NONE', *, *, #4172, .F. ) ;
#4019 = EDGE_CURVE ( 'NONE', #4075, #2112, #2434, .T. ) ;
#4020 = DIRECTION ( 'NONE',  ( 0.000000000000000000, 0.000000000000000000, 1.000000000000000000 ) ) ;
#4021 = DIRECTION ( 'NONE',  ( 0.000000000000000000, 0.000000000000000000, 1.000000000000000000 ) ) ;
#4022 = AXIS2_PLACEMENT_3D ( 'NONE', #2050, #2124, #4251 ) ;
#4023 = ORIENTED_EDGE ( 'NONE', *, *, #5189, .F. ) ;
#4024 = CARTESIAN_POINT ( 'NONE',  ( -68.77938887605888851, 18.86830646247155130, 27.17766952966350047 ) ) ;
#4025 = ORIENTED_EDGE ( 'NONE', *, *, #1769, .T. ) ;
#4026 = CARTESIAN_POINT ( 'NONE',  ( -16.29109600180959205, 46.75475466318206941, 50.17275151399460498 ) ) ;
#4027 = ORIENTED_EDGE ( 'NONE', *, *, #3694, .F. ) ;
#4028 = AXIS2_PLACEMENT_3D ( 'NONE', #3457, #5157, #4518 ) ;
#4029 = CYLINDRICAL_SURFACE ( 'NONE', #2990, 1.000000000000000888 ) ;
#4030 = CARTESIAN_POINT ( 'NONE',  ( -46.60022056955670422, 13.49535257864211424, 45.83098136678464840 ) ) ;
#4031 = FACE_OUTER_BOUND ( 'NONE', #4462, .T. ) ;
#4032 = PLANE ( 'NONE',  #3838 ) ;
#4033 = CARTESIAN_POINT ( 'NONE',  ( -32.10044120611970442, -10.13169353752843982, -15.69999999999999929 ) ) ;
#4034 = CARTESIAN_POINT ( 'NONE',  ( 212.7065307313310143, 28.86830646222155394, 39.85882444406045266 ) ) ;
#4035 = AXIS2_PLACEMENT_3D ( 'NONE', #2252, #2317, #4797 ) ;
#4036 = VECTOR ( 'NONE', #4936, 1000.000000000000000 ) ;
#4037 = CARTESIAN_POINT ( 'NONE',  ( -14.42277167645590019, -5.931693537528449411, -14.37766952966360101 ) ) ;
#4038 = CARTESIAN_POINT ( 'NONE',  ( -17.16520560170642185, 10.23626879086021546, 45.62532612972703561 ) ) ;
#4039 = EDGE_CURVE ( 'NONE', #904, #4190, #3641, .T. ) ;
#4040 = ORIENTED_EDGE ( 'NONE', *, *, #5128, .F. ) ;
#4041 = CARTESIAN_POINT ( 'NONE',  ( -32.10044120611970442, 3.868306462471565066, -31.50000000000000000 ) ) ;
#4042 = VECTOR ( 'NONE', #3959, 1000.000000000000000 ) ;
#4043 = VECTOR ( 'NONE', #3494, 1000.000000000000000 ) ;
#4044 = ORIENTED_EDGE ( 'NONE', *, *, #3343, .F. ) ;
#4045 = LINE ( 'NONE', #1885, #1654 ) ;
#4046 = VECTOR ( 'NONE', #5063, 1000.000000000000000 ) ;
#4047 = AXIS2_PLACEMENT_3D ( 'NONE', #5009, #282, #1680 ) ;
#4048 = CARTESIAN_POINT ( 'NONE',  ( -56.18972824562244028, 20.75225894657131320, 34.51012556074169879 ) ) ;
#4049 = EDGE_CURVE ( 'NONE', #4326, #3208, #3680, .T. ) ;
#4050 = CARTESIAN_POINT ( 'NONE',  ( -16.88356790509331518, 10.46898708521308130, 49.56684979926021839 ) ) ;
#4051 = ORIENTED_EDGE ( 'NONE', *, *, #4632, .T. ) ;
#4052 = ORIENTED_EDGE ( 'NONE', *, *, #1953, .T. ) ;
#4053 = TOROIDAL_SURFACE ( 'NONE', #1127, 25.99999999999235101, 2.000000000000000000 ) ;
#4054 = FACE_BOUND ( 'NONE', #4272, .T. ) ;
#4055 = DIRECTION ( 'NONE',  ( 0.000000000000000000, 0.000000000000000000, 1.000000000000000000 ) ) ;
#4056 = AXIS2_PLACEMENT_3D ( 'NONE', #726, #4565, #3703 ) ;
#4057 = EDGE_CURVE ( 'NONE', #4769, #4629, #3841, .T. ) ;
#4058 = ORIENTED_EDGE ( 'NONE', *, *, #5131, .T. ) ;
#4059 = FACE_OUTER_BOUND ( 'NONE', #4404, .T. ) ;
#4060 = ORIENTED_EDGE ( 'NONE', *, *, #3798, .F. ) ;
#4061 = CARTESIAN_POINT ( 'NONE',  ( -13.90289963274850393, 44.28864554816135524, 49.58140151684942509 ) ) ;
#4062 = AXIS2_PLACEMENT_3D ( 'NONE', #1776, #3938, #5074 ) ;
#4063 = B_SPLINE_CURVE_WITH_KNOTS ( 'NONE', 3,
 ( #2335, #4014, #199, #1915, #354, #788, #3711, #3314, #4604, #837, #2498, #5422, #1164 ),
 .UNSPECIFIED., .F., .F.,
 ( 4, 1, 1, 1, 1, 1, 2, 2, 4 ),
 ( 0.000000000000000000, 0.2500000000000986433, 0.3750000000001379452, 0.4375000000001481593, 0.4687500000001532663, 0.4843750000001558198, 0.4921875000001570410, 0.5000000000001583178, 1.000000000000000000 ),
 .UNSPECIFIED. ) ;
#4064 = CARTESIAN_POINT ( 'NONE',  ( -20.79346926866904965, 10.76443947225271991, 39.85882444406045266 ) ) ;
#4065 = CARTESIAN_POINT ( 'NONE',  ( -46.32761778778637307, 13.24624371877372120, 46.07760115027075187 ) ) ;
#4066 = CARTESIAN_POINT ( 'NONE',  ( -22.79346926862270095, 49.11429676277849410, 54.85882444406049530 ) ) ;
#4067 = AXIS2_PLACEMENT_3D ( 'NONE', #3200, #4950, #4089 ) ;
#4068 = DIRECTION ( 'NONE',  ( 1.000000000000000000, 0.000000000000000000, 0.000000000000000000 ) ) ;
#4069 = CARTESIAN_POINT ( 'NONE',  ( -19.24236964162971475, 50.11429676277849410, 34.66631147541955471 ) ) ;
#4070 = FACE_OUTER_BOUND ( 'NONE', #3996, .T. ) ;
#4071 = CARTESIAN_POINT ( 'NONE',  ( -49.77811073578330081, -3.131693537528430049, -17.67766952966370297 ) ) ;
#4072 = LINE ( 'NONE', #1540, #2819 ) ;
#4073 = VERTEX_POINT ( 'NONE', #5072 ) ;
#4074 = DIRECTION ( 'NONE',  ( 1.000000000000000000, 0.000000000000000000, 0.000000000000000000 ) ) ;
#4075 = VERTEX_POINT ( 'NONE', #2144 ) ;
#4076 = PLANE ( 'NONE',  #3064 ) ;
#4077 = CARTESIAN_POINT ( 'NONE',  ( -55.42385347834368048, 20.87984962851387749, 35.06910397266009483 ) ) ;
#4078 = CARTESIAN_POINT ( 'NONE',  ( -16.88975891980743782, 10.46380334437545656, 49.55812449812368214 ) ) ;
#4079 = ORIENTED_EDGE ( 'NONE', *, *, #2248, .T. ) ;
#4080 = ORIENTED_EDGE ( 'NONE', *, *, #2587, .T. ) ;
#4081 = EDGE_CURVE ( 'NONE', #2145, #84, #4152, .T. ) ;
#4082 = DIRECTION ( 'NONE',  ( 0.000000000000000000, 0.7071067811865201502, 0.7071067811865749952 ) ) ;
#4083 = CARTESIAN_POINT ( 'NONE',  ( -49.77811073578359924, -3.131693537528430049, 14.37766952966349976 ) ) ;
#4084 = ORIENTED_EDGE ( 'NONE', *, *, #1194, .T. ) ;
#4085 = CARTESIAN_POINT ( 'NONE',  ( -47.18181381844998867, 47.69216423148163386, 46.26980804399094893 ) ) ;
#4086 = ORIENTED_EDGE ( 'NONE', *, *, #3343, .T. ) ;
#4087 = CARTESIAN_POINT ( 'NONE',  ( -16.19514728421643213, 46.66842294838524907, 50.23726385454446586 ) ) ;
#4088 = EDGE_CURVE ( 'NONE', #1688, #552, #2165, .T. ) ;
#4089 = DIRECTION ( 'NONE',  ( 0.000000000000000000, 0.000000000000000000, -1.000000000000000000 ) ) ;
#4090 = CARTESIAN_POINT ( 'NONE',  ( -46.39242543070466240, 13.30463408678575732, 46.00583004253775243 ) ) ;
#4091 = DIRECTION ( 'NONE',  ( 0.000000000000000000, -1.000000000000000000, 0.000000000000000000 ) ) ;
#4092 = CARTESIAN_POINT ( 'NONE',  ( -41.29346926866904965, 14.36830646247156018, 39.85882444406045266 ) ) ;
#4093 = CARTESIAN_POINT ( 'NONE',  ( -14.12972290594795588, 13.18184858065044907, 44.81566271497053577 ) ) ;
#4094 = ADVANCED_FACE ( 'NONE', ( #2092 ), #2579, .T. ) ;
#4095 = PLANE ( 'NONE',  #3770 ) ;
#4096 = CARTESIAN_POINT ( 'NONE',  ( -41.29346926866904965, 16.86830646247155130, 39.85882444406045266 ) ) ;
#4097 = DIRECTION ( 'NONE',  ( 8.673617379884035472E-16, 0.000000000000000000, -1.000000000000000000 ) ) ;
#4098 = ORIENTED_EDGE ( 'NONE', *, *, #4892, .F. ) ;
#4099 = CARTESIAN_POINT ( 'NONE',  ( -49.77811073578330081, -3.131693537528430049, -17.67766952966370297 ) ) ;
#4100 = CARTESIAN_POINT ( 'NONE',  ( -56.13092309765782773, 20.76198303067287654, 34.53534894203818340 ) ) ;
#4101 = CARTESIAN_POINT ( 'NONE',  ( -16.10109889287277340, 11.15368820532975569, 50.29372068209145397 ) ) ;
#4102 = EDGE_CURVE ( 'NONE', #2914, #1404, #1113, .T. ) ;
#4103 = VERTEX_POINT ( 'NONE', #5123 ) ;
#4104 = ORIENTED_EDGE ( 'NONE', *, *, #5297, .F. ) ;
#4105 = DIRECTION ( 'NONE',  ( 0.000000000000000000, 0.000000000000000000, 1.000000000000000000 ) ) ;
#4106 = CARTESIAN_POINT ( 'NONE',  ( -32.10044120611970442, -6.131693537528450477, 29.35882444406044911 ) ) ;
#4107 = ORIENTED_EDGE ( 'NONE', *, *, #4336, .F. ) ;
#4108 = LINE ( 'NONE', #1083, #3769 ) ;
#4109 = EDGE_CURVE ( 'NONE', #3726, #772, #2171, .T. ) ;
#4110 = ORIENTED_EDGE ( 'NONE', *, *, #3591, .T. ) ;
#4111 = CARTESIAN_POINT ( 'NONE',  ( -16.17363509487851303, 46.64894151054647153, 50.25073147309954891 ) ) ;
#4112 = CARTESIAN_POINT ( 'NONE',  ( -32.29346926866904965, 28.86830646247155130, 34.35882444406045266 ) ) ;
#4113 = DIRECTION ( 'NONE',  ( 0.000000000000000000, 0.000000000000000000, 1.000000000000000000 ) ) ;
#4114 = CARTESIAN_POINT ( 'NONE',  ( -59.59811073578330110, 18.86830646247155130, 27.17766952966350047 ) ) ;
#4115 = ORIENTED_EDGE ( 'NONE', *, *, #2029, .F. ) ;
#4116 = AXIS2_PLACEMENT_3D ( 'NONE', #3750, #2877, #5494 ) ;
#4117 = DIRECTION ( 'NONE',  ( 0.000000000000000000, 0.000000000000000000, -1.000000000000000000 ) ) ;
#4118 = CARTESIAN_POINT ( 'NONE',  ( -49.77811073578330081, 3.868306462471565066, -17.67766952966370297 ) ) ;
#4119 = VECTOR ( 'NONE', #97, 1000.000000000000000 ) ;
#4120 = FACE_OUTER_BOUND ( 'NONE', #1774, .T. ) ;
#4121 = CARTESIAN_POINT ( 'NONE',  ( -19.20671139866825072, 8.954375923019691541, 36.35882444406045266 ) ) ;
#4122 = DIRECTION ( 'NONE',  ( 0.000000000000000000, 1.000000000000000000, 0.000000000000000000 ) ) ;
#4123 = ORIENTED_EDGE ( 'NONE', *, *, #4563, .F. ) ;
#4124 = AXIS2_PLACEMENT_3D ( 'NONE', #1089, #2350, #1597 ) ;
#4125 = CONICAL_SURFACE ( 'NONE', #1555, 3.499999999999999556, 0.7853981633974900234 ) ;
#4126 = CARTESIAN_POINT ( 'NONE',  ( -49.77811073578359924, -6.131693537528450477, 17.67766952966350047 ) ) ;
#4127 = CARTESIAN_POINT ( 'NONE',  ( -47.52569932571125122, 43.32478058272732113, 48.97170277760658053 ) ) ;
#4128 = AXIS2_PLACEMENT_3D ( 'NONE', #2845, #2456, #291 ) ;
#4129 = CARTESIAN_POINT ( 'NONE',  ( -15.98377261594732168, 11.26168720863663175, 50.35448092320187641 ) ) ;
#4130 = VECTOR ( 'NONE', #4875, 1000.000000000000000 ) ;
#4131 = ORIENTED_EDGE ( 'NONE', *, *, #5421, .F. ) ;
#4132 = CARTESIAN_POINT ( 'NONE',  ( -47.03664565640320205, 11.72096701870306035, 47.35882438196059496 ) ) ;
#4133 = VECTOR ( 'NONE', #4946, 1000.000000000000000 ) ;
#4134 = AXIS2_PLACEMENT_3D ( 'NONE', #922, #5142, #1734 ) ;
#4135 = LINE ( 'NONE', #3815, #2094 ) ;
#4136 = ORIENTED_EDGE ( 'NONE', *, *, #2212, .F. ) ;
#4137 = DIRECTION ( 'NONE',  ( 0.000000000000000000, 0.000000000000000000, -1.000000000000000000 ) ) ;
#4138 = AXIS2_PLACEMENT_3D ( 'NONE', #100, #1876, #2705 ) ;
#4139 = ORIENTED_EDGE ( 'NONE', *, *, #4799, .T. ) ;
#4140 = CIRCLE ( 'NONE', #30, 14.69999999999999929 ) ;
#4141 = CARTESIAN_POINT ( 'NONE',  ( 0.000000000000000000, 50.11429676277849410, 34.35882444406045266 ) ) ;
#4142 = CARTESIAN_POINT ( 'NONE',  ( -41.29346926866904965, 14.36830646247156018, 14.15302444406045979 ) ) ;
#4143 = CARTESIAN_POINT ( 'NONE',  ( -14.17032649848513515, 13.13453115090366019, 49.94656184133264532 ) ) ;
#4144 = VERTEX_POINT ( 'NONE', #2970 ) ;
#4145 = DIRECTION ( 'NONE',  ( 0.000000000000000000, -1.000000000000000000, 0.000000000000000000 ) ) ;
#4146 = EDGE_CURVE ( 'NONE', #2652, #444, #116, .T. ) ;
#4147 = CARTESIAN_POINT ( 'NONE',  ( -50.44748503609999801, 39.42442845475009960, 39.85882444406045266 ) ) ;
#4148 = VERTEX_POINT ( 'NONE', #32 ) ;
#4149 = CARTESIAN_POINT ( 'NONE',  ( -51.55297251268839887, 3.868306462471565066, 24.17766952966350047 ) ) ;
#4150 = DIRECTION ( 'NONE',  ( 0.000000000000000000, 0.000000000000000000, 1.000000000000000000 ) ) ;
#4151 = CARTESIAN_POINT ( 'NONE',  ( -55.88131638051719818, 36.93331371978894140, 34.66881708611036572 ) ) ;
#4152 = B_SPLINE_CURVE_WITH_KNOTS ( 'NONE', 3,
 ( #3744, #1274, #369, #2532, #3427, #446, #4687, #4221, #1743, #5463, #856, #4167 ),
 .UNSPECIFIED., .F., .F.,
 ( 4, 1, 1, 1, 1, 2, 2, 4 ),
 ( 0.000000000000000000, 0.2500000000000265898, 0.3750000000000398570, 0.4375000000000483502, 0.4687500000000506262, 0.4843750000000517364, 0.5000000000000528466, 1.000000000000000000 ),
 .UNSPECIFIED. ) ;
#4153 = EDGE_LOOP ( 'NONE', ( #5137, #3740, #4702, #1053 ) ) ;
#4154 = EDGE_CURVE ( 'NONE', #3647, #2003, #1328, .T. ) ;
#4155 = CYLINDRICAL_SURFACE ( 'NONE', #4406, 1.699999999999999734 ) ;
#4156 = LINE ( 'NONE', #336, #3764 ) ;
#4157 = DIRECTION ( 'NONE',  ( 0.000000000000000000, 0.000000000000000000, -1.000000000000000000 ) ) ;
#4158 = ORIENTED_EDGE ( 'NONE', *, *, #4276, .T. ) ;
#4159 = DIRECTION ( 'NONE',  ( 0.000000000000000000, -1.000000000000000000, 0.000000000000000000 ) ) ;
#4160 = CARTESIAN_POINT ( 'NONE',  ( -4.422771676456044965, 13.86830646247156018, 15.03983408840434954 ) ) ;
#4161 = ORIENTED_EDGE ( 'NONE', *, *, #1860, .F. ) ;
#4162 = CARTESIAN_POINT ( 'NONE',  ( -49.53144466147728764, 45.56812464136948648, 44.22783561492004623 ) ) ;
#4163 = ORIENTED_EDGE ( 'NONE', *, *, #1130, .T. ) ;
#4164 = EDGE_CURVE ( 'NONE', #714, #292, #2922, .T. ) ;
#4165 = CARTESIAN_POINT ( 'NONE',  ( -14.42277167645602098, 3.868306462471565066, 20.97766952966370013 ) ) ;
#4166 = CARTESIAN_POINT ( 'NONE',  ( -20.79346926866904965, 9.954375923019689765, 54.85882444406049530 ) ) ;
#4167 = CARTESIAN_POINT ( 'NONE',  ( -18.51480033117735147, 8.954375923019691541, 35.45468474723795538 ) ) ;
#4168 = CARTESIAN_POINT ( 'NONE',  ( -13.86096181421941154, 13.49810321437646010, 49.50987937044659759 ) ) ;
#4169 = EDGE_CURVE ( 'NONE', #3521, #3654, #458, .T. ) ;
#4170 = FACE_BOUND ( 'NONE', #4011, .T. ) ;
#4171 = CARTESIAN_POINT ( 'NONE',  ( -21.79346926866904965, 48.20092139164069778, 54.85882444406049530 ) ) ;
#4172 = EDGE_CURVE ( 'NONE', #4244, #5037, #2888, .T. ) ;
#4173 = EDGE_LOOP ( 'NONE', ( #4058, #4570, #5407, #1417 ) ) ;
#4174 = CARTESIAN_POINT ( 'NONE',  ( -49.77811073578330081, 3.868306462471565066, -17.67766952966370297 ) ) ;
#4175 = CARTESIAN_POINT ( 'NONE',  ( -18.66086560690566998, 12.89459917403569911, 46.91318177094328234 ) ) ;
#4176 = CARTESIAN_POINT ( 'NONE',  ( -55.31947619447868902, 36.83951185508881565, 35.20263777948221673 ) ) ;
#4177 = ADVANCED_FACE ( 'NONE', ( #934 ), #2665, .F. ) ;
#4178 = ORIENTED_EDGE ( 'NONE', *, *, #203, .T. ) ;
#4179 = DIRECTION ( 'NONE',  ( 0.000000000000000000, 0.000000000000000000, 1.000000000000000000 ) ) ;
#4180 = DIRECTION ( 'NONE',  ( 0.000000000000000000, 0.000000000000000000, -1.000000000000000000 ) ) ;
#4181 = LINE ( 'NONE', #5085, #1190 ) ;
#4182 = ORIENTED_EDGE ( 'NONE', *, *, #585, .F. ) ;
#4183 = CARTESIAN_POINT ( 'NONE',  ( -48.48536927188924039, 46.58335464100585455, 50.29345635251943492 ) ) ;
#4184 = CYLINDRICAL_SURFACE ( 'NONE', #4834, 31.50000000000000000 ) ;
#4185 = ORIENTED_EDGE ( 'NONE', *, *, #1446, .F. ) ;
#4186 = CARTESIAN_POINT ( 'NONE',  ( -48.36507315062981149, 46.69256138640594145, 44.49755255135208643 ) ) ;
#4187 = ORIENTED_EDGE ( 'NONE', *, *, #971, .F. ) ;
#4188 = ADVANCED_FACE ( 'NONE', ( #4383 ), #2639, .T. ) ;
#4189 = CARTESIAN_POINT ( 'NONE',  ( -13.39842591441662911, 43.66634095170815044, 46.67653061381970758 ) ) ;
#4190 = VERTEX_POINT ( 'NONE', #1894 ) ;
#4191 = DIRECTION ( 'NONE',  ( 0.000000000000000000, 0.000000000000000000, -1.000000000000000000 ) ) ;
#4192 = PLANE ( 'NONE',  #1214 ) ;
#4193 = DIRECTION ( 'NONE',  ( 0.000000000000000000, -1.000000000000000000, 0.000000000000000000 ) ) ;
#4194 = CARTESIAN_POINT ( 'NONE',  ( -47.77377848218276313, 10.52787492369392552, 49.66709361689967039 ) ) ;
#4195 = CARTESIAN_POINT ( 'NONE',  ( -13.35570936947424059, 43.61148285019935145, 47.35882438196059496 ) ) ;
#4196 = PRESENTATION_LAYER_ASSIGNMENT (  '', '', ( #1272 ) ) ;
#4197 = CARTESIAN_POINT ( 'NONE',  ( -52.02999082629720107, 14.26140940882944363, 24.12107082291553084 ) ) ;
#4198 = CARTESIAN_POINT ( 'NONE',  ( -49.26403201714089874, 11.89774371399968089, 47.35882438196059496 ) ) ;
#4199 = ADVANCED_FACE ( 'NONE', ( #90 ), #4421, .T. ) ;
#4200 = LINE ( 'NONE', #2931, #1918 ) ;
#4201 = CARTESIAN_POINT ( 'NONE',  ( -49.44080871243750153, 14.12513007473730120, 47.35882438196059496 ) ) ;
#4202 = ORIENTED_EDGE ( 'NONE', *, *, #5322, .F. ) ;
#4203 = DIRECTION ( 'NONE',  ( 0.000000000000000000, 1.000000000000000000, 0.000000000000000000 ) ) ;
#4204 = AXIS2_PLACEMENT_3D ( 'NONE', #3345, #808, #5038 ) ;
#4205 = ORIENTED_EDGE ( 'NONE', *, *, #2322, .T. ) ;
#4206 = CONICAL_SURFACE ( 'NONE', #5087, 3.300000000000000711, 0.7853981633974399523 ) ;
#4207 = CARTESIAN_POINT ( 'NONE',  ( -50.20810653258766365, 44.83911386489225492, 50.14975059033697846 ) ) ;
#4208 = EDGE_CURVE ( 'NONE', #444, #3461, #833, .T. ) ;
#4209 = VECTOR ( 'NONE', #4483, 1000.000000000000000 ) ;
#4210 = AXIS2_PLACEMENT_3D ( 'NONE', #3036, #3958, #983 ) ;
#4211 = DIRECTION ( 'NONE',  ( 0.000000000000000000, 0.000000000000000000, -1.000000000000000000 ) ) ;
#4212 = ORIENTED_EDGE ( 'NONE', *, *, #637, .F. ) ;
#4213 = CARTESIAN_POINT ( 'NONE',  ( -48.01834251266094356, 46.99916993478225180, 44.77978881670895817 ) ) ;
#4214 = VERTEX_POINT ( 'NONE', #121 ) ;
#4215 = VECTOR ( 'NONE', #2758, 1000.000000000000000 ) ;
#4216 = CONICAL_SURFACE ( 'NONE', #2898, 3.499999999999999556, 0.7853981633974984611 ) ;
#4217 = EDGE_CURVE ( 'NONE', #1524, #2286, #212, .T. ) ;
#4218 = DIRECTION ( 'NONE',  ( 0.7071067811865475727, -0.7071067811865475727, 0.000000000000000000 ) ) ;
#4219 = VECTOR ( 'NONE', #1262, 1000.000000000000000 ) ;
#4220 = AXIS2_PLACEMENT_3D ( 'NONE', #4545, #1515, #4894 ) ;
#4221 = CARTESIAN_POINT ( 'NONE',  ( -17.60890637331045028, 8.954375923019691541, 34.80343455663601304 ) ) ;
#4222 = DIRECTION ( 'NONE',  ( 0.000000000000000000, -1.000000000000000000, 0.000000000000000000 ) ) ;
#4223 = VECTOR ( 'NONE', #858, 1000.000000000000000 ) ;
#4224 = CARTESIAN_POINT ( 'NONE',  ( -25.29346926866904965, 42.86830646247155130, 27.17766952966350047 ) ) ;
#4225 = ADVANCED_FACE ( 'NONE', ( #1772 ), #3078, .F. ) ;
#4226 = ORIENTED_EDGE ( 'NONE', *, *, #95, .T. ) ;
#4227 = ADVANCED_FACE ( 'NONE', ( #3573 ), #4706, .F. ) ;
#4228 = CARTESIAN_POINT ( 'NONE',  ( -48.01833352132965160, 10.73743516972679757, 49.93785115560917376 ) ) ;
#4229 = CIRCLE ( 'NONE', #2826, 25.99999999999235101 ) ;
#4230 = DIRECTION ( 'NONE',  ( -1.000000000000000000, 0.000000000000000000, 0.000000000000000000 ) ) ;
#4231 = CARTESIAN_POINT ( 'NONE',  ( -46.07213820618029843, 8.954375923019691541, 35.45468474723350738 ) ) ;
#4232 = CIRCLE ( 'NONE', #3870, 5.499999999999998224 ) ;
#4233 = CARTESIAN_POINT ( 'NONE',  ( -47.84402123448742827, 10.58775148226942520, 44.96798251190363516 ) ) ;
#4234 = CARTESIAN_POINT ( 'NONE',  ( -47.73599291740228523, 43.10102824572884828, 48.84449765141110333 ) ) ;
#4235 = LINE ( 'NONE', #5110, #26 ) ;
#4236 = EDGE_LOOP ( 'NONE', ( #176, #290, #2640, #2638 ) ) ;
#4237 = CARTESIAN_POINT ( 'NONE',  ( -49.77811073578359924, -6.131693537528450477, 17.67766952966350047 ) ) ;
#4238 = AXIS2_PLACEMENT_3D ( 'NONE', #3737, #4504, #2863 ) ;
#4239 = CARTESIAN_POINT ( 'NONE',  ( -14.42277167645590019, -3.131693537528430049, -17.67766952966359995 ) ) ;
#4240 = CARTESIAN_POINT ( 'NONE',  ( -49.53023189686147276, 45.57260079403832975, 50.50841328175282996 ) ) ;
#4241 = CARTESIAN_POINT ( 'NONE',  ( -32.29346435921620184, 28.86830420341390280, 54.85882444406049530 ) ) ;
#4242 = CYLINDRICAL_SURFACE ( 'NONE', #1200, 2.499999999999998668 ) ;
#4243 = CARTESIAN_POINT ( 'NONE',  ( -47.99043650097021896, 47.02330502225545672, 44.80762143013870968 ) ) ;
#4244 = VERTEX_POINT ( 'NONE', #1801 ) ;
#4245 = DIRECTION ( 'NONE',  ( 0.000000000000000000, 0.000000000000000000, 1.000000000000000000 ) ) ;
#4246 = ORIENTED_EDGE ( 'NONE', *, *, #4572, .T. ) ;
#4247 = CARTESIAN_POINT ( 'NONE',  ( -23.29346926866904965, 16.86830646247155130, 37.35882444406049530 ) ) ;
#4248 = DIRECTION ( 'NONE',  ( 0.000000000000000000, 0.000000000000000000, 1.000000000000000000 ) ) ;
#4249 = CARTESIAN_POINT ( 'NONE',  ( -14.42277167645602098, 3.868306462471565066, 12.17766952966370120 ) ) ;
#4250 = CARTESIAN_POINT ( 'NONE',  ( -47.18188020853689579, 10.04450118219535071, 48.44808274218940625 ) ) ;
#4251 = DIRECTION ( 'NONE',  ( 0.000000000000000000, 0.000000000000000000, 1.000000000000000000 ) ) ;
#4252 = DIRECTION ( 'NONE',  ( 0.000000000000000000, 0.000000000000000000, 1.000000000000000000 ) ) ;
#4253 = ADVANCED_FACE ( 'NONE', ( #1353, #5213 ), #903, .F. ) ;
#4254 = CARTESIAN_POINT ( 'NONE',  ( -47.77176297069922839, 10.52651033802525227, 45.05836943331401301 ) ) ;
#4255 = CARTESIAN_POINT ( 'NONE',  ( -18.43107945066054398, 44.64290430560131995, 48.39565877420214690 ) ) ;
#4256 = FACE_OUTER_BOUND ( 'NONE', #3566, .T. ) ;
#4257 = DIRECTION ( 'NONE',  ( 0.000000000000000000, 0.000000000000000000, 1.000000000000000000 ) ) ;
#4258 = CARTESIAN_POINT ( 'NONE',  ( -46.71540897821645189, 8.954375923019691541, 34.94252408833973078 ) ) ;
#4259 = CARTESIAN_POINT ( 'NONE',  ( -48.44034407791193786, 46.62438776042238686, 50.26716821232146515 ) ) ;
#4260 = DIRECTION ( 'NONE',  ( 1.000000000000000000, 0.000000000000000000, 0.000000000000000000 ) ) ;
#4261 = CARTESIAN_POINT ( 'NONE',  ( -49.77811073578330081, 3.868306462471565066, -17.67766952966370297 ) ) ;
#4262 = CARTESIAN_POINT ( 'NONE',  ( -47.93367439179282030, 47.07219407198301298, 44.86659764885979484 ) ) ;
#4263 = ORIENTED_EDGE ( 'NONE', *, *, #2549, .F. ) ;
#4264 = DIRECTION ( 'NONE',  ( 0.7071067811865475727, 0.7071067811865475727, 0.000000000000000000 ) ) ;
#4265 = EDGE_CURVE ( 'NONE', #33, #2519, #536, .T. ) ;
#4266 = ORIENTED_EDGE ( 'NONE', *, *, #5247, .T. ) ;
#4267 = CARTESIAN_POINT ( 'NONE',  ( -44.61371524663617549, 50.11429676277850120, 34.97075850141317943 ) ) ;
#4268 = ORIENTED_EDGE ( 'NONE', *, *, #1960, .F. ) ;
#4269 = CARTESIAN_POINT ( 'NONE',  ( -16.62687752669600627, 47.04949756974855291, 49.87887853363070434 ) ) ;
#4270 = ORIENTED_EDGE ( 'NONE', *, *, #5103, .T. ) ;
#4271 = CARTESIAN_POINT ( 'NONE',  ( -49.77811073578359924, -3.131693537528430049, 17.67766952966350047 ) ) ;
#4272 = EDGE_LOOP ( 'NONE', ( #3077, #1804 ) ) ;
#4273 = CARTESIAN_POINT ( 'NONE',  ( -48.36547583478686363, 11.04441462028589349, 50.22036152494297312 ) ) ;
#4274 = DIRECTION ( 'NONE',  ( 0.000000000000000000, 0.000000000000000000, -1.000000000000000000 ) ) ;
#4275 = CARTESIAN_POINT ( 'NONE',  ( -45.95955862857829999, 8.954375923019689765, 35.58107531292161241 ) ) ;
#4276 = EDGE_CURVE ( 'NONE', #4631, #4190, #2606, .T. ) ;
#4277 = CARTESIAN_POINT ( 'NONE',  ( -16.43163969906979460, 42.63093117909721741, 48.21754604472763361 ) ) ;
#4278 = AXIS2_PLACEMENT_3D ( 'NONE', #2442, #307, #4074 ) ;
#4279 = FACE_OUTER_BOUND ( 'NONE', #989, .T. ) ;
#4280 = CARTESIAN_POINT ( 'NONE',  ( -50.41427660478135664, 13.13184166132891484, 44.76847205351701575 ) ) ;
#4281 = ORIENTED_EDGE ( 'NONE', *, *, #5484, .T. ) ;
#4282 = CARTESIAN_POINT ( 'NONE',  ( -47.87739112606745095, 47.12038862863586530, 49.78836874756700581 ) ) ;
#4283 = CARTESIAN_POINT ( 'NONE',  ( -45.89189448872959787, 12.86571818637669828, 47.35882438196049549 ) ) ;
#4284 = VERTEX_POINT ( 'NONE', #5179 ) ;
#4285 = AXIS2_PLACEMENT_3D ( 'NONE', #2996, #4685, #1249 ) ;
#4286 = CARTESIAN_POINT ( 'NONE',  ( -47.59811073578330110, 8.954375923019691541, 34.56495894638185007 ) ) ;
#4287 = ORIENTED_EDGE ( 'NONE', *, *, #5408, .F. ) ;
#4288 = AXIS2_PLACEMENT_3D ( 'NONE', #3902, #1388, #63 ) ;
#4289 = AXIS2_PLACEMENT_3D ( 'NONE', #3466, #5169, #81 ) ;
#4290 = CARTESIAN_POINT ( 'NONE',  ( -16.87655334047534339, 47.26174774796997724, 45.14095211015177256 ) ) ;
#4291 = ORIENTED_EDGE ( 'NONE', *, *, #4088, .T. ) ;
#4292 = DIRECTION ( 'NONE',  ( 0.000000000000000000, 0.000000000000000000, -1.000000000000000000 ) ) ;
#4293 = AXIS2_PLACEMENT_3D ( 'NONE', #5369, #2856, #4547 ) ;
#4294 = ORIENTED_EDGE ( 'NONE', *, *, #1163, .F. ) ;
#4295 = AXIS2_PLACEMENT_3D ( 'NONE', #2128, #1288, #3414 ) ;
#4296 = DIRECTION ( 'NONE',  ( 0.000000000000000000, -1.000000000000000000, 0.000000000000000000 ) ) ;
#4297 = ORIENTED_EDGE ( 'NONE', *, *, #2530, .F. ) ;
#4298 = VERTEX_POINT ( 'NONE', #1418 ) ;
#4299 = DIRECTION ( 'NONE',  ( 0.000000000000000000, 0.000000000000000000, -1.000000000000000000 ) ) ;
#4300 = AXIS2_PLACEMENT_3D ( 'NONE', #4807, #3584, #944 ) ;
#4301 = AXIS2_PLACEMENT_3D ( 'NONE', #3367, #3861, #5083 ) ;
#4302 = CARTESIAN_POINT ( 'NONE',  ( -48.09875371637538422, 10.80726422916993812, 50.01598072193333167 ) ) ;
#4303 = DIRECTION ( 'NONE',  ( 0.7071067811865480168, 0.7071067811865470176, 0.000000000000000000 ) ) ;
#4304 = CARTESIAN_POINT ( 'NONE',  ( -32.10044120611970442, -11.13169353752843982, 0.000000000000000000 ) ) ;
#4305 = AXIS2_PLACEMENT_3D ( 'NONE', #2669, #3878, #482 ) ;
#4306 = EDGE_CURVE ( 'NONE', #2437, #1973, #1118, .T. ) ;
#4307 = B_SPLINE_CURVE_WITH_KNOTS ( 'NONE', 3,
 ( #2954, #3757, #1581, #412, #4550, #4986, #2447, #4644, #4234, #4127, #3679, #2883, #2547, #5446, #315, #5400, #5039, #1241, #1606, #1184, #3346, #4965 ),
 .UNSPECIFIED., .F., .F.,
 ( 4, 2, 2, 2, 2, 2, 2, 2, 2, 2, 4 ),
 ( 0.000000000000000000, 0.1250000000000010825, 0.1875000000000015266, 0.2500000000000019984, 0.3750000000000028866, 0.4375000000000026090, 0.5000000000000023315, 0.6250000000000017764, 0.7500000000000011102, 0.8750000000000005551, 1.000000000000000000 ),
 .UNSPECIFIED. ) ;
#4308 = AXIS2_PLACEMENT_3D ( 'NONE', #953, #4846, #108 ) ;
#4309 = FACE_OUTER_BOUND ( 'NONE', #4938, .T. ) ;
#4310 = DIRECTION ( 'NONE',  ( 0.000000000000000000, 0.7071067811865550112, 0.7071067811865400232 ) ) ;
#4311 = VERTEX_POINT ( 'NONE', #2693 ) ;
#4312 = CARTESIAN_POINT ( 'NONE',  ( -50.13593467016112726, 12.81693704354728780, 44.51110826365583506 ) ) ;
#4313 = ORIENTED_EDGE ( 'NONE', *, *, #2491, .F. ) ;
#4314 = AXIS2_PLACEMENT_3D ( 'NONE', #2147, #4358, #1394 ) ;
#4315 = EDGE_CURVE ( 'NONE', #3487, #3905, #570, .T. ) ;
#4316 = CARTESIAN_POINT ( 'NONE',  ( -50.44748503609999801, 39.42442845475014934, 54.85882444406049530 ) ) ;
#4317 = CARTESIAN_POINT ( 'NONE',  ( -49.77811073578359924, -3.131693537528430049, 17.67766952966350047 ) ) ;
#4319 = ORIENTED_EDGE ( 'NONE', *, *, #4989, .T. ) ;
#4318 = DIRECTION ( 'NONE',  ( 0.000000000000000000, 0.000000000000000000, 1.000000000000000000 ) ) ;
#4320 = VECTOR ( 'NONE', #3074, 999.9999999999998863 ) ;
#4321 = LINE ( 'NONE', #503, #4042 ) ;
#4322 = EDGE_LOOP ( 'NONE', ( #2670, #627, #1507, #1389 ) ) ;
#4323 = ORIENTED_EDGE ( 'NONE', *, *, #2552, .F. ) ;
#4324 = EDGE_CURVE ( 'NONE', #5259, #5216, #2619, .T. ) ;
#4325 = CARTESIAN_POINT ( 'NONE',  ( -17.24308596297400697, 47.56328931439099961, 45.79741801993876749 ) ) ;
#4326 = VERTEX_POINT ( 'NONE', #604 ) ;
#4327 = CARTESIAN_POINT ( 'NONE',  ( -32.29346926866904965, 28.86830646247155130, 39.85882444406045266 ) ) ;
#4328 = ORIENTED_EDGE ( 'NONE', *, *, #5054, .T. ) ;
#4329 = EDGE_CURVE ( 'NONE', #4631, #1670, #3997, .T. ) ;
#4330 = CARTESIAN_POINT ( 'NONE',  ( -17.04386765543948457, 47.40091883370733683, 49.31874297067328428 ) ) ;
#4331 = ORIENTED_EDGE ( 'NONE', *, *, #4603, .F. ) ;
#4332 = EDGE_LOOP ( 'NONE', ( #181, #3925, #1145, #4017 ) ) ;
#4333 = CARTESIAN_POINT ( 'NONE',  ( -54.47572988273390138, 21.12574138044965011, 54.85882444406049530 ) ) ;
#4334 = ORIENTED_EDGE ( 'NONE', *, *, #3523, .T. ) ;
#4335 = FACE_OUTER_BOUND ( 'NONE', #2039, .T. ) ;
#4336 = EDGE_CURVE ( 'NONE', #2286, #1524, #3153, .T. ) ;
#4337 = DIRECTION ( 'NONE',  ( 0.000000000000000000, -1.000000000000000000, 0.000000000000000000 ) ) ;
#4338 = DIRECTION ( 'NONE',  ( 0.000000000000000000, 0.000000000000000000, 1.000000000000000000 ) ) ;
#4339 = CARTESIAN_POINT ( 'NONE',  ( -8.003533875690029831, 13.86830646247156018, 21.27206602578905148 ) ) ;
#4340 = CARTESIAN_POINT ( 'NONE',  ( -17.04409213242738730, 10.33550995537046191, 45.39929312589869426 ) ) ;
#4341 = EDGE_CURVE ( 'NONE', #25, #2577, #4656, .T. ) ;
#4342 = ORIENTED_EDGE ( 'NONE', *, *, #2491, .T. ) ;
#4343 = CARTESIAN_POINT ( 'NONE',  ( -50.07432138970374069, 12.74871223978963641, 44.46706839504978603 ) ) ;
#4344 = ORIENTED_EDGE ( 'NONE', *, *, #1222, .F. ) ;
#4345 = CARTESIAN_POINT ( 'NONE',  ( -47.03664565640320205, 9.930546563270450378, 47.35882438196059496 ) ) ;
#4346 = CARTESIAN_POINT ( 'NONE',  ( -49.59811073578330110, 40.11429676277850120, 27.17766952966350047 ) ) ;
#4347 = CARTESIAN_POINT ( 'NONE',  ( -19.79346926866905321, 8.954375923019691541, 27.17766952966350047 ) ) ;
#4348 = CARTESIAN_POINT ( 'NONE',  ( -47.59811073578330820, 8.778437432214834857, 34.50100642005104845 ) ) ;
#4349 = VERTEX_POINT ( 'NONE', #2344 ) ;
#4350 = FACE_BOUND ( 'NONE', #4897, .T. ) ;
#4351 = CARTESIAN_POINT ( 'NONE',  ( -14.48490002427246459, 44.95724588826215040, 44.48636654367875565 ) ) ;
#4352 = EDGE_CURVE ( 'NONE', #714, #2496, #3947, .T. ) ;
#4353 = ORIENTED_EDGE ( 'NONE', *, *, #3004, .T. ) ;
#4354 = DIRECTION ( 'NONE',  ( 0.000000000000000000, 0.000000000000000000, 1.000000000000000000 ) ) ;
#4355 = ORIENTED_EDGE ( 'NONE', *, *, #1130, .F. ) ;
#4356 = CARTESIAN_POINT ( 'NONE',  ( -17.38414431090584600, 47.67554021135008924, 48.52094198139148773 ) ) ;
#4357 = ORIENTED_EDGE ( 'NONE', *, *, #3909, .F. ) ;
#4358 = DIRECTION ( 'NONE',  ( 0.000000000000000000, 0.000000000000000000, -1.000000000000000000 ) ) ;
#4359 = FACE_OUTER_BOUND ( 'NONE', #2130, .T. ) ;
#4360 = ADVANCED_FACE ( 'NONE', ( #4449 ), #2011, .F. ) ;
#4361 = CARTESIAN_POINT ( 'NONE',  ( -32.29346926866904965, 28.86830646247155130, -6.042575751263660422 ) ) ;
#4362 = FACE_BOUND ( 'NONE', #796, .T. ) ;
#4363 = CARTESIAN_POINT ( 'NONE',  ( -20.84114568449994920, 50.11429676277849410, 35.63383741123350035 ) ) ;
#4364 = CARTESIAN_POINT ( 'NONE',  ( -49.77811073578359924, -5.931693537528449411, 20.97766952966349763 ) ) ;
#4365 = CARTESIAN_POINT ( 'NONE',  ( -16.28092273749583541, 10.99121224786858875, 44.53787436120633458 ) ) ;
#4366 = ORIENTED_EDGE ( 'NONE', *, *, #1408, .T. ) ;
#4367 = CARTESIAN_POINT ( 'NONE',  ( -51.22117045943950586, 14.11204067588975875, 46.97220835039640718 ) ) ;
#4368 = CARTESIAN_POINT ( 'NONE',  ( -50.88889343880254756, 44.04154161692446223, 49.18255620047006005 ) ) ;
#4369 = B_SPLINE_CURVE_WITH_KNOTS ( 'NONE', 3,
 ( #3440, #1264, #5139, #1344, #2132, #4258, #3811, #5501, #1703, #3390, #5086, #438 ),
 .UNSPECIFIED., .F., .F.,
 ( 4, 1, 1, 1, 1, 2, 2, 4 ),
 ( 0.000000000000000000, 0.2500000000000264788, 0.3750000000000407452, 0.4375000000000478506, 0.4687500000000485723, 0.4843750000000489608, 0.5000000000000492939, 1.000000000000000000 ),
 .UNSPECIFIED. ) ;
#4370 = EDGE_CURVE ( 'NONE', #2730, #4464, #4508, .T. ) ;
#4371 = CARTESIAN_POINT ( 'NONE',  ( -47.03664565641080486, 47.80606636168079859, 47.35882438196049549 ) ) ;
#4372 = LINE ( 'NONE', #3187, #4648 ) ;
#4373 = CARTESIAN_POINT ( 'NONE',  ( -46.15585908665907766, 13.09370861931820684, 48.39565877415249417 ) ) ;
#4374 = CARTESIAN_POINT ( 'NONE',  ( -47.59811073578332241, 8.038825855136893850, 34.35882444406045977 ) ) ;
#4375 = ORIENTED_EDGE ( 'NONE', *, *, #5357, .T. ) ;
#4376 = AXIS2_PLACEMENT_3D ( 'NONE', #229, #4872, #2026 ) ;
#4377 = ORIENTED_EDGE ( 'NONE', *, *, #1395, .F. ) ;
#4378 = ADVANCED_FACE ( 'NONE', ( #5328 ), #4476, .F. ) ;
#4379 = CARTESIAN_POINT ( 'NONE',  ( -4.598110735783330405, -64.59143548592969353, 24.17766952966350047 ) ) ;
#4380 = VECTOR ( 'NONE', #2673, 1000.000000000000000 ) ;
#4381 = CARTESIAN_POINT ( 'NONE',  ( -14.34809328291401265, 44.80412805183583203, 44.59397078369637768 ) ) ;
#4382 = ORIENTED_EDGE ( 'NONE', *, *, #3714, .F. ) ;
#4383 = FACE_OUTER_BOUND ( 'NONE', #818, .T. ) ;
#4384 = ORIENTED_EDGE ( 'NONE', *, *, #2810, .F. ) ;
#4385 = VECTOR ( 'NONE', #3237, 1000.000000000000000 ) ;
#4386 = CARTESIAN_POINT ( 'NONE',  ( -16.56707011512970951, 46.99784632394865014, 49.93935939339279884 ) ) ;
#4387 = ORIENTED_EDGE ( 'NONE', *, *, #2516, .T. ) ;
#4388 = ORIENTED_EDGE ( 'NONE', *, *, #2892, .F. ) ;
#4389 = EDGE_CURVE ( 'NONE', #3941, #1234, #2097, .T. ) ;
#4390 = DIRECTION ( 'NONE',  ( 0.000000000000000000, 1.000000000000000000, 0.000000000000000000 ) ) ;
#4391 = DIRECTION ( 'NONE',  ( 0.000000000000000000, 0.000000000000000000, 1.000000000000000000 ) ) ;
#4392 = VECTOR ( 'NONE', #3821, 1000.000000000000000 ) ;
#4393 = VECTOR ( 'NONE', #1886, 1000.000000000000114 ) ;
#4394 = CARTESIAN_POINT ( 'NONE',  ( -50.99742829935563293, 13.82967013256490318, 48.88874876378451972 ) ) ;
#4395 = LINE ( 'NONE', #2208, #1363 ) ;
#4396 = FACE_OUTER_BOUND ( 'NONE', #114, .T. ) ;
#4397 = VECTOR ( 'NONE', #2125, 1000.000000000000000 ) ;
#4398 = CIRCLE ( 'NONE', #219, 3.300000000000000711 ) ;
#4399 = EDGE_CURVE ( 'NONE', #2041, #3311, #4108, .T. ) ;
#4400 = ADVANCED_FACE ( 'NONE', ( #4059 ), #2785, .F. ) ;
#4401 = CARTESIAN_POINT ( 'NONE',  ( -25.29346926866904965, 42.86830646247155130, 37.35882444406049530 ) ) ;
#4402 = CARTESIAN_POINT ( 'NONE',  ( -17.42831468561099584, 10.02610221611341679, 46.35649086556295373 ) ) ;
#4403 = VECTOR ( 'NONE', #3585, 1000.000000000000000 ) ;
#4404 = EDGE_LOOP ( 'NONE', ( #4331, #2367, #3073, #3983 ) ) ;
#4405 = DIRECTION ( 'NONE',  ( 1.000000000000000000, 0.000000000000000000, 0.000000000000000000 ) ) ;
#4406 = AXIS2_PLACEMENT_3D ( 'NONE', #4198, #1213, #4526 ) ;
#4407 = CARTESIAN_POINT ( 'NONE',  ( -51.10348020763085941, 43.77412825124452667, 48.50901852983704998 ) ) ;
#4408 = DIRECTION ( 'NONE',  ( 0.000000000000000000, 1.000000000000000000, 0.000000000000000000 ) ) ;
#4409 = VECTOR ( 'NONE', #1747, 1000.000000000000000 ) ;
#4410 = CARTESIAN_POINT ( 'NONE',  ( -16.72408550876865618, 42.96155646506258563, 45.99821560017038280 ) ) ;
#4411 = CARTESIAN_POINT ( 'NONE',  ( -47.59811073578330110, 18.86830646247155130, 24.35882444406049885 ) ) ;
#4412 = CARTESIAN_POINT ( 'NONE',  ( -51.23122916787830405, 43.61148285021336335, 46.97609071630311917 ) ) ;
#4413 = VECTOR ( 'NONE', #4813, 1000.000000000000000 ) ;
#4414 = EDGE_LOOP ( 'NONE', ( #487, #3471, #1714, #2400, #967, #760, #2582, #563, #4185, #3100, #3467, #3072, #4824, #154, #541, #605, #985, #3894, #123 ) ) ;
#4415 = EDGE_LOOP ( 'NONE', ( #2802, #1312, #4688, #2122, #119, #3635, #2303, #3872, #3375, #3402 ) ) ;
#4416 = VERTEX_POINT ( 'NONE', #5302 ) ;
#4417 = LINE ( 'NONE', #3193, #1141 ) ;
#4418 = CONICAL_SURFACE ( 'NONE', #1588, 3.499999999999999556, 0.7853981633974900234 ) ;
#4419 = CARTESIAN_POINT ( 'NONE',  ( -20.36165108684205194, 11.58734251724986031, 54.85882444406049530 ) ) ;
#4420 = ORIENTED_EDGE ( 'NONE', *, *, #314, .F. ) ;
#4421 = CYLINDRICAL_SURFACE ( 'NONE', #2614, 1.000000000000000888 ) ;
#4422 = ADVANCED_FACE ( 'NONE', ( #5385 ), #4535, .T. ) ;
#4423 = ORIENTED_EDGE ( 'NONE', *, *, #452, .T. ) ;
#4424 = CARTESIAN_POINT ( 'NONE',  ( -13.89445519967816267, 44.27857236103440641, 49.56736094641993162 ) ) ;
#4425 = ORIENTED_EDGE ( 'NONE', *, *, #1725, .T. ) ;
#4426 = FACE_OUTER_BOUND ( 'NONE', #1153, .T. ) ;
#4427 = CARTESIAN_POINT ( 'NONE',  ( -47.20945301299009600, 10.06635316147944792, 46.17442771829725245 ) ) ;
#4428 = CARTESIAN_POINT ( 'NONE',  ( -50.63478271811565889, 13.38944082217784803, 49.66002008240721466 ) ) ;
#4429 = CARTESIAN_POINT ( 'NONE',  ( -32.10044120611970442, -11.13169353752843982, 14.69999999999999929 ) ) ;
#4430 = CARTESIAN_POINT ( 'NONE',  ( -20.16009147496779974, 50.11429676277850120, 35.07474147773515938 ) ) ;
#4431 = ORIENTED_EDGE ( 'NONE', *, *, #555, .T. ) ;
#4432 = CARTESIAN_POINT ( 'NONE',  ( -46.06230141208978779, 44.72463509825468719, 46.50851489806957062 ) ) ;
#4433 = CARTESIAN_POINT ( 'NONE',  ( -16.35868374438268091, 10.92201206963592419, 44.59477813279590919 ) ) ;
#4434 = ORIENTED_EDGE ( 'NONE', *, *, #4510, .F. ) ;
#4435 = CARTESIAN_POINT ( 'NONE',  ( -14.59811073578332064, 50.11429676277849410, 27.17766952966350047 ) ) ;
#4436 = ADVANCED_FACE ( 'NONE', ( #1111 ), #4576, .F. ) ;
#4437 = VERTEX_POINT ( 'NONE', #740 ) ;
#4438 = CARTESIAN_POINT ( 'NONE',  ( -47.20955447133906802, 47.67017927605177618, 48.54355693788018300 ) ) ;
#4439 = DIRECTION ( 'NONE',  ( -1.000000000000000000, -2.775557561562889810E-17, 0.000000000000000000 ) ) ;
#4440 = FACE_BOUND ( 'NONE', #4883, .T. ) ;
#4441 = CARTESIAN_POINT ( 'NONE',  ( -55.62507748588622292, 36.89055154085356492, 34.85864156087152566 ) ) ;
#4442 = EDGE_LOOP ( 'NONE', ( #3117, #2808, #4802, #1128 ) ) ;
#4443 = ORIENTED_EDGE ( 'NONE', *, *, #3244, .F. ) ;
#4444 = EDGE_LOOP ( 'NONE', ( #35, #4531, #2867, #4342 ) ) ;
#4445 = ORIENTED_EDGE ( 'NONE', *, *, #4049, .F. ) ;
#4446 = CARTESIAN_POINT ( 'NONE',  ( -21.38018027042864944, 50.11429676277849410, 36.35882444406045266 ) ) ;
#4447 = CARTESIAN_POINT ( 'NONE',  ( -14.42277167645590019, 3.868306462471565066, -23.17766952966360350 ) ) ;
#4448 = EDGE_LOOP ( 'NONE', ( #619, #3337, #5254, #3105 ) ) ;
#4449 = FACE_OUTER_BOUND ( 'NONE', #4796, .T. ) ;
#4450 = ORIENTED_EDGE ( 'NONE', *, *, #4276, .F. ) ;
#4451 = CARTESIAN_POINT ( 'NONE',  ( -14.17953024804446116, 44.61267750764486095, 49.95682193532226734 ) ) ;
#4452 = EDGE_LOOP ( 'NONE', ( #648, #195, #3447, #62 ) ) ;
#4453 = DIRECTION ( 'NONE',  ( 0.000000000000000000, 0.000000000000000000, -1.000000000000000000 ) ) ;
#4454 = EDGE_CURVE ( 'NONE', #1666, #4792, #3728, .T. ) ;
#4455 = CARTESIAN_POINT ( 'NONE',  ( -39.29346926866904965, 42.86830646247155130, 39.85882444406045266 ) ) ;
#4456 = CARTESIAN_POINT ( 'NONE',  ( -50.57342560914710816, 13.31705075583405495, 49.75050773783665647 ) ) ;
#4457 = CARTESIAN_POINT ( 'NONE',  ( -43.68124909296380309, 49.99455721061779911, -6.042575751263660422 ) ) ;
#4458 = CARTESIAN_POINT ( 'NONE',  ( -55.33294445037790155, 3.868306462471565066, 21.27206602578909767 ) ) ;
#4459 = CARTESIAN_POINT ( 'NONE',  ( -14.52760287484736601, 12.73219827051690167, 44.45696064752903709 ) ) ;
#4460 = CARTESIAN_POINT ( 'NONE',  ( -47.45246296250179796, 43.40268934549514768, 45.70182206571764283 ) ) ;
#4461 = CARTESIAN_POINT ( 'NONE',  ( -17.01694389401836105, 10.35792986384685044, 45.35333695684154520 ) ) ;
#4462 = EDGE_LOOP ( 'NONE', ( #3048, #2527, #882, #2815 ) ) ;
#4463 = CARTESIAN_POINT ( 'NONE',  ( -19.95670779239629766, 51.75507810629869709, 36.35882444406050240 ) ) ;
#4464 = VERTEX_POINT ( 'NONE', #898 ) ;
#4465 = CARTESIAN_POINT ( 'NONE',  ( -11.32909421774971825, 14.09973489411209968, 23.68124034523389909 ) ) ;
#4466 = CARTESIAN_POINT ( 'NONE',  ( -55.87696573733217065, 20.80415917500049261, 34.67159906988583629 ) ) ;
#4467 = CARTESIAN_POINT ( 'NONE',  ( -17.55029288094124951, 9.930546563276779537, 47.35882438196049549 ) ) ;
#4468 = EDGE_LOOP ( 'NONE', ( #4353, #69, #851, #4025 ) ) ;
#4469 = ORIENTED_EDGE ( 'NONE', *, *, #2947, .T. ) ;
#4470 = ORIENTED_EDGE ( 'NONE', *, *, #5131, .F. ) ;
#4471 = PRODUCT_RELATED_PRODUCT_CATEGORY ( 'part', '', ( #1152 ) ) ;
#4472 = DIRECTION ( 'NONE',  ( -1.604026194902660034E-11, 1.000000000000000000, 0.000000000000000000 ) ) ;
#4473 = CARTESIAN_POINT ( 'NONE',  ( -15.32290652020355104, 45.83886921093699840, 47.35882438196059496 ) ) ;
#4474 = VECTOR ( 'NONE', #5191, 1000.000000000000000 ) ;
#4475 = ORIENTED_EDGE ( 'NONE', *, *, #5297, .T. ) ;
#4476 = CYLINDRICAL_SURFACE ( 'NONE', #1291, 31.50000000000000000 ) ;
#4477 = ORIENTED_EDGE ( 'NONE', *, *, #355, .F. ) ;
#4478 = CARTESIAN_POINT ( 'NONE',  ( -13.49167850483237707, 43.78449508850516025, 48.54389920875912878 ) ) ;
#4479 = VECTOR ( 'NONE', #4954, 1000.000000000000000 ) ;
#4480 = LINE ( 'NONE', #4830, #689 ) ;
#4481 = B_SPLINE_CURVE_WITH_KNOTS ( 'NONE', 3,
 ( #1065, #1938, #1535, #3617 ),
 .UNSPECIFIED., .F., .F.,
 ( 4, 4 ),
 ( 0.000000000000000000, 1.000000000000000000 ),
 .UNSPECIFIED. ) ;
#4482 = LINE ( 'NONE', #3174, #2967 ) ;
#4483 = DIRECTION ( 'NONE',  ( 0.000000000000000000, 0.000000000000000000, 1.000000000000000000 ) ) ;
#4484 = CARTESIAN_POINT ( 'NONE',  ( -47.03664565641080486, 47.80606636168079859, 47.35882438196049549 ) ) ;
#4485 = AXIS2_PLACEMENT_3D ( 'NONE', #5358, #1563, #3258 ) ;
#4486 = CARTESIAN_POINT ( 'NONE',  ( -19.28298819129826214, 50.11429676277849410, 34.67985951046169646 ) ) ;
#4487 = CARTESIAN_POINT ( 'NONE',  ( -49.77811073578359924, -3.131693537528430049, 20.97766952966349763 ) ) ;
#4488 = B_SPLINE_CURVE_WITH_KNOTS ( 'NONE', 3,
 ( #1313, #3804, #2616, #3855, #2585, #5132, #488, #4250, #430, #1753, #3409, #2540, #2148, #1235, #5105, #2949, #5057, #377, #453, #7, #2511, #1256, #5440, #4638, #4194, #1650, #2100, #3363, #2926, #3382, #4228, #1695, #5076, #1336, #3005, #408, #4302, #5493, #3026, #2173, #3338, #4273, #3433, #2975, #4666, #910, #3781, #4713, #5033, #1360, #99, #3882, #546, #3053, #5190, #3456, #3976, #998, #186, #3141, #1874, #5156, #4003, #3525, #5220, #4835, #1900, #1397, #580, #1452, #5277, #1034, #1425, #4456, #70, #4428, #163, #3581, #1485, #3113, #4805, #641, #2765, #1810, #3086, #2259, #4749, #2702, #4394, #2296, #3175, #1779, #2736, #3551, #2674, #4865, #5244, #3943 ),
 .UNSPECIFIED., .F., .F.,
 ( 4, 2, 2, 1, 1, 1, 2, 2, 2, 2, 2, 1, 1, 2, 2, 2, 2, 1, 1, 1, 1, 2, 2, 2, 2, 1, 1, 2, 2, 2, 2, 2, 1, 1, 1, 2, 2, 2, 2, 1, 1, 1, 2, 2, 2, 2, 2, 1, 2, 2, 2, 2, 2, 2, 1, 1, 2, 2, 4 ),
 ( 0.000000000000000000, 0.06250000000001468270, 0.09375000000002217670, 0.1093750000000271727, 0.1171875000000299205, 0.1210937500000303646, 0.1230468750000309197, 0.1250000000000314748, 0.1875000000000359712, 0.2187500000000386358, 0.2343750000000399125, 0.2421875000000398293, 0.2460937500000403289, 0.2480468750000401068, 0.2500000000000399125, 0.2812500000000402456, 0.2968750000000398015, 0.3046875000000393574, 0.3085937500000389133, 0.3105468750000370259, 0.3115234375000360822, 0.3120117187500371370, 0.3125000000000381917, 0.3437500000000912048, 0.3593750000001182388, 0.3671875000001312284, 0.3710937500001376677, 0.3730468750001404432, 0.3750000000001431633, 0.5000000000003057554, 0.5625000000003880229, 0.5937500000004292122, 0.6093750000004507505, 0.6171875000004605205, 0.6210937500004664047, 0.6230468750004704015, 0.6250000000004745093, 0.6562500000005139222, 0.6718750000005337952, 0.6796875000005438983, 0.6835937500005483392, 0.6855468750005503376, 0.6865234375005506706, 0.6875000000005510037, 0.7187500000004992673, 0.7343750000004733991, 0.7421875000004609646, 0.7460937500004550804, 0.7480468750004511946, 0.7500000000004473089, 0.8125000000003361755, 0.8281250000003088640, 0.8320312500003014256, 0.8359375000002938760, 0.8437500000002788880, 0.8593750000002491340, 0.8671875000002353673, 0.8750000000002216005, 1.000000000000000000 ),
 .UNSPECIFIED. ) ;
#4489 = VECTOR ( 'NONE', #2824, 1000.000000000000000 ) ;
#4490 = DIRECTION ( 'NONE',  ( 0.000000000000000000, 1.000000000000000000, 0.000000000000000000 ) ) ;
#4491 = CARTESIAN_POINT ( 'NONE',  ( -32.29346926866904965, 28.86830646247155130, 54.85882444406049530 ) ) ;
#4492 = DIRECTION ( 'NONE',  ( 0.4744908260107932874, 0.8802604478400668508, 0.000000000000000000 ) ) ;
#4493 = EDGE_CURVE ( 'NONE', #4629, #4988, #1648, .T. ) ;
#4494 = AXIS2_PLACEMENT_3D ( 'NONE', #3251, #1057, #5406 ) ;
#4495 = CIRCLE ( 'NONE', #2098, 5.000000000000000888 ) ;
#4496 = VERTEX_POINT ( 'NONE', #1826 ) ;
#4497 = CARTESIAN_POINT ( 'NONE',  ( -18.19451310662486065, 44.43197883814217164, 46.00583004252919039 ) ) ;
#4498 = CONICAL_SURFACE ( 'NONE', #1571, 3.499999999999999556, 0.7853981633974984611 ) ;
#4499 = CARTESIAN_POINT ( 'NONE',  ( -54.95282232632759190, 20.95921555339652897, 36.11569702275844662 ) ) ;
#4500 = CARTESIAN_POINT ( 'NONE',  ( -14.50345814931154642, 12.75882148301965202, 50.24428163774692280 ) ) ;
#4501 = ORIENTED_EDGE ( 'NONE', *, *, #5080, .T. ) ;
#4502 = EDGE_CURVE ( 'NONE', #5340, #3155, #5208, .T. ) ;
#4503 = ORIENTED_EDGE ( 'NONE', *, *, #4705, .F. ) ;
#4504 = DIRECTION ( 'NONE',  ( 0.000000000000000000, 1.000000000000000000, 0.000000000000000000 ) ) ;
#4505 = CARTESIAN_POINT ( 'NONE',  ( -59.59811073578330110, -6.131693537528450477, 17.78130422224800000 ) ) ;
#4506 = VECTOR ( 'NONE', #5113, 1000.000000000000000 ) ;
#4507 = EDGE_LOOP ( 'NONE', ( #341, #1348 ) ) ;
#4508 = LINE ( 'NONE', #3690, #4215 ) ;
#4509 = ORIENTED_EDGE ( 'NONE', *, *, #4922, .T. ) ;
#4510 = EDGE_CURVE ( 'NONE', #1481, #2539, #1411, .T. ) ;
#4511 = ADVANCED_FACE ( 'NONE', ( #24 ), #2311, .T. ) ;
#4512 = CARTESIAN_POINT ( 'NONE',  ( -15.88114609029393165, 46.38363826756322794, 50.43064936885944149 ) ) ;
#4513 = AXIS2_PLACEMENT_3D ( 'NONE', #451, #1718, #2612 ) ;
#4514 = DIRECTION ( 'NONE',  ( 0.000000000000000000, 0.000000000000000000, -1.000000000000000000 ) ) ;
#4515 = CARTESIAN_POINT ( 'NONE',  ( -48.29601098412201310, 15.26982644997951510, 47.13677714754152248 ) ) ;
#4516 = DIRECTION ( 'NONE',  ( 0.000000000000000000, 1.000000000000000000, 0.000000000000000000 ) ) ;
#4517 = CIRCLE ( 'NONE', #2641, 2.000000000000000444 ) ;
#4518 = DIRECTION ( 'NONE',  ( 0.000000000000000000, 0.000000000000000000, 1.000000000000000000 ) ) ;
#4519 = FACE_OUTER_BOUND ( 'NONE', #2481, .T. ) ;
#4520 = ADVANCED_FACE ( 'NONE', ( #2599 ), #1381, .F. ) ;
#4521 = DIRECTION ( 'NONE',  ( 0.000000000000000000, 0.7071067811865140440, 0.7071067811865809905 ) ) ;
#4522 = DIRECTION ( 'NONE',  ( -1.000000000000000000, 0.000000000000000000, 0.000000000000000000 ) ) ;
#4523 = VERTEX_POINT ( 'NONE', #2190 ) ;
#4524 = DIRECTION ( 'NONE',  ( 0.000000000000000000, -1.000000000000000000, 0.000000000000000000 ) ) ;
#4525 = ORIENTED_EDGE ( 'NONE', *, *, #888, .T. ) ;
#4526 = DIRECTION ( 'NONE',  ( 0.7071067811865475727, -0.7071067811865475727, 0.000000000000000000 ) ) ;
#4527 = ADVANCED_FACE ( 'NONE', ( #3423 ), #57, .F. ) ;
#4528 = CARTESIAN_POINT ( 'NONE',  ( -14.12082499218649900, 13.09982524202330012, 47.35882438196049549 ) ) ;
#4529 = CARTESIAN_POINT ( 'NONE',  ( -16.57834723941888200, 10.72895429087421704, 49.92856296162207030 ) ) ;
#4530 = ORIENTED_EDGE ( 'NONE', *, *, #3192, .F. ) ;
#4531 = ORIENTED_EDGE ( 'NONE', *, *, #3192, .T. ) ;
#4532 = LINE ( 'NONE', #2482, #3518 ) ;
#4533 = CARTESIAN_POINT ( 'NONE',  ( -16.59811073578335083, 18.86830646247155130, 27.17766952966350047 ) ) ;
#4534 = ORIENTED_EDGE ( 'NONE', *, *, #802, .T. ) ;
#4535 = CYLINDRICAL_SURFACE ( 'NONE', #3246, 1.000000000000000888 ) ;
#4536 = EDGE_LOOP ( 'NONE', ( #663, #2048, #2213, #4384 ) ) ;
#4537 = CARTESIAN_POINT ( 'NONE',  ( -14.11599914808169309, 44.53935683980614613, 49.88531651819295121 ) ) ;
#4538 = DIRECTION ( 'NONE',  ( -1.000000000000000000, 0.000000000000000000, 0.000000000000000000 ) ) ;
#4539 = LINE ( 'NONE', #1150, #1719 ) ;
#4540 = CARTESIAN_POINT ( 'NONE',  ( -54.95282232633920216, 36.77739737154699640, 36.35882444406045266 ) ) ;
#4541 = ORIENTED_EDGE ( 'NONE', *, *, #2993, .T. ) ;
#4542 = CARTESIAN_POINT ( 'NONE',  ( -14.52351954928044009, 12.73669485005948410, 44.45969201740371091 ) ) ;
#4543 = DIRECTION ( 'NONE',  ( 0.000000000000000000, 1.000000000000000000, 0.000000000000000000 ) ) ;
#4544 = EDGE_CURVE ( 'NONE', #816, #1863, #2357, .T. ) ;
#4545 = CARTESIAN_POINT ( 'NONE',  ( -14.42277167645602098, 3.868306462471565066, 17.67766952966370297 ) ) ;
#4546 = DIRECTION ( 'NONE',  ( 0.000000000000000000, -1.000000000000000000, 0.000000000000000000 ) ) ;
#4547 = DIRECTION ( 'NONE',  ( -1.000000000000000000, 0.000000000000000000, 0.000000000000000000 ) ) ;
#4548 = EDGE_LOOP ( 'NONE', ( #4503, #2189, #794 ) ) ;
#4549 = CARTESIAN_POINT ( 'NONE',  ( -15.32290652020355104, 45.83886921093699840, 47.35882438196059496 ) ) ;
#4550 = CARTESIAN_POINT ( 'NONE',  ( -48.14905728614826330, 42.63798754807638147, 48.21193739497746833 ) ) ;
#4551 = CARTESIAN_POINT ( 'NONE',  ( -16.49285608907926104, 10.80338817284340713, 50.00955550866651578 ) ) ;
#4552 = ORIENTED_EDGE ( 'NONE', *, *, #645, .T. ) ;
#4553 = CARTESIAN_POINT ( 'NONE',  ( -20.36165108685115399, 11.58734251726305864, 89.74078634214809824 ) ) ;
#4554 = PLANE ( 'NONE',  #2014 ) ;
#4555 = EDGE_LOOP ( 'NONE', ( #2253, #3869, #352, #1372 ) ) ;
#4556 = CARTESIAN_POINT ( 'NONE',  ( -47.20294806307484237, 47.67541825383509746, 46.19618634874981922 ) ) ;
#4557 = VERTEX_POINT ( 'NONE', #5146 ) ;
#4558 = EDGE_CURVE ( 'NONE', #4769, #175, #562, .T. ) ;
#4559 = DIRECTION ( 'NONE',  ( 0.000000000000000000, 1.000000000000000000, 0.000000000000000000 ) ) ;
#4560 = CARTESIAN_POINT ( 'NONE',  ( -59.59811073578330110, -1.131693537528442040, 34.35882444406045266 ) ) ;
#4561 = CARTESIAN_POINT ( 'NONE',  ( -43.20675826695154598, 50.11429676277849410, 54.85882444406049530 ) ) ;
#4562 = CARTESIAN_POINT ( 'NONE',  ( -13.69809907314971831, 13.69500571190820892, 49.18267993408677796 ) ) ;
#4563 = EDGE_CURVE ( 'NONE', #1112, #2780, #3592, .T. ) ;
#4564 = DIRECTION ( 'NONE',  ( 0.000000000000000000, 0.000000000000000000, -1.000000000000000000 ) ) ;
#4565 = DIRECTION ( 'NONE',  ( 0.000000000000000000, -1.000000000000000000, 0.000000000000000000 ) ) ;
#4566 = VECTOR ( 'NONE', #1090, 1000.000000000000000 ) ;
#4567 = DIRECTION ( 'NONE',  ( 0.000000000000000000, 0.7071067811865550112, -0.7071067811865400232 ) ) ;
#4568 = DIRECTION ( 'NONE',  ( -0.7071067811865475727, 0.7071067811865475727, 0.000000000000000000 ) ) ;
#4569 = CARTESIAN_POINT ( 'NONE',  ( -55.45881884575224774, 36.86274008382998346, 35.02839046035422399 ) ) ;
#4570 = ORIENTED_EDGE ( 'NONE', *, *, #555, .F. ) ;
#4571 = AXIS2_PLACEMENT_3D ( 'NONE', #3776, #3019, #3844 ) ;
#4572 = EDGE_CURVE ( 'NONE', #3430, #25, #4321, .T. ) ;
#4573 = CONICAL_SURFACE ( 'NONE', #5003, 3.149999999999998135, 0.7853981633974456145 ) ;
#4574 = DIRECTION ( 'NONE',  ( 0.000000000000000000, 0.000000000000000000, -1.000000000000000000 ) ) ;
#4575 = CARTESIAN_POINT ( 'NONE',  ( -41.29346926866904965, 16.86830646247155130, 39.85882444406045266 ) ) ;
#4576 = CONICAL_SURFACE ( 'NONE', #1377, 3.300000000000000711, 0.7853981633974476129 ) ;
#4577 = CARTESIAN_POINT ( 'NONE',  ( -16.53767129862481866, 10.76430503386825244, 49.96776536349104703 ) ) ;
#4578 = CIRCLE ( 'NONE', #2533, 23.99999999998344791 ) ;
#4579 = VERTEX_POINT ( 'NONE', #148 ) ;
#4580 = CARTESIAN_POINT ( 'NONE',  ( -14.42277167645590019, -2.931693537528434756, -17.67766952966359995 ) ) ;
#4581 = CONICAL_SURFACE ( 'NONE', #2623, 3.300000000000000711, 0.7853981633974399523 ) ;
#4582 = AXIS2_PLACEMENT_3D ( 'NONE', #3059, #5135, #3808 ) ;
#4583 = CARTESIAN_POINT ( 'NONE',  ( -52.12040319412919587, 21.94785191702779770, 39.85882444406045266 ) ) ;
#4584 = EDGE_CURVE ( 'NONE', #5225, #3208, #5231, .T. ) ;
#4585 = EDGE_LOOP ( 'NONE', ( #2692, #1952, #1895, #3629, #1775, #709, #1302, #3216 ) ) ;
#4586 = CARTESIAN_POINT ( 'NONE',  ( -49.80234958003938317, 45.28302454887784023, 44.31634217921862984 ) ) ;
#4587 = VECTOR ( 'NONE', #5000, 999.9999999999998863 ) ;
#4588 = ORIENTED_EDGE ( 'NONE', *, *, #3567, .F. ) ;
#4589 = EDGE_CURVE ( 'NONE', #739, #175, #5275, .T. ) ;
#4590 = CARTESIAN_POINT ( 'NONE',  ( -14.42277167645602098, -6.131693537528450477, 17.67766952966370297 ) ) ;
#4591 = EDGE_CURVE ( 'NONE', #3992, #3191, #1204, .T. ) ;
#4592 = CYLINDRICAL_SURFACE ( 'NONE', #748, 3.300000000000000711 ) ;
#4593 = CARTESIAN_POINT ( 'NONE',  ( -14.17136568827999099, 13.13333402640934722, 49.94772640643051176 ) ) ;
#4594 = CIRCLE ( 'NONE', #324, 10.00000000000000000 ) ;
#4595 = CARTESIAN_POINT ( 'NONE',  ( -49.77811073578330081, 3.868306462471565066, -17.67766952966370297 ) ) ;
#4596 = DIRECTION ( 'NONE',  ( 0.000000000000000000, 0.000000000000000000, -1.000000000000000000 ) ) ;
#4597 = AXIS2_PLACEMENT_3D ( 'NONE', #2426, #4105, #2006 ) ;
#4598 = DIRECTION ( 'NONE',  ( 0.000000000000000000, -1.000000000000000000, 0.000000000000000000 ) ) ;
#4599 = CARTESIAN_POINT ( 'NONE',  ( -59.59811073578330110, -1.131693537528442040, 34.35882444406045266 ) ) ;
#4600 = CARTESIAN_POINT ( 'NONE',  ( -55.71964365177564815, 36.90640620895226220, 34.77886564585321594 ) ) ;
#4601 = ORIENTED_EDGE ( 'NONE', *, *, #4399, .T. ) ;
#4602 = DIRECTION ( 'NONE',  ( -0.7071067811865475727, 0.7071067811865475727, 0.000000000000000000 ) ) ;
#4603 = EDGE_CURVE ( 'NONE', #2710, #2292, #1726, .T. ) ;
#4604 = CARTESIAN_POINT ( 'NONE',  ( -18.86939385715870898, 8.954375923019689765, 35.89167098283429880 ) ) ;
#4605 = FACE_OUTER_BOUND ( 'NONE', #785, .T. ) ;
#4606 = EDGE_LOOP ( 'NONE', ( #1498, #3854, #2343, #4187 ) ) ;
#4607 = CARTESIAN_POINT ( 'NONE',  ( -49.77811073578330081, -2.931693537528434756, -21.17766952966370297 ) ) ;
#4608 = LINE ( 'NONE', #2082, #305 ) ;
#4609 = ORIENTED_EDGE ( 'NONE', *, *, #405, .T. ) ;
#4610 = CARTESIAN_POINT ( 'NONE',  ( -48.26337985041654832, 46.78374311680121167, 44.56856563811120253 ) ) ;
#4611 = ORIENTED_EDGE ( 'NONE', *, *, #5473, .F. ) ;
#4612 = CARTESIAN_POINT ( 'NONE',  ( -17.06123921160826029, 14.41183234224919829, 48.97170277760722712 ) ) ;
#4613 = DIRECTION ( 'NONE',  ( 0.000000000000000000, -1.000000000000000000, 0.000000000000000000 ) ) ;
#4614 = CARTESIAN_POINT ( 'NONE',  ( -46.15940791246962505, 50.11429676277849410, 34.45836638926269302 ) ) ;
#4615 = FACE_BOUND ( 'NONE', #66, .T. ) ;
#4616 = EDGE_CURVE ( 'NONE', #1655, #3691, #1737, .T. ) ;
#4617 = DIRECTION ( 'NONE',  ( 1.000000000000000000, -7.432326359296179171E-16, 0.000000000000000000 ) ) ;
#4618 = CARTESIAN_POINT ( 'NONE',  ( -49.26403201714849445, 45.83886921095099609, 47.35882438196049549 ) ) ;
#4619 = LINE ( 'NONE', #1257, #550 ) ;
#4620 = CARTESIAN_POINT ( 'NONE',  ( -54.99901566858624591, 36.78567930268594210, 35.85712979427514568 ) ) ;
#4621 = ADVANCED_FACE ( 'NONE', ( #174 ), #5396, .F. ) ;
#4622 = CARTESIAN_POINT ( 'NONE',  ( -49.77811073578359924, -6.131693537528450477, 17.67766952966350047 ) ) ;
#4623 = FACE_OUTER_BOUND ( 'NONE', #36, .T. ) ;
#4624 = DIRECTION ( 'NONE',  ( 0.000000000000000000, 0.000000000000000000, 1.000000000000000000 ) ) ;
#4625 = CARTESIAN_POINT ( 'NONE',  ( -32.29346926866904965, 28.86830646247155130, 36.35882444406050240 ) ) ;
#4626 = ORIENTED_EDGE ( 'NONE', *, *, #1908, .F. ) ;
#4627 = CARTESIAN_POINT ( 'NONE',  ( -48.60259969664064528, 46.47545032584237390, 50.35421322866099558 ) ) ;
#4628 = CARTESIAN_POINT ( 'NONE',  ( -55.33294445037790155, 13.86830646247156018, 21.27206602578909767 ) ) ;
#4629 = VERTEX_POINT ( 'NONE', #784 ) ;
#4630 = CARTESIAN_POINT ( 'NONE',  ( -50.54597643718896194, 44.45172736481116260, 44.92985388068625241 ) ) ;
#4631 = VERTEX_POINT ( 'NONE', #2495 ) ;
#4632 = EDGE_CURVE ( 'NONE', #4214, #1523, #571, .T. ) ;
#4633 = CARTESIAN_POINT ( 'NONE',  ( -15.32290652020365052, 11.89774371400618058, 47.35882438196049549 ) ) ;
#4634 = EDGE_LOOP ( 'NONE', ( #3689, #4098, #4443, #529 ) ) ;
#4635 = CARTESIAN_POINT ( 'NONE',  ( -45.51761177401152025, 50.11429676277850831, 34.61209887818285580 ) ) ;
#4636 = CARTESIAN_POINT ( 'NONE',  ( -59.59811073578330110, -3.786771474836654772, 21.27206602578909767 ) ) ;
#4637 = DIRECTION ( 'NONE',  ( 0.000000000000000000, 1.000000000000000000, 0.000000000000000000 ) ) ;
#4638 = CARTESIAN_POINT ( 'NONE',  ( -47.68675327874944969, 10.45508154318865479, 49.54330370513005732 ) ) ;
#4639 = FACE_OUTER_BOUND ( 'NONE', #964, .T. ) ;
#4640 = CIRCLE ( 'NONE', #197, 1.000000000000000888 ) ;
#4641 = FACE_OUTER_BOUND ( 'NONE', #661, .T. ) ;
#4642 = AXIS2_PLACEMENT_3D ( 'NONE', #3142, #3642, #4866 ) ;
#4643 = DIRECTION ( 'NONE',  ( 1.000000000000000000, 0.000000000000000000, 0.000000000000000000 ) ) ;
#4644 = CARTESIAN_POINT ( 'NONE',  ( -47.86375918252492312, 42.96052803197756731, 48.71778558184550434 ) ) ;
#4645 = ADVANCED_FACE ( 'NONE', ( #757 ), #2443, .T. ) ;
#4646 = CARTESIAN_POINT ( 'NONE',  ( -16.34821135292409622, 12.92304854672666004, 47.35882438196049549 ) ) ;
#4647 = CARTESIAN_POINT ( 'NONE',  ( -4.598110735783330405, -6.131693537528450477, 24.17766952966350047 ) ) ;
#4648 = VECTOR ( 'NONE', #1464, 1000.000000000000000 ) ;
#4649 = ORIENTED_EDGE ( 'NONE', *, *, #452, .F. ) ;
#4650 = CARTESIAN_POINT ( 'NONE',  ( -47.74372468356973087, 47.23373686916684022, 49.62217525014491315 ) ) ;
#4651 = VECTOR ( 'NONE', #320, 1000.000000000000000 ) ;
#4652 = CARTESIAN_POINT ( 'NONE',  ( -32.10044120611970442, -11.13169353752843982, -14.69999999999999929 ) ) ;
#4653 = ADVANCED_FACE ( 'NONE', ( #5006 ), #2907, .F. ) ;
#4654 = CARTESIAN_POINT ( 'NONE',  ( -50.06029151493068952, 45.00336312964122243, 44.45759182614015259 ) ) ;
#4655 = ORIENTED_EDGE ( 'NONE', *, *, #4902, .F. ) ;
#4656 = CIRCLE ( 'NONE', #4494, 1.000000000000000888 ) ;
#4657 = VECTOR ( 'NONE', #441, 1000.000000000000000 ) ;
#4658 = CARTESIAN_POINT ( 'NONE',  ( -59.59811073578330110, -6.131693537528450477, 17.78130422224800000 ) ) ;
#4659 = VECTOR ( 'NONE', #2049, 999.9999999999998863 ) ;
#4660 = ADVANCED_FACE ( 'NONE', ( #5442 ), #3341, .F. ) ;
#4661 = ORIENTED_EDGE ( 'NONE', *, *, #3516, .T. ) ;
#4662 = DIRECTION ( 'NONE',  ( 1.000000000000000000, 0.000000000000000000, 0.000000000000000000 ) ) ;
#4663 = DIRECTION ( 'NONE',  ( 0.000000000000000000, 0.000000000000000000, 1.000000000000000000 ) ) ;
#4664 = PRODUCT_DEFINITION_FORMATION_WITH_SPECIFIED_SOURCE ( 'ä»', '', #1152, .NOT_KNOWN. ) ;
#4665 = CARTESIAN_POINT ( 'NONE',  ( -14.42277167645602098, 3.868306462471565066, 17.67766952966370297 ) ) ;
#4666 = CARTESIAN_POINT ( 'NONE',  ( -48.41064100063941567, 11.08525848952174009, 50.24907860221512834 ) ) ;
#4667 = VECTOR ( 'NONE', #2853, 1000.000000000000000 ) ;
#4668 = CARTESIAN_POINT ( 'NONE',  ( 212.7065307313310143, 28.86830646222155394, 54.85882444406049530 ) ) ;
#4669 = CARTESIAN_POINT ( 'NONE',  ( -41.29346926866904965, 16.86830646247155130, 37.35882444406049530 ) ) ;
#4670 = EDGE_CURVE ( 'NONE', #1973, #2437, #386, .T. ) ;
#4671 = AXIS2_PLACEMENT_3D ( 'NONE', #2821, #1531, #4914 ) ;
#4672 = CARTESIAN_POINT ( 'NONE',  ( -48.03316003433074854, 10.75030062147340715, 44.76534528617874287 ) ) ;
#4673 = CARTESIAN_POINT ( 'NONE',  ( -16.34821135292409622, 44.81356437821644789, 47.35882438196059496 ) ) ;
#4674 = DIRECTION ( 'NONE',  ( 0.000000000000000000, 0.000000000000000000, 1.000000000000000000 ) ) ;
#4675 = EDGE_CURVE ( 'NONE', #4284, #1356, #3492, .T. ) ;
#4676 = CARTESIAN_POINT ( 'NONE',  ( -49.77811073578359924, -5.931693537528449411, 17.67766952966350047 ) ) ;
#4677 = CIRCLE ( 'NONE', #2300, 1.000000000000000888 ) ;
#4678 = DIRECTION ( 'NONE',  ( -1.174967791074170047E-15, 0.000000000000000000, -1.000000000000000000 ) ) ;
#4679 = EDGE_CURVE ( 'NONE', #2660, #5233, #3384, .T. ) ;
#4680 = CARTESIAN_POINT ( 'NONE',  ( -48.36291759097779419, 46.69467114818042575, 50.21994730101936000 ) ) ;
#4681 = DIRECTION ( 'NONE',  ( 1.000000000000000000, 0.000000000000000000, 0.000000000000000000 ) ) ;
#4682 = CARTESIAN_POINT ( 'NONE',  ( -32.29346926866904965, 28.86830646247155130, 36.35882444406050240 ) ) ;
#4683 = CARTESIAN_POINT ( 'NONE',  ( -50.39882749542461227, 44.62254528372105256, 44.75136662249050801 ) ) ;
#4684 = VERTEX_POINT ( 'NONE', #456 ) ;
#4685 = DIRECTION ( 'NONE',  ( -0.7071067811865475727, 0.7071067811865475727, 0.000000000000000000 ) ) ;
#4686 = VERTEX_POINT ( 'NONE', #2150 ) ;
#4687 = CARTESIAN_POINT ( 'NONE',  ( -17.58910261897647587, 8.954375923019691541, 34.79399808518218862 ) ) ;
#4688 = ORIENTED_EDGE ( 'NONE', *, *, #4315, .T. ) ;
#4689 = EDGE_LOOP ( 'NONE', ( #510, #280, #1742, #2644 ) ) ;
#4690 = CARTESIAN_POINT ( 'NONE',  ( -52.29178331392370183, 14.28573076751572124, 24.17766952966350047 ) ) ;
#4691 = DIRECTION ( 'NONE',  ( 0.000000000000000000, 0.000000000000000000, 1.000000000000000000 ) ) ;
#4692 = SURFACE_SIDE_STYLE ('',( #972 ) ) ;
#4693 = CARTESIAN_POINT ( 'NONE',  ( -45.67787558700251083, 8.954375923019691541, 35.94482986190048734 ) ) ;
#4694 = DIRECTION ( 'NONE',  ( 0.7071067811865475727, 0.7071067811865475727, 0.000000000000000000 ) ) ;
#4695 = CYLINDRICAL_SURFACE ( 'NONE', #2181, 1.000000000000000888 ) ;
#4696 = LINE ( 'NONE', #891, #4999 ) ;
#4697 = LINE ( 'NONE', #3065, #4506 ) ;
#4698 = CARTESIAN_POINT ( 'NONE',  ( -47.79115342210792505, 47.19370233953625871, 49.68404589005532301 ) ) ;
#4699 = CARTESIAN_POINT ( 'NONE',  ( -49.77811073578330081, -6.131693537528450477, -21.17766952966370297 ) ) ;
#4700 = LINE ( 'NONE', #470, #4925 ) ;
#4701 = CARTESIAN_POINT ( 'NONE',  ( -50.81120089206407187, 44.13665638821296255, 45.35198487000168655 ) ) ;
#4702 = ORIENTED_EDGE ( 'NONE', *, *, #2594, .T. ) ;
#4703 = CARTESIAN_POINT ( 'NONE',  ( -15.59063152593959600, 46.10335579793203209, 44.22727377581915675 ) ) ;
#4704 = VERTEX_POINT ( 'NONE', #9 ) ;
#4705 = EDGE_CURVE ( 'NONE', #4988, #4742, #4863, .T. ) ;
#4706 = CYLINDRICAL_SURFACE ( 'NONE', #566, 3.300000000000000711 ) ;
#4707 = VERTEX_POINT ( 'NONE', #410 ) ;
#4708 = CARTESIAN_POINT ( 'NONE',  ( -16.32285200615249110, 46.78311328270824987, 50.14960596990091801 ) ) ;
#4709 = VERTEX_POINT ( 'NONE', #2175 ) ;
#4710 = ORIENTED_EDGE ( 'NONE', *, *, #1173, .T. ) ;
#4711 = CARTESIAN_POINT ( 'NONE',  ( -20.79346926864519673, 9.954375923019689765, 54.85882444406049530 ) ) ;
#4712 = EDGE_CURVE ( 'NONE', #574, #3655, #3055, .T. ) ;
#4713 = CARTESIAN_POINT ( 'NONE',  ( -48.99668838279023930, 11.63049699547661042, 50.50823983734939304 ) ) ;
#4714 = CARTESIAN_POINT ( 'NONE',  ( -54.75872720338940525, 13.86830646247156018, 21.88268894962254763 ) ) ;
#4715 = ADVANCED_FACE ( 'NONE', ( #3857 ), #4934, .F. ) ;
#4716 = FACE_OUTER_BOUND ( 'NONE', #2800, .T. ) ;
#4717 = CARTESIAN_POINT ( 'NONE',  ( -49.77811073578359924, -5.931693537528449411, 20.97766952966349763 ) ) ;
#4718 = CONICAL_SURFACE ( 'NONE', #4819, 3.499999999999999556, 0.7853981633974900234 ) ;
#4719 = LINE ( 'NONE', #2106, #2376 ) ;
#4720 = VERTEX_POINT ( 'NONE', #1284 ) ;
#4721 = CARTESIAN_POINT ( 'NONE',  ( -51.14948586495805216, 14.02065659369839423, 46.43039671619987985 ) ) ;
#4722 = ORIENTED_EDGE ( 'NONE', *, *, #679, .F. ) ;
#4723 = EDGE_CURVE ( 'NONE', #4298, #2633, #2285, .T. ) ;
#4724 = CIRCLE ( 'NONE', #5081, 5.500000000000000000 ) ;
#4725 = FACE_OUTER_BOUND ( 'NONE', #5268, .T. ) ;
#4726 = LINE ( 'NONE', #5168, #476 ) ;
#4728 = ORIENTED_EDGE ( 'NONE', *, *, #4057, .F. ) ;
#4727 = CARTESIAN_POINT ( 'NONE',  ( -14.42277167645602098, 3.868306462471565066, 12.17766952966370120 ) ) ;
#4729 = AXIS2_PLACEMENT_3D ( 'NONE', #4880, #660, #4055 ) ;
#4730 = CARTESIAN_POINT ( 'NONE',  ( -54.31095715547309766, 37.08294139986200122, -6.042575751263660422 ) ) ;
#4731 = VERTEX_POINT ( 'NONE', #1364 ) ;
#4732 = EDGE_LOOP ( 'NONE', ( #5419, #244 ) ) ;
#4733 = CIRCLE ( 'NONE', #2365, 31.50000000000000000 ) ;
#4734 = AXIS2_PLACEMENT_3D ( 'NONE', #5062, #2859, #4180 ) ;
#4735 = ADVANCED_FACE ( 'NONE', ( #2565 ), #2951, .F. ) ;
#4736 = CARTESIAN_POINT ( 'NONE',  ( -16.74858967421538836, 47.15354870436956247, 44.97477529124589779 ) ) ;
#4737 = ORIENTED_EDGE ( 'NONE', *, *, #2952, .T. ) ;
#4738 = CARTESIAN_POINT ( 'NONE',  ( -49.77811073578359924, 3.868306462471565066, 17.67766952966350047 ) ) ;
#4739 = EDGE_LOOP ( 'NONE', ( #1248, #2942, #949, #4710, #3557, #2197, #496 ) ) ;
#4740 = VECTOR ( 'NONE', #1157, 1000.000000000000000 ) ;
#4741 = CARTESIAN_POINT ( 'NONE',  ( -25.29346926866904965, 42.86830646247155130, 39.85882444406045266 ) ) ;
#4742 = VERTEX_POINT ( 'NONE', #1338 ) ;
#4743 = EDGE_LOOP ( 'NONE', ( #3649, #3128, #483, #3606 ) ) ;
#4744 = DIRECTION ( 'NONE',  ( 0.000000000000000000, 0.000000000000000000, 1.000000000000000000 ) ) ;
#4745 = ADVANCED_FACE ( 'NONE', ( #4641 ), #1209, .F. ) ;
#4746 = AXIS2_PLACEMENT_3D ( 'NONE', #1066, #582, #2299 ) ;
#4747 = VECTOR ( 'NONE', #5474, 1000.000000000000000 ) ;
#4748 = ORIENTED_EDGE ( 'NONE', *, *, #1926, .F. ) ;
#4749 = CARTESIAN_POINT ( 'NONE',  ( -50.98794662212959850, 13.81787761829844285, 48.91708838276238680 ) ) ;
#4750 = CARTESIAN_POINT ( 'NONE',  ( -45.38022713868549829, 8.954375923019691541, 36.35882444406045266 ) ) ;
#4751 = CLOSED_SHELL ( 'NONE', ( #3197, #5143, #2022, #5397, #3279, #4745, #1538, #5342, #5021, #3734, #2602, #4899, #2425, #3596, #1851, #2194, #1339, #3825, #799, #2561, #3017, #4436, #1787, #3534, #2851, #78, #5481, #2185, #4786, #1814, #3946, #2176, #4853, #1038, #4360, #2152, #4188, #2256, #4225, #4735, #4527, #4511, #5075, #5115, #1370, #4199, #152, #1968, #4422, #786, #2305, #40, #807, #2462, #4621, #3398, #1595, #1705, #3181, #901, #3670, #2387, #4400, #4177, #703, #525, #564, #194, #3758, #425, #5001, #2741, #2438, #5250, #2936, #1544, #4759, #1770, #3490, #4007, #1778, #3739, #2396, #4253, #2379, #5121, #46, #263, #4227, #2683, #1216, #5195, #4378, #2788, #360, #1986, #4094, #3416, #558, #2360, #4520, #2929, #3761, #1678, #4660, #2142, #2126, #1259, #4815, #3835, #4645, #1373, #1018, #3095, #640, #852, #2589, #3912, #819, #2414, #4653, #420, #3385, #3779, #1146, #1156, #3899, #281, #3114, #5234, #1665, #5177, #156, #4715, #3476, #2264, #2796, #2161, #3559, #1465, #687 ) ) ;
#4752 = CARTESIAN_POINT ( 'NONE',  ( -16.29092818268056320, 42.46678721570712867, 47.58440980055856784 ) ) ;
#4753 = CYLINDRICAL_SURFACE ( 'NONE', #2281, 3.300000000000000711 ) ;
#4754 = ORIENTED_EDGE ( 'NONE', *, *, #4833, .T. ) ;
#4755 = CARTESIAN_POINT ( 'NONE',  ( -50.90845480317825178, 13.71978558850577912, 45.58570174307317302 ) ) ;
#4756 = ORIENTED_EDGE ( 'NONE', *, *, #5472, .T. ) ;
#4757 = VECTOR ( 'NONE', #38, 1000.000000000000000 ) ;
#4758 = FACE_OUTER_BOUND ( 'NONE', #2279, .T. ) ;
#4759 = ADVANCED_FACE ( 'NONE', ( #4716 ), #72, .T. ) ;
#4760 = CARTESIAN_POINT ( 'NONE',  ( -16.29088099257809930, 42.46673168252819863, 47.35882438196059496 ) ) ;
#4762 = ORIENTED_EDGE ( 'NONE', *, *, #4887, .F. ) ;
#4761 = CARTESIAN_POINT ( 'NONE',  ( -46.20995340729645307, 13.14133509445098191, 48.48280443075689305 ) ) ;
#4763 = CIRCLE ( 'NONE', #1311, 3.499999999999999556 ) ;
#4764 = DIRECTION ( 'NONE',  ( 0.000000000000000000, 0.000000000000000000, 1.000000000000000000 ) ) ;
#4765 = EDGE_LOOP ( 'NONE', ( #803, #3624, #5415, #1186 ) ) ;
#4766 = ORIENTED_EDGE ( 'NONE', *, *, #1094, .F. ) ;
#4767 = FACE_OUTER_BOUND ( 'NONE', #1056, .T. ) ;
#4768 = CARTESIAN_POINT ( 'NONE',  ( -13.87098932074299462, 44.25051786721807190, 45.19026582395026992 ) ) ;
#4769 = VERTEX_POINT ( 'NONE', #3884 ) ;
#4770 = DIRECTION ( 'NONE',  ( 0.000000000000000000, 0.000000000000000000, 1.000000000000000000 ) ) ;
#4771 = ORIENTED_EDGE ( 'NONE', *, *, #5497, .T. ) ;
#4772 = CARTESIAN_POINT ( 'NONE',  ( -17.12049100311336147, 47.46393901666049686, 49.18205818675269825 ) ) ;
#4773 = EDGE_LOOP ( 'NONE', ( #2192, #2205, #3171, #1307 ) ) ;
#4774 = VERTEX_POINT ( 'NONE', #1781 ) ;
#4775 = FACE_OUTER_BOUND ( 'NONE', #2840, .T. ) ;
#4776 = CARTESIAN_POINT ( 'NONE',  ( -47.26699817498273859, 10.11199092390016929, 45.99839125592563960 ) ) ;
#4777 = DIRECTION ( 'NONE',  ( 0.000000000000000000, 0.000000000000000000, -1.000000000000000000 ) ) ;
#4778 = FACE_OUTER_BOUND ( 'NONE', #4548, .T. ) ;
#4779 = CARTESIAN_POINT ( 'NONE',  ( -56.19734853654929907, -64.59143548592969353, 23.27206602578910122 ) ) ;
#4780 = EDGE_CURVE ( 'NONE', #3951, #4984, #5015, .T. ) ;
#4781 = ORIENTED_EDGE ( 'NONE', *, *, #2136, .T. ) ;
#4782 = CARTESIAN_POINT ( 'NONE',  ( -16.31884605349824469, 42.49984670996430225, 47.80127121683156588 ) ) ;
#4783 = DIRECTION ( 'NONE',  ( 0.000000000000000000, 0.000000000000000000, 1.000000000000000000 ) ) ;
#4784 = EDGE_LOOP ( 'NONE', ( #5094, #4044, #1663, #139 ) ) ;
#4785 = DIRECTION ( 'NONE',  ( 2.775557561562889810E-17, -1.000000000000000000, 0.000000000000000000 ) ) ;
#4786 = ADVANCED_FACE ( 'NONE', ( #1487 ), #4581, .F. ) ;
#4787 = CARTESIAN_POINT ( 'NONE',  ( -50.92521471662947619, 43.99693293514111758, 49.09307630680065415 ) ) ;
#4788 = DIRECTION ( 'NONE',  ( -1.000000000000000000, 0.000000000000000000, 0.000000000000000000 ) ) ;
#4789 = CARTESIAN_POINT ( 'NONE',  ( -32.10044120611970442, -11.13169353752843982, -14.69999999999999929 ) ) ;
#4790 = CARTESIAN_POINT ( 'NONE',  ( -48.15529883827386470, 15.10568174584389389, 48.21754604446029902 ) ) ;
#4791 = CARTESIAN_POINT ( 'NONE',  ( -51.07537717438755465, 43.80958067168290171, 46.09370016366041511 ) ) ;
#4792 = VERTEX_POINT ( 'NONE', #1813 ) ;
#4793 = ORIENTED_EDGE ( 'NONE', *, *, #5345, .T. ) ;
#4794 = LINE ( 'NONE', #1384, #1668 ) ;
#4795 = CARTESIAN_POINT ( 'NONE',  ( -13.48641288896202894, 43.77785515634809599, 46.19594996381701435 ) ) ;
#4796 = EDGE_LOOP ( 'NONE', ( #4377, #3608, #4355, #2222, #3966, #1615, #1933 ) ) ;
#4797 = DIRECTION ( 'NONE',  ( 0.000000000000000000, 0.000000000000000000, -1.000000000000000000 ) ) ;
#4798 = ORIENTED_EDGE ( 'NONE', *, *, #1385, .F. ) ;
#4799 = EDGE_CURVE ( 'NONE', #5209, #2660, #3252, .T. ) ;
#4800 = CARTESIAN_POINT ( 'NONE',  ( -16.57298197671444484, 47.00296635366315456, 49.93353133248947984 ) ) ;
#4801 = ORIENTED_EDGE ( 'NONE', *, *, #2288, .T. ) ;
#4802 = ORIENTED_EDGE ( 'NONE', *, *, #5140, .F. ) ;
#4803 = CARTESIAN_POINT ( 'NONE',  ( -54.95282232633920216, 36.77739737154699640, 36.35882444406050240 ) ) ;
#4804 = CARTESIAN_POINT ( 'NONE',  ( -47.87675025865766543, 10.61567839499223176, 44.93001740388839238 ) ) ;
#4805 = CARTESIAN_POINT ( 'NONE',  ( -50.69783735905552646, 13.46443478095485524, 49.55835251425808963 ) ) ;
#4806 = SURFACE_STYLE_USAGE ( .BOTH. , #4692 ) ;
#4807 = CARTESIAN_POINT ( 'NONE',  ( -49.77811073578330081, -5.931693537528449411, -17.67766952966370297 ) ) ;
#4808 = CARTESIAN_POINT ( 'NONE',  ( -4.598110735783330405, 18.86830646247155130, 27.17766952966350047 ) ) ;
#4809 = CARTESIAN_POINT ( 'NONE',  ( -15.88137002384176455, 11.35273466900320827, 44.28684840181308147 ) ) ;
#4810 = EDGE_LOOP ( 'NONE', ( #5251, #321, #1017, #2060 ) ) ;
#4811 = CARTESIAN_POINT ( 'NONE',  ( -51.13566832798525752, 14.00314540277999598, 46.35646491903139577 ) ) ;
#4812 = CARTESIAN_POINT ( 'NONE',  ( -51.14941720971571470, 43.71604369770781773, 48.28763253698839009 ) ) ;
#4813 = DIRECTION ( 'NONE',  ( 0.000000000000000000, 0.000000000000000000, -1.000000000000000000 ) ) ;
#4814 = CARTESIAN_POINT ( 'NONE',  ( -11.88169931206801699, 14.22246216194758262, 24.02609607098861133 ) ) ;
#4815 = ADVANCED_FACE ( 'NONE', ( #1400, #4396 ), #2235, .T. ) ;
#4816 = CARTESIAN_POINT ( 'NONE',  ( -39.29346926866904965, 42.86830646247155130, 37.35882444406049530 ) ) ;
#4817 = DIRECTION ( 'NONE',  ( 0.000000000000000000, 0.000000000000000000, 1.000000000000000000 ) ) ;
#4818 = ORIENTED_EDGE ( 'NONE', *, *, #1762, .T. ) ;
#4819 = AXIS2_PLACEMENT_3D ( 'NONE', #256, #3706, #1602 ) ;
#4820 = ORIENTED_EDGE ( 'NONE', *, *, #645, .F. ) ;
#4821 = DIRECTION ( 'NONE',  ( 1.000000000000000000, 2.942091015256665227E-15, 8.659560562354909439E-17 ) ) ;
#4822 = AXIS2_PLACEMENT_3D ( 'NONE', #2384, #723, #5245 ) ;
#4823 = CARTESIAN_POINT ( 'NONE',  ( -14.51265753783583179, 44.98794377062068151, 44.46704707197565654 ) ) ;
#4824 = ORIENTED_EDGE ( 'NONE', *, *, #1646, .T. ) ;
#4825 = DIRECTION ( 'NONE',  ( 0.000000000000000000, 0.000000000000000000, -1.000000000000000000 ) ) ;
#4826 = VERTEX_POINT ( 'NONE', #164 ) ;
#4827 = VECTOR ( 'NONE', #2044, 1000.000000000000000 ) ;
#4828 = CARTESIAN_POINT ( 'NONE',  ( -13.92784356201486062, 44.31832962472234527, 49.62186470792091342 ) ) ;
#4829 = ORIENTED_EDGE ( 'NONE', *, *, #1832, .T. ) ;
#4830 = CARTESIAN_POINT ( 'NONE',  ( -49.77811073578359924, 3.868306462471565066, 12.17766952966349869 ) ) ;
#4831 = EDGE_CURVE ( 'NONE', #4, #5324, #1729, .T. ) ;
#4832 = CARTESIAN_POINT ( 'NONE',  ( -48.42385850930460833, 11.09724662963964192, 44.46043383799013071 ) ) ;
#4833 = EDGE_CURVE ( 'NONE', #2041, #4851, #1512, .T. ) ;
#4834 = AXIS2_PLACEMENT_3D ( 'NONE', #3765, #2864, #5092 ) ;
#4835 = CARTESIAN_POINT ( 'NONE',  ( -50.38450539196018951, 13.09761951175343775, 49.98184915441677134 ) ) ;
#4836 = DIRECTION ( 'NONE',  ( 1.000000000000000000, 0.000000000000000000, 0.000000000000000000 ) ) ;
#4837 = DIRECTION ( 'NONE',  ( 0.8729526911357009533, 0.4878048780393011152, 0.000000000000000000 ) ) ;
#4838 = AXIS2_PLACEMENT_3D ( 'NONE', #1783, #3862, #1728 ) ;
#4839 = AXIS2_PLACEMENT_3D ( 'NONE', #1706, #1298, #2187 ) ;
#4840 = CARTESIAN_POINT ( 'NONE',  ( -45.89194928116655348, 44.87084817792493396, 47.13677714753000458 ) ) ;
#4841 = CARTESIAN_POINT ( 'NONE',  ( -17.53720437200349025, 9.940604529706327241, 46.97222059115618009 ) ) ;
#4842 = VECTOR ( 'NONE', #3030, 1000.000000000000000 ) ;
#4843 = ORIENTED_EDGE ( 'NONE', *, *, #1908, .T. ) ;
#4844 = CARTESIAN_POINT ( 'NONE',  ( -50.41646516670597578, 13.13436295771882278, 44.77092142801183883 ) ) ;
#4845 = ORIENTED_EDGE ( 'NONE', *, *, #1790, .F. ) ;
#4846 = DIRECTION ( 'NONE',  ( 0.000000000000000000, 1.000000000000000000, 0.000000000000000000 ) ) ;
#4847 = VECTOR ( 'NONE', #328, 1000.000000000000000 ) ;
#4848 = CARTESIAN_POINT ( 'NONE',  ( -17.13294710353501671, 43.40109650405344865, 45.70236405454870265 ) ) ;
#4849 = CARTESIAN_POINT ( 'NONE',  ( -8.293469268685608853, 28.86830646247155130, 36.35882444406050240 ) ) ;
#4850 = CARTESIAN_POINT ( 'NONE',  ( -56.18171914908938902, 36.98303101805473858, 34.51344637177076891 ) ) ;
#4851 = VERTEX_POINT ( 'NONE', #5222 ) ;
#4852 = VERTEX_POINT ( 'NONE', #3116 ) ;
#4853 = ADVANCED_FACE ( 'NONE', ( #2675 ), #1000, .T. ) ;
#4854 = DIRECTION ( 'NONE',  ( -1.000000000000000000, 0.000000000000000000, 0.000000000000000000 ) ) ;
#4855 = CIRCLE ( 'NONE', #2195, 10.00000000000000178 ) ;
#4856 = FACE_OUTER_BOUND ( 'NONE', #1015, .T. ) ;
#4857 = VERTEX_POINT ( 'NONE', #548 ) ;
#4858 = DIRECTION ( 'NONE',  ( -0.8918248000155974964, -0.4523809523809986799, 0.000000000000000000 ) ) ;
#4859 = ORIENTED_EDGE ( 'NONE', *, *, #4502, .F. ) ;
#4860 = DIRECTION ( 'NONE',  ( 0.000000000000000000, 0.000000000000000000, 1.000000000000000000 ) ) ;
#4861 = ORIENTED_EDGE ( 'NONE', *, *, #1750, .T. ) ;
#4862 = DIRECTION ( 'NONE',  ( 0.000000000000000000, -1.000000000000000000, 0.000000000000000000 ) ) ;
#4863 = B_SPLINE_CURVE_WITH_KNOTS ( 'NONE', 3,
 ( #4750, #3007, #3783, #5107, #4693, #2588, #1315, #2542, #1724, #5158, #5471, #4275, #4231 ),
 .UNSPECIFIED., .F., .F.,
 ( 4, 1, 1, 1, 1, 1, 2, 2, 4 ),
 ( 0.000000000000000000, 0.2499999999996806999, 0.3749999999995263789, 0.4374999999994644284, 0.4687499999994262923, 0.4843749999994173550, 0.4921874999994312327, 0.4999999999994449995, 1.000000000000000000 ),
 .UNSPECIFIED. ) ;
#4864 = CARTESIAN_POINT ( 'NONE',  ( -14.42277167645602098, 3.868306462471565066, 23.17766952966369942 ) ) ;
#4865 = CARTESIAN_POINT ( 'NONE',  ( -51.19067911800145509, 14.07243239189934769, 48.14207562824931586 ) ) ;
#4866 = DIRECTION ( 'NONE',  ( -8.673617379884033500E-16, 0.000000000000000000, 1.000000000000000000 ) ) ;
#4867 = CARTESIAN_POINT ( 'NONE',  ( -49.59811073578330110, 50.11429676277849410, 27.17766952966350047 ) ) ;
#4868 = ORIENTED_EDGE ( 'NONE', *, *, #2435, .F. ) ;
#4869 = CARTESIAN_POINT ( 'NONE',  ( -13.89234867489584069, 13.46055275082517610, 45.15378026641474918 ) ) ;
#4870 = CARTESIAN_POINT ( 'NONE',  ( -49.77811073578330081, -6.131693537528450477, -17.67766952966370297 ) ) ;
#4871 = DIRECTION ( 'NONE',  ( 0.000000000000000000, 0.000000000000000000, 1.000000000000000000 ) ) ;
#4872 = DIRECTION ( 'NONE',  ( 0.000000000000000000, 0.000000000000000000, 1.000000000000000000 ) ) ;
#4873 = VERTEX_POINT ( 'NONE', #3491 ) ;
#4874 = DIRECTION ( 'NONE',  ( 0.000000000000000000, 0.000000000000000000, -1.000000000000000000 ) ) ;
#4875 = DIRECTION ( 'NONE',  ( 0.000000000000000000, -1.000000000000000000, 0.000000000000000000 ) ) ;
#4876 = CARTESIAN_POINT ( 'NONE',  ( -17.35153639692771321, 10.08697396770785737, 48.62603859389956540 ) ) ;
#4877 = ORIENTED_EDGE ( 'NONE', *, *, #1977, .T. ) ;
#4878 = VERTEX_POINT ( 'NONE', #4033 ) ;
#4879 = DIRECTION ( 'NONE',  ( 0.000000000000000000, 1.000000000000000000, 0.000000000000000000 ) ) ;
#4880 = CARTESIAN_POINT ( 'NONE',  ( -14.42277167645590019, 3.868306462471565066, -17.67766952966359995 ) ) ;
#4881 = VERTEX_POINT ( 'NONE', #4867 ) ;
#4882 = CARTESIAN_POINT ( 'NONE',  ( -43.20675826695154598, 49.11429676277849410, 54.85882444406049530 ) ) ;
#4883 = EDGE_LOOP ( 'NONE', ( #4525, #91 ) ) ;
#4884 = CARTESIAN_POINT ( 'NONE',  ( -15.05710726611677863, 45.56978934428914130, 50.49012021372979575 ) ) ;
#4885 = DIRECTION ( 'NONE',  ( 0.000000000000000000, 0.000000000000000000, 1.000000000000000000 ) ) ;
#4886 = CARTESIAN_POINT ( 'NONE',  ( -53.75115091154360414, 21.37865067310974609, 39.85882444406045266 ) ) ;
#4887 = EDGE_CURVE ( 'NONE', #1752, #2280, #845, .T. ) ;
#4888 = LINE ( 'NONE', #5334, #1011 ) ;
#4889 = DIRECTION ( 'NONE',  ( 0.000000000000000000, 0.000000000000000000, -1.000000000000000000 ) ) ;
#4890 = CARTESIAN_POINT ( 'NONE',  ( -19.34353428394227947, 50.11429676277847989, 34.70043439627392701 ) ) ;
#4891 = CARTESIAN_POINT ( 'NONE',  ( -13.53717296227585720, 13.89475308892528105, 45.99832201464862180 ) ) ;
#4892 = EDGE_CURVE ( 'NONE', #64, #4349, #1570, .T. ) ;
#4893 = DIRECTION ( 'NONE',  ( 0.000000000000000000, -0.7071067811865140440, 0.7071067811865809905 ) ) ;
#4894 = DIRECTION ( 'NONE',  ( 0.000000000000000000, 0.000000000000000000, 1.000000000000000000 ) ) ;
#4895 = EDGE_LOOP ( 'NONE', ( #3454, #498 ) ) ;
#4896 = CARTESIAN_POINT ( 'NONE',  ( -59.59811073578330110, 3.868306462471565066, 17.78130422224800000 ) ) ;
#4897 = EDGE_LOOP ( 'NONE', ( #4469, #1765 ) ) ;
#4898 = FACE_OUTER_BOUND ( 'NONE', #1911, .T. ) ;
#4899 = ADVANCED_FACE ( 'NONE', ( #2648 ), #3178, .T. ) ;
#4900 = CARTESIAN_POINT ( 'NONE',  ( -56.53409549797027722, 20.69601405573554942, 34.39883613191636158 ) ) ;
#4901 = CARTESIAN_POINT ( 'NONE',  ( -14.77771199634405797, 12.45645327326507790, 50.43035237430004969 ) ) ;
#4902 = EDGE_CURVE ( 'NONE', #2003, #4709, #475, .T. ) ;
#4903 = ORIENTED_EDGE ( 'NONE', *, *, #4780, .F. ) ;
#4904 = VERTEX_POINT ( 'NONE', #973 ) ;
#4905 = CARTESIAN_POINT ( 'NONE',  ( -47.59811073578330110, 18.86830646247155130, 22.17766952966350047 ) ) ;
#4906 = LINE ( 'NONE', #3605, #3148 ) ;
#4907 = CIRCLE ( 'NONE', #2520, 15.69999999999999929 ) ;
#4908 = ORIENTED_EDGE ( 'NONE', *, *, #1744, .F. ) ;
#4909 = CARTESIAN_POINT ( 'NONE',  ( -32.29346926866904965, 28.86830646247155130, 39.85882444406045266 ) ) ;
#4910 = ORIENTED_EDGE ( 'NONE', *, *, #1890, .F. ) ;
#4911 = CARTESIAN_POINT ( 'NONE',  ( -13.88935650528823551, 44.27248322942217129, 49.55878398113346606 ) ) ;
#4912 = EDGE_CURVE ( 'NONE', #575, #2246, #5279, .T. ) ;
#4913 = VECTOR ( 'NONE', #4785, 1000.000000000000000 ) ;
#4914 = DIRECTION ( 'NONE',  ( -1.000000000000000000, 0.000000000000000000, 0.000000000000000000 ) ) ;
#4915 = DIRECTION ( 'NONE',  ( 1.000000000000000000, 0.000000000000000000, 0.000000000000000000 ) ) ;
#4916 = EDGE_CURVE ( 'NONE', #4073, #4496, #534, .T. ) ;
#4917 = CARTESIAN_POINT ( 'NONE',  ( -16.59811073578330110, 18.86830646247155130, 39.35882444406044556 ) ) ;
#4918 = CIRCLE ( 'NONE', #4220, 5.499999999999998224 ) ;
#4919 = FACE_OUTER_BOUND ( 'NONE', #4442, .T. ) ;
#4920 = VECTOR ( 'NONE', #5382, 1000.000000000000114 ) ;
#4921 = DIRECTION ( 'NONE',  ( -0.3295454545448914807, 0.9441397107360758323, 0.000000000000000000 ) ) ;
#4922 = EDGE_CURVE ( 'NONE', #5237, #3691, #810, .T. ) ;
#4923 = B_SPLINE_CURVE_WITH_KNOTS ( 'NONE', 3,
 ( #5430, #422, #1689, #398, #2965, #3818, #364, #2087, #3376, #4612, #3771, #2920, #5485, #5049, #773, #2895, #3720, #3796, #1667, #2460, #743, #5507 ),
 .UNSPECIFIED., .F., .F.,
 ( 4, 2, 2, 2, 2, 2, 2, 2, 2, 2, 4 ),
 ( 0.000000000000000000, 0.1249999999999970024, 0.1874999999999972800, 0.2499999999999975575, 0.3749999999999962808, 0.4374999999999963918, 0.4999999999999964473, 0.6249999999999973355, 0.7499999999999982236, 0.8749999999999991118, 1.000000000000000000 ),
 .UNSPECIFIED. ) ;
#4924 = VECTOR ( 'NONE', #1963, 1000.000000000000000 ) ;
#4925 = VECTOR ( 'NONE', #2277, 1000.000000000000000 ) ;
#4926 = CARTESIAN_POINT ( 'NONE',  ( -48.29605754476660451, 42.46673168253495589, 47.35882438196039601 ) ) ;
#4927 = DIRECTION ( 'NONE',  ( 0.000000000000000000, -1.000000000000000000, 0.000000000000000000 ) ) ;
#4928 = ORIENTED_EDGE ( 'NONE', *, *, #2431, .F. ) ;
#4929 = LINE ( 'NONE', #620, #1002 ) ;
#4930 = AXIS2_PLACEMENT_3D ( 'NONE', #4730, #4817, #2686 ) ;
#4931 = CIRCLE ( 'NONE', #2538, 5.499999999999998224 ) ;
#4932 = ORIENTED_EDGE ( 'NONE', *, *, #3980, .F. ) ;
#4933 = CARTESIAN_POINT ( 'NONE',  ( -19.20671139866825072, 9.954375923019689765, 36.35882444406045266 ) ) ;
#4934 = CONICAL_SURFACE ( 'NONE', #224, 3.150000000000003464, 0.7853981633974560506 ) ;
#4935 = AXIS2_PLACEMENT_3D ( 'NONE', #2799, #4598, #2390 ) ;
#4936 = DIRECTION ( 'NONE',  ( 0.000000000000000000, 0.000000000000000000, 1.000000000000000000 ) ) ;
#4937 = CARTESIAN_POINT ( 'NONE',  ( -17.24309952586180827, 10.17378242391391119, 48.91694772312421691 ) ) ;
#4938 = EDGE_LOOP ( 'NONE', ( #4649, #1014, #5462, #603 ) ) ;
#4939 = EDGE_LOOP ( 'NONE', ( #1541, #4040, #183, #2449, #634, #1462, #2784, #4434 ) ) ;
#4940 = B_SPLINE_CURVE_WITH_KNOTS ( 'NONE', 3,
 ( #1236, #1624, #3309, #783 ),
 .UNSPECIFIED., .F., .F.,
 ( 4, 4 ),
 ( -8.944271909874220716E-06, 0.0008947108150822849276 ),
 .UNSPECIFIED. ) ;
#4941 = AXIS2_PLACEMENT_3D ( 'NONE', #2046, #2560, #1673 ) ;
#4942 = EDGE_CURVE ( 'NONE', #1909, #2219, #1289, .T. ) ;
#4943 = DIRECTION ( 'NONE',  ( 0.000000000000000000, 0.000000000000000000, -1.000000000000000000 ) ) ;
#4944 = DIRECTION ( 'NONE',  ( 0.000000000000000000, -1.000000000000000000, 0.000000000000000000 ) ) ;
#4945 = ORIENTED_EDGE ( 'NONE', *, *, #3702, .F. ) ;
#4946 = DIRECTION ( 'NONE',  ( -1.000000000000000000, 0.000000000000000000, 0.000000000000000000 ) ) ;
#4947 = VERTEX_POINT ( 'NONE', #4201 ) ;
#4948 = CARTESIAN_POINT ( 'NONE',  ( -13.69414651641327829, 44.03704799315132590, 49.18143953663926027 ) ) ;
#4949 = AXIS2_PLACEMENT_3D ( 'NONE', #3747, #1233, #5491 ) ;
#4950 = DIRECTION ( 'NONE',  ( 0.000000000000000000, -1.000000000000000000, 0.000000000000000000 ) ) ;
#4951 = CARTESIAN_POINT ( 'NONE',  ( -69.59811073578329399, -6.131693537528450477, 17.78130422224800000 ) ) ;
#4952 = FACE_OUTER_BOUND ( 'NONE', #4415, .T. ) ;
#4953 = VECTOR ( 'NONE', #5403, 1000.000000000000114 ) ;
#4954 = DIRECTION ( 'NONE',  ( 0.000000000000000000, 0.000000000000000000, -1.000000000000000000 ) ) ;
#4955 = FACE_OUTER_BOUND ( 'NONE', #237, .T. ) ;
#4956 = FACE_OUTER_BOUND ( 'NONE', #5468, .T. ) ;
#4957 = CARTESIAN_POINT ( 'NONE',  ( -14.12082499218645815, 44.63678768291985222, 47.35882438196059496 ) ) ;
#4958 = DIRECTION ( 'NONE',  ( 0.000000000000000000, 0.000000000000000000, -1.000000000000000000 ) ) ;
#4959 = EDGE_CURVE ( 'NONE', #502, #4968, #2982, .T. ) ;
#4960 = LINE ( 'NONE', #1910, #2698 ) ;
#4961 = DIRECTION ( 'NONE',  ( 0.000000000000000000, 1.000000000000000000, 0.000000000000000000 ) ) ;
#4962 = ORIENTED_EDGE ( 'NONE', *, *, #2587, .F. ) ;
#4963 = PRODUCT_DEFINITION_SHAPE ( 'NONE', 'NONE',  #2506 ) ;
#4964 = DIRECTION ( 'NONE',  ( 0.000000000000000000, 0.000000000000000000, 1.000000000000000000 ) ) ;
#4965 = CARTESIAN_POINT ( 'NONE',  ( -45.89189448873229793, 44.87089473856914168, 47.35882438196049549 ) ) ;
#4966 = EDGE_CURVE ( 'NONE', #5216, #2643, #4719, .T. ) ;
#4967 = CARTESIAN_POINT ( 'NONE',  ( -14.46938533903446533, 12.79651293236034704, 50.22022127848165951 ) ) ;
#4968 = VERTEX_POINT ( 'NONE', #3009 ) ;
#4969 = PLANE ( 'NONE',  #147 ) ;
#4970 = CARTESIAN_POINT ( 'NONE',  ( -32.10044120611970442, -11.13169353752843982, 0.000000000000000000 ) ) ;
#4971 = EDGE_CURVE ( 'NONE', #4852, #5340, #5375, .T. ) ;
#4972 = VERTEX_POINT ( 'NONE', #3787 ) ;
#4973 = CARTESIAN_POINT ( 'NONE',  ( -47.42209712375821340, 47.50005002312464342, 45.62457198665156710 ) ) ;
#4974 = ORIENTED_EDGE ( 'NONE', *, *, #385, .F. ) ;
#4975 = DIRECTION ( 'NONE',  ( 0.000000000000000000, 0.000000000000000000, 1.000000000000000000 ) ) ;
#4976 = DIRECTION ( 'NONE',  ( -1.000000000000000000, 0.000000000000000000, 0.000000000000000000 ) ) ;
#4977 = CARTESIAN_POINT ( 'NONE',  ( -49.77811073578359924, -2.931693537528434756, 17.67766952966350047 ) ) ;
#4978 = CARTESIAN_POINT ( 'NONE',  ( -13.45140678433448755, 14.00297214255692779, 48.36187913118315151 ) ) ;
#4979 = DIRECTION ( 'NONE',  ( 0.000000000000000000, -1.000000000000000000, 0.000000000000000000 ) ) ;
#4980 = DIRECTION ( 'NONE',  ( 0.000000000000000000, 0.000000000000000000, 1.000000000000000000 ) ) ;
#4981 = CARTESIAN_POINT ( 'NONE',  ( -32.10044120611970442, -6.131693537528450477, -31.50000000000000000 ) ) ;
#4982 = CARTESIAN_POINT ( 'NONE',  ( -16.29092851011873577, 15.26982532390767489, 47.13256932302390112 ) ) ;
#4983 = CARTESIAN_POINT ( 'NONE',  ( 0.000000000000000000, 50.11429676277849410, 42.16311116877835019 ) ) ;
#4984 = VERTEX_POINT ( 'NONE', #3460 ) ;
#4985 = LINE ( 'NONE', #1183, #2706 ) ;
#4986 = CARTESIAN_POINT ( 'NONE',  ( -48.06806711188920644, 42.73069628039136347, 48.39565877402308303 ) ) ;
#4987 = CARTESIAN_POINT ( 'NONE',  ( -16.54838869410319546, 10.75498417902845638, 49.95750458423891871 ) ) ;
#4988 = VERTEX_POINT ( 'NONE', #3830 ) ;
#4989 = EDGE_CURVE ( 'NONE', #2722, #5351, #3496, .T. ) ;
#4990 = DIRECTION ( 'NONE',  ( 0.000000000000000000, 0.000000000000000000, 1.000000000000000000 ) ) ;
#4991 = DIRECTION ( 'NONE',  ( 1.000000000000000000, 0.000000000000000000, 0.000000000000000000 ) ) ;
#4992 = VERTEX_POINT ( 'NONE', #495 ) ;
#4993 = CARTESIAN_POINT ( 'NONE',  ( -50.40810675510227412, 44.61187388530751008, 44.76160066189074627 ) ) ;
#4994 = ORIENTED_EDGE ( 'NONE', *, *, #355, .T. ) ;
#4995 = AXIS2_PLACEMENT_3D ( 'NONE', #728, #279, #4524 ) ;
#4996 = DIRECTION ( 'NONE',  ( 0.000000000000000000, 1.000000000000000000, 0.000000000000000000 ) ) ;
#4997 = PLANE ( 'NONE',  #2712 ) ;
#4998 = CARTESIAN_POINT ( 'NONE',  ( -13.88014144638584924, 13.47514554336664538, 49.54312754024519450 ) ) ;
#4999 = VECTOR ( 'NONE', #5011, 1000.000000000000114 ) ;
#5000 = DIRECTION ( 'NONE',  ( -0.9441397107360758323, -0.3295454545448914807, 0.000000000000000000 ) ) ;
#5001 = ADVANCED_FACE ( 'NONE', ( #1701 ), #2180, .F. ) ;
#5002 = CARTESIAN_POINT ( 'NONE',  ( -41.79346926866904965, 38.86830646247154419, 37.85882444406049530 ) ) ;
#5003 = AXIS2_PLACEMENT_3D ( 'NONE', #4473, #602, #5300 ) ;
#5004 = CARTESIAN_POINT ( 'NONE',  ( -60.56252771658730438, 3.868306462471565066, 13.49665260242922038 ) ) ;
#5005 = DIRECTION ( 'NONE',  ( 1.000000000000000000, 0.000000000000000000, 0.000000000000000000 ) ) ;
#5006 = FACE_OUTER_BOUND ( 'NONE', #2193, .T. ) ;
#5007 = ORIENTED_EDGE ( 'NONE', *, *, #3858, .F. ) ;
#5008 = VECTOR ( 'NONE', #1672, 1000.000000000000000 ) ;
#5009 = CARTESIAN_POINT ( 'NONE',  ( -32.10044120611970442, -16.13169353752845225, 0.000000000000000000 ) ) ;
#5010 = CARTESIAN_POINT ( 'NONE',  ( -4.559734238317510346, 13.86830646247156018, 22.17766952966350047 ) ) ;
#5011 = DIRECTION ( 'NONE',  ( -0.7071067811865474617, 0.7071067811865474617, 0.000000000000000000 ) ) ;
#5012 = CIRCLE ( 'NONE', #4295, 3.499999999999999556 ) ;
#5013 = ORIENTED_EDGE ( 'NONE', *, *, #2333, .T. ) ;
#5014 = DIRECTION ( 'NONE',  ( 1.000000000000000000, 0.000000000000000000, 0.000000000000000000 ) ) ;
#5015 = CIRCLE ( 'NONE', #3329, 5.000000000000000888 ) ;
#5016 = AXIS2_PLACEMENT_3D ( 'NONE', #4099, #382, #4964 ) ;
#5017 = UNCERTAINTY_MEASURE_WITH_UNIT (LENGTH_MEASURE( 1.000000000000000082E-05 ), #3006, 'distance_accuracy_value', 'NONE');
#5018 = DIRECTION ( 'NONE',  ( 0.000000000000000000, 0.000000000000000000, -1.000000000000000000 ) ) ;
#5019 = ORIENTED_EDGE ( 'NONE', *, *, #5345, .F. ) ;
#5020 = CARTESIAN_POINT ( 'NONE',  ( -50.63550316699932807, 44.34631779881281233, 45.05873269581647378 ) ) ;
#5021 = ADVANCED_FACE ( 'NONE', ( #436 ), #5476, .F. ) ;
#5022 = CONICAL_SURFACE ( 'NONE', #5457, 14.69999999999999929, 0.7853981633974377319 ) ;
#5023 = ORIENTED_EDGE ( 'NONE', *, *, #4675, .F. ) ;
#5024 =( NAMED_UNIT ( * ) PLANE_ANGLE_UNIT ( ) SI_UNIT ( $, .RADIAN. ) );
#5025 = AXIS2_PLACEMENT_3D ( 'NONE', #3987, #524, #2242 ) ;
#5026 = CARTESIAN_POINT ( 'NONE',  ( -15.32290652020365052, 11.89774371400618058, 47.35882438196049549 ) ) ;
#5027 = DIRECTION ( 'NONE',  ( 1.000000000000000000, 0.000000000000000000, 0.000000000000000000 ) ) ;
#5028 = CARTESIAN_POINT ( 'NONE',  ( -13.36578105516628412, 14.11202349100713072, 47.74570081533278909 ) ) ;
#5029 = AXIS2_PLACEMENT_3D ( 'NONE', #3824, #4299, #68 ) ;
#5030 = LINE ( 'NONE', #2534, #4587 ) ;
#5031 = DIRECTION ( 'NONE',  ( 0.000000000000000000, 0.000000000000000000, 1.000000000000000000 ) ) ;
#5032 = CIRCLE ( 'NONE', #240, 3.499999999999999556 ) ;
#5033 = CARTESIAN_POINT ( 'NONE',  ( -49.39311636804751515, 12.02678043356355353, 50.50911161665619886 ) ) ;
#5034 = DIRECTION ( 'NONE',  ( 0.000000000000000000, -1.000000000000000000, 0.000000000000000000 ) ) ;
#5035 = EDGE_CURVE ( 'NONE', #3572, #2958, #1682, .T. ) ;
#5036 = CARTESIAN_POINT ( 'NONE',  ( -49.26403201714089874, 11.89774371399968089, 47.35882438196059496 ) ) ;
#5037 = VERTEX_POINT ( 'NONE', #5162 ) ;
#5038 = DIRECTION ( 'NONE',  ( 0.000000000000000000, 2.081668171172168119E-15, -1.000000000000000000 ) ) ;
#5039 = CARTESIAN_POINT ( 'NONE',  ( -46.38781712644217947, 44.43670067517732036, 48.72061086292906396 ) ) ;
#5040 = EDGE_CURVE ( 'NONE', #64, #2430, #1757, .T. ) ;
#5041 = FACE_BOUND ( 'NONE', #89, .T. ) ;
#5042 = EDGE_LOOP ( 'NONE', ( #334, #2679 ) ) ;
#5043 = CARTESIAN_POINT ( 'NONE',  ( -47.31087902157067049, 47.58967717929976970, 48.83853374894521693 ) ) ;
#5044 = DIRECTION ( 'NONE',  ( 0.000000000000000000, 0.000000000000000000, -1.000000000000000000 ) ) ;
#5045 = EDGE_LOOP ( 'NONE', ( #473, #1767, #5130, #1871, #4423, #4178, #906, #3840, #1166, #1848, #3753, #5198 ) ) ;
#5046 = B_SPLINE_CURVE_WITH_KNOTS ( 'NONE', 3,
 ( #1905, #4840, #677, #2354, #4432, #2389, #2797, #3588, #1428, #549, #5314, #1514, #4460, #5248, #3118, #1539, #1456, #1852, #3230, #3528, #2771, #617, #3206, #4926 ),
 .UNSPECIFIED., .F., .F.,
 ( 4, 2, 2, 2, 2, 2, 2, 2, 2, 2, 2, 4 ),
 ( 0.000000000000000000, 0.1249999999999983347, 0.1874999999999997780, 0.2500000000000012212, 0.3750000000000002776, 0.4999999999999993339, 0.6249999999999983347, 0.6874999999999977796, 0.7499999999999973355, 0.8124999999999967804, 0.8749999999999963363, 1.000000000000000000 ),
 .UNSPECIFIED. ) ;
#5047 = CARTESIAN_POINT ( 'NONE',  ( -47.61392003417699215, 47.34224493279013757, 45.28319751361644308 ) ) ;
#5048 = ORIENTED_EDGE ( 'NONE', *, *, #625, .T. ) ;
#5049 = CARTESIAN_POINT ( 'NONE',  ( -17.60315556952373583, 13.86012607935427177, 49.05891198939202269 ) ) ;
#5050 = FACE_OUTER_BOUND ( 'NONE', #3538, .T. ) ;
#5051 = ORIENTED_EDGE ( 'NONE', *, *, #3391, .T. ) ;
#5052 = DIRECTION ( 'NONE',  ( 0.000000000000000000, 0.000000000000000000, -1.000000000000000000 ) ) ;
#5053 = CARTESIAN_POINT ( 'NONE',  ( -13.35570936947424059, 14.12513007474380089, 47.35882438196049549 ) ) ;
#5054 = EDGE_CURVE ( 'NONE', #4878, #3022, #2955, .T. ) ;
#5055 = DIRECTION ( 'NONE',  ( 0.000000000000000000, 0.000000000000000000, 1.000000000000000000 ) ) ;
#5056 = EDGE_LOOP ( 'NONE', ( #941, #113, #3276, #1422, #5184, #754, #1883, #132, #4163, #4158 ) ) ;
#5057 = CARTESIAN_POINT ( 'NONE',  ( -47.54353082095436633, 10.33607204971592175, 49.31953509664013779 ) ) ;
#5058 = LINE ( 'NONE', #4599, #2445 ) ;
#5059 = CARTESIAN_POINT ( 'NONE',  ( -51.79421491552481882, 14.28098310966126583, 24.16689410006169325 ) ) ;
#5060 = EDGE_CURVE ( 'NONE', #3932, #1836, #2463, .T. ) ;
#5061 = CYLINDRICAL_SURFACE ( 'NONE', #2004, 1.000000000000000888 ) ;
#5062 = CARTESIAN_POINT ( 'NONE',  ( -14.42277167645602098, -5.931693537528449411, 17.67766952966370297 ) ) ;
#5063 = DIRECTION ( 'NONE',  ( -7.334490613845678799E-13, 1.000000000000000000, 0.000000000000000000 ) ) ;
#5064 = DIRECTION ( 'NONE',  ( 0.000000000000000000, 0.000000000000000000, 1.000000000000000000 ) ) ;
#5065 = DIRECTION ( 'NONE',  ( 0.000000000000000000, 1.000000000000000000, 0.000000000000000000 ) ) ;
#5066 = CARTESIAN_POINT ( 'NONE',  ( -50.41465393026847863, 44.60433721707052968, 49.94875532663842677 ) ) ;
#5067 = EDGE_CURVE ( 'NONE', #1097, #1866, #4235, .T. ) ;
#5068 = CARTESIAN_POINT ( 'NONE',  ( -14.42277167645590019, -3.131693537528430049, -20.97766952966359710 ) ) ;
#5069 = CARTESIAN_POINT ( 'NONE',  ( -48.16598742110517861, 46.87024246868969612, 44.64395403947108321 ) ) ;
#5070 = VERTEX_POINT ( 'NONE', #2591 ) ;
#5071 = DIRECTION ( 'NONE',  ( 0.7071067811865474617, 0.7071067811865474617, 0.000000000000000000 ) ) ;
#5072 = CARTESIAN_POINT ( 'NONE',  ( -20.84114568449994920, 50.11429676277849410, 35.63383741123350035 ) ) ;
#5073 = LINE ( 'NONE', #826, #2629 ) ;
#5074 = DIRECTION ( 'NONE',  ( -0.5689894726095996447, -0.8223448060633992140, 0.000000000000000000 ) ) ;
#5075 = ADVANCED_FACE ( 'NONE', ( #4279 ), #1317, .T. ) ;
#5076 = CARTESIAN_POINT ( 'NONE',  ( -48.02736489690212807, 10.74526814657341411, 49.94667900151958406 ) ) ;
#5077 = CARTESIAN_POINT ( 'NONE',  ( -16.92051538484864182, 14.56155516158231400, 45.83098136676908041 ) ) ;
#5078 = CIRCLE ( 'NONE', #2167, 3.300000000000000711 ) ;
#5079 = CARTESIAN_POINT ( 'NONE',  ( -15.32290652020365052, 11.89774371400618058, 47.35882438196049549 ) ) ;
#5080 = EDGE_CURVE ( 'NONE', #1516, #3905, #758, .T. ) ;
#5081 = AXIS2_PLACEMENT_3D ( 'NONE', #2550, #3315, #5064 ) ;
#5082 = CARTESIAN_POINT ( 'NONE',  ( -47.69691066334666374, 10.46357822246510416, 45.15990406436062443 ) ) ;
#5083 = DIRECTION ( 'NONE',  ( 0.000000000000000000, -1.000000000000000000, 0.000000000000000000 ) ) ;
#5084 = DIRECTION ( 'NONE',  ( 0.000000000000000000, 0.000000000000000000, -1.000000000000000000 ) ) ;
#5085 = CARTESIAN_POINT ( 'NONE',  ( -48.06195048912369572, 10.69566218598255958, 47.35882438196059496 ) ) ;
#5086 = CARTESIAN_POINT ( 'NONE',  ( -47.29922919062698128, 8.954375923019693317, 34.65474398897363528 ) ) ;
#5087 = AXIS2_PLACEMENT_3D ( 'NONE', #3301, #4996, #423 ) ;
#5088 = CARTESIAN_POINT ( 'NONE',  ( -50.08286937021268415, 44.97846618088537696, 50.24470460434721275 ) ) ;
#5089 = DIRECTION ( 'NONE',  ( 0.000000000000000000, 1.000000000000000000, 0.000000000000000000 ) ) ;
#5090 = CONICAL_SURFACE ( 'NONE', #1371, 3.499999999999999556, 0.7853981633974900234 ) ;
#5091 = AXIS2_PLACEMENT_3D ( 'NONE', #442, #2573, #2188 ) ;
#5092 = DIRECTION ( 'NONE',  ( 0.000000000000000000, 0.000000000000000000, -1.000000000000000000 ) ) ;
#5093 = CARTESIAN_POINT ( 'NONE',  ( -50.43373307145539286, 44.58237489647937224, 44.79014535003540232 ) ) ;
#5094 = ORIENTED_EDGE ( 'NONE', *, *, #1593, .F. ) ;
#5095 = AXIS2_PLACEMENT_3D ( 'NONE', #5134, #4252, #433 ) ;
#5096 = AXIS2_PLACEMENT_3D ( 'NONE', #1001, #1095, #4490 ) ;
#5097 = CARTESIAN_POINT ( 'NONE',  ( -4.422771676456044965, -6.131693537528450477, 15.03983408840434954 ) ) ;
#5098 = AXIS2_PLACEMENT_3D ( 'NONE', #5284, #3150, #2237 ) ;
#5099 = AXIS2_PLACEMENT_3D ( 'NONE', #4549, #2930, #4602 ) ;
#5100 = CARTESIAN_POINT ( 'NONE',  ( -46.64430807197314266, 50.11429676277850120, 34.38335118278637736 ) ) ;
#5101 = ORIENTED_EDGE ( 'NONE', *, *, #741, .T. ) ;
#5102 = FACE_OUTER_BOUND ( 'NONE', #1854, .T. ) ;
#5103 = EDGE_CURVE ( 'NONE', #323, #1016, #3437, .T. ) ;
#5104 = DIRECTION ( 'NONE',  ( 0.000000000000000000, -1.000000000000000000, 0.000000000000000000 ) ) ;
#5105 = CARTESIAN_POINT ( 'NONE',  ( -47.42223320197672365, 10.23667280272327496, 49.09335848759356224 ) ) ;
#5106 = CARTESIAN_POINT ( 'NONE',  ( -45.38022713868549829, 9.954375923019689765, 36.35882444406050240 ) ) ;
#5107 = CARTESIAN_POINT ( 'NONE',  ( -45.63844433601492057, 8.954375923019695094, 35.99832962637958644 ) ) ;
#5108 = VECTOR ( 'NONE', #2645, 1000.000000000000000 ) ;
#5109 = CARTESIAN_POINT ( 'NONE',  ( -18.20124769897486416, 44.43859637614710323, 48.71778558203742193 ) ) ;
#5110 = CARTESIAN_POINT ( 'NONE',  ( 0.000000000000000000, 8.954375923019691541, 27.17766952966350047 ) ) ;
#5111 = DIRECTION ( 'NONE',  ( 0.000000000000000000, 1.000000000000000000, 0.000000000000000000 ) ) ;
#5112 = AXIS2_PLACEMENT_3D ( 'NONE', #1562, #3256, #1148 ) ;
#5113 = DIRECTION ( 'NONE',  ( 0.000000000000000000, 0.000000000000000000, 1.000000000000000000 ) ) ;
#5114 = CARTESIAN_POINT ( 'NONE',  ( -47.26714648042499789, 47.62450464946013540, 48.71967624996417356 ) ) ;
#5115 = ADVANCED_FACE ( 'NONE', ( #4256 ), #4695, .T. ) ;
#5116 = CARTESIAN_POINT ( 'NONE',  ( -49.77811073578330081, -6.131693537528450477, -14.17766952966367988 ) ) ;
#5117 = CARTESIAN_POINT ( 'NONE',  ( -46.52619105189384641, 13.42578281371308080, 48.84449765140303157 ) ) ;
#5118 = CARTESIAN_POINT ( 'NONE',  ( -50.98828736943536200, 43.91889435720369761, 45.79693418393982540 ) ) ;
#5119 = APPLICATION_CONTEXT ( 'automotive_design' ) ;
#5120 = ORIENTED_EDGE ( 'NONE', *, *, #4102, .T. ) ;
#5121 = ADVANCED_FACE ( 'NONE', ( #3060 ), #4753, .F. ) ;
#5122 = CARTESIAN_POINT ( 'NONE',  ( -16.60659107952247382, 47.03168159160811967, 44.81520487492498006 ) ) ;
#5123 = CARTESIAN_POINT ( 'NONE',  ( -20.79346926865884981, 9.954375923019689765, 27.17766952966350047 ) ) ;
#5124 = ORIENTED_EDGE ( 'NONE', *, *, #2790, .F. ) ;
#5125 = CARTESIAN_POINT ( 'NONE',  ( -16.55735490604332938, 46.98941880743851129, 49.94883865953089241 ) ) ;
#5126 = EDGE_LOOP ( 'NONE', ( #878, #2809 ) ) ;
#5127 = ORIENTED_EDGE ( 'NONE', *, *, #3794, .F. ) ;
#5128 = EDGE_CURVE ( 'NONE', #3062, #2399, #3950, .T. ) ;
#5129 = CARTESIAN_POINT ( 'NONE',  ( -4.598110735783330405, 14.28573076751572124, 24.17766952966350047 ) ) ;
#5130 = ORIENTED_EDGE ( 'NONE', *, *, #1073, .F. ) ;
#5131 = EDGE_CURVE ( 'NONE', #4075, #192, #5224, .T. ) ;
#5132 = CARTESIAN_POINT ( 'NONE',  ( -47.14128806619581269, 10.01242268354032561, 48.28798757445732548 ) ) ;
#5133 = DIRECTION ( 'NONE',  ( -2.886579864025410161E-15, 1.000000000000000000, 8.659560562354909439E-17 ) ) ;
#5134 = CARTESIAN_POINT ( 'NONE',  ( -4.542357293031770382, -3.786771474836654772, 21.27206602578905148 ) ) ;
#5135 = DIRECTION ( 'NONE',  ( 0.7071067811865475727, -0.7071067811865475727, 0.000000000000000000 ) ) ;
#5136 = CARTESIAN_POINT ( 'NONE',  ( -47.59811073578330110, -6.131693537528450477, 24.35882444406049885 ) ) ;
#5137 = ORIENTED_EDGE ( 'NONE', *, *, #3678, .T. ) ;
#5138 = CARTESIAN_POINT ( 'NONE',  ( -50.42188364077038898, 13.14060990451511124, 44.77701624992766227 ) ) ;
#5139 = CARTESIAN_POINT ( 'NONE',  ( -46.31952388511806618, 8.954375923019691541, 35.20752264853088320 ) ) ;
#5140 = EDGE_CURVE ( 'NONE', #1893, #2034, #948, .T. ) ;
#5141 = CARTESIAN_POINT ( 'NONE',  ( -49.13416289825860872, 45.96877218833765255, 50.50902743265286432 ) ) ;
#5142 = DIRECTION ( 'NONE',  ( 0.000000000000000000, 0.000000000000000000, 1.000000000000000000 ) ) ;
#5143 = ADVANCED_FACE ( 'NONE', ( #2356 ), #5197, .T. ) ;
#5145 = VERTEX_POINT ( 'NONE', #3091 ) ;
#5144 = FACE_OUTER_BOUND ( 'NONE', #5455, .T. ) ;
#5146 = CARTESIAN_POINT ( 'NONE',  ( -47.59811073578330110, 3.868306462471565066, 24.35882444406049885 ) ) ;
#5147 = ORIENTED_EDGE ( 'NONE', *, *, #5497, .F. ) ;
#5148 = EDGE_CURVE ( 'NONE', #3993, #5330, #1413, .T. ) ;
#5149 = CARTESIAN_POINT ( 'NONE',  ( -14.47003401114125865, 44.94072778256759904, 44.49715890705007126 ) ) ;
#5150 = DIRECTION ( 'NONE',  ( 0.000000000000000000, 1.000000000000000000, 0.000000000000000000 ) ) ;
#5151 = ORIENTED_EDGE ( 'NONE', *, *, #1750, .F. ) ;
#5152 = CARTESIAN_POINT ( 'NONE',  ( -17.39309666531347176, 47.68263639878656335, 48.49030033762496572 ) ) ;
#5153 = ORIENTED_EDGE ( 'NONE', *, *, #439, .F. ) ;
#5154 = EDGE_LOOP ( 'NONE', ( #584, #5323, #3362, #3509 ) ) ;
#5155 = CARTESIAN_POINT ( 'NONE',  ( -41.29346926866904965, 16.86830646247155130, 27.17766952966350047 ) ) ;
#5156 = CARTESIAN_POINT ( 'NONE',  ( -50.26259355158354225, 12.95882892741632908, 50.10242897326722300 ) ) ;
#5157 = DIRECTION ( 'NONE',  ( 0.000000000000000000, 1.000000000000000000, 0.000000000000000000 ) ) ;
#5158 = CARTESIAN_POINT ( 'NONE',  ( -45.71165539561340552, 8.954375923019691541, 35.89950843687868343 ) ) ;
#5159 = EDGE_CURVE ( 'NONE', #4947, #1279, #3283, .T. ) ;
#5160 = CARTESIAN_POINT ( 'NONE',  ( -16.29088099257809930, 42.46673168252819863, 47.35882438196059496 ) ) ;
#5161 = CONICAL_SURFACE ( 'NONE', #2079, 3.149999999999998135, 0.7853981633974456145 ) ;
#5162 = CARTESIAN_POINT ( 'NONE',  ( -49.77811073578330081, -2.931693537528434756, -23.17766952966369942 ) ) ;
#5163 = ORIENTED_EDGE ( 'NONE', *, *, #1890, .T. ) ;
#5164 = CARTESIAN_POINT ( 'NONE',  ( -50.20634276951498975, 12.89552059611896517, 44.56642816653840100 ) ) ;
#5165 = ORIENTED_EDGE ( 'NONE', *, *, #1431, .F. ) ;
#5166 = AXIS2_PLACEMENT_3D ( 'NONE', #4625, #2957, #5423 ) ;
#5167 = CARTESIAN_POINT ( 'NONE',  ( -56.19734853654929907, 3.868306462471565066, 23.27206602578910122 ) ) ;
#5168 = CARTESIAN_POINT ( 'NONE',  ( -14.42277167645590019, 3.868306462471565066, -14.37766952966360101 ) ) ;
#5170 = ORIENTED_EDGE ( 'NONE', *, *, #3909, .T. ) ;
#5169 = DIRECTION ( 'NONE',  ( 0.000000000000000000, 0.000000000000000000, 1.000000000000000000 ) ) ;
#5171 = AXIS2_PLACEMENT_3D ( 'NONE', #4112, #668, #3225 ) ;
#5172 = CARTESIAN_POINT ( 'NONE',  ( -16.59811073578330110, 14.28573076751572124, 24.17766952966350047 ) ) ;
#5173 = ORIENTED_EDGE ( 'NONE', *, *, #1740, .T. ) ;
#5174 = CARTESIAN_POINT ( 'NONE',  ( 0.000000000000000000, 50.11429676277849410, 27.17766952966350047 ) ) ;
#5175 = CIRCLE ( 'NONE', #2714, 15.69999999999999929 ) ;
#5176 = CARTESIAN_POINT ( 'NONE',  ( -17.32035148295407367, 47.62494973296913514, 45.99954891474492058 ) ) ;
#5177 = ADVANCED_FACE ( 'NONE', ( #4955 ), #4006, .F. ) ;
#5178 = ORIENTED_EDGE ( 'NONE', *, *, #2747, .T. ) ;
#5179 = CARTESIAN_POINT ( 'NONE',  ( -14.42277167645602098, -2.931693537528434756, 12.17766952966370120 ) ) ;
#5180 = ORIENTED_EDGE ( 'NONE', *, *, #1265, .F. ) ;
#5181 = AXIS2_PLACEMENT_3D ( 'NONE', #2105, #3786, #5475 ) ;
#5182 = CARTESIAN_POINT ( 'NONE',  ( -16.29088099257809930, 42.46673168252819863, 47.35882438196059496 ) ) ;
#5183 = EDGE_LOOP ( 'NONE', ( #4027, #2598 ) ) ;
#5184 = ORIENTED_EDGE ( 'NONE', *, *, #3812, .T. ) ;
#5185 = DIRECTION ( 'NONE',  ( 0.000000000000000000, 1.000000000000000000, 0.000000000000000000 ) ) ;
#5186 = AXIS2_PLACEMENT_3D ( 'NONE', #4304, #491, #2209 ) ;
#5187 = AXIS2_PLACEMENT_3D ( 'NONE', #3749, #5394, #1601 ) ;
#5188 = CARTESIAN_POINT ( 'NONE',  ( -14.42277167645590019, 3.868306462471565066, -20.97766952966359710 ) ) ;
#5189 = EDGE_CURVE ( 'NONE', #2740, #1516, #3412, .T. ) ;
#5190 = CARTESIAN_POINT ( 'NONE',  ( -50.00806878042056525, 12.67591558026857079, 50.29373205742678010 ) ) ;
#5191 = DIRECTION ( 'NONE',  ( 0.000000000000000000, 1.000000000000000000, 0.000000000000000000 ) ) ;
#5192 = CARTESIAN_POINT ( 'NONE',  ( -14.42277167645590019, 3.868306462471565066, -17.67766952966359995 ) ) ;
#5193 = B_SPLINE_CURVE_WITH_KNOTS ( 'NONE', 3,
 ( #3827, #2905, #4175, #1651, #332, #378, #805, #5470, #2564, #1723, #3805, #2512, #5441, #5077, #2472, #350, #1696, #3383, #431, #8, #2071, #2149, #4982, #1677 ),
 .UNSPECIFIED., .F., .F.,
 ( 4, 2, 2, 2, 2, 2, 2, 2, 2, 2, 2, 4 ),
 ( 0.000000000000000000, 0.1250000000000023870, 0.1875000000000013600, 0.2500000000000003331, 0.3750000000000000000, 0.4999999999999996669, 0.6249999999999992228, 0.6874999999999987788, 0.7499999999999983347, 0.8124999999999978906, 0.8749999999999973355, 1.000000000000000000 ),
 .UNSPECIFIED. ) ;
#5194 = AXIS2_PLACEMENT_3D ( 'NONE', #196, #1463, #1913 ) ;
#5195 = ADVANCED_FACE ( 'NONE', ( #4519 ), #5022, .T. ) ;
#5196 = CARTESIAN_POINT ( 'NONE',  ( -56.19734853654929907, 3.868306462471565066, 21.27206602578909767 ) ) ;
#5197 = CYLINDRICAL_SURFACE ( 'NONE', #5098, 1.000000000000000888 ) ;
#5198 = ORIENTED_EDGE ( 'NONE', *, *, #5103, .F. ) ;
#5199 = CARTESIAN_POINT ( 'NONE',  ( -50.82261511288358946, 13.61473787940483859, 45.39231683559829378 ) ) ;
#5200 = LINE ( 'NONE', #1006, #2191 ) ;
#5201 = VECTOR ( 'NONE', #246, 1000.000000000000000 ) ;
#5202 = PLANE ( 'NONE',  #3508 ) ;
#5203 = CARTESIAN_POINT ( 'NONE',  ( -59.59811073578330110, -1.131693537528442040, 34.35882444406045266 ) ) ;
#5204 = EDGE_CURVE ( 'NONE', #1234, #3020, #3257, .T. ) ;
#5205 = CARTESIAN_POINT ( 'NONE',  ( -48.29605754476390445, 15.26988124241090006, 47.35882438196059496 ) ) ;
#5206 = CIRCLE ( 'NONE', #2835, 5.000000000000000888 ) ;
#5207 = EDGE_CURVE ( 'NONE', #1909, #4878, #228, .T. ) ;
#5208 = LINE ( 'NONE', #3468, #468 ) ;
#5209 = VERTEX_POINT ( 'NONE', #5337 ) ;
#5210 = DIRECTION ( 'NONE',  ( 0.000000000000000000, -0.7071067811865489050, 0.7071067811865460184 ) ) ;
#5211 = CARTESIAN_POINT ( 'NONE',  ( -17.37786531547520497, 47.67056104955564422, 46.17568600936988332 ) ) ;
#5212 = ORIENTED_EDGE ( 'NONE', *, *, #2549, .T. ) ;
#5213 = FACE_OUTER_BOUND ( 'NONE', #1984, .T. ) ;
#5214 = ORIENTED_EDGE ( 'NONE', *, *, #3644, .T. ) ;
#5215 = CARTESIAN_POINT ( 'NONE',  ( -16.73966032454046271, 47.14616613957241498, 49.75479709689467711 ) ) ;
#5216 = VERTEX_POINT ( 'NONE', #750 ) ;
#5217 = ORIENTED_EDGE ( 'NONE', *, *, #4081, .F. ) ;
#5218 = CARTESIAN_POINT ( 'NONE',  ( -19.20671139866825072, 9.954375923019689765, -6.042575751263660422 ) ) ;
#5219 = CARTESIAN_POINT ( 'NONE',  ( -48.06230731644308207, 10.77565875783646554, 44.73753000483341680 ) ) ;
#5220 = CARTESIAN_POINT ( 'NONE',  ( -50.35845305783271897, 13.06776816509122163, 50.00948799656280386 ) ) ;
#5221 = CARTESIAN_POINT ( 'NONE',  ( -16.59811073578330110, 14.28573076751572124, 24.17766952966350047 ) ) ;
#5222 = CARTESIAN_POINT ( 'NONE',  ( -22.79346926866904965, 45.36830646247160104, 39.85882444406045266 ) ) ;
#5223 = CARTESIAN_POINT ( 'NONE',  ( -14.42277167645602098, 3.868306462471565066, 17.67766952966370297 ) ) ;
#5224 = LINE ( 'NONE', #3183, #2978 ) ;
#5225 = VERTEX_POINT ( 'NONE', #4487 ) ;
#5226 = CARTESIAN_POINT ( 'NONE',  ( -50.72630262629393627, 13.49850116083069729, 45.20835458324931011 ) ) ;
#5227 = CARTESIAN_POINT ( 'NONE',  ( -51.11736497556432113, 43.75660306859898441, 48.44766591794299160 ) ) ;
#5228 = CARTESIAN_POINT ( 'NONE',  ( -32.29346926866904965, 28.86830646247155130, 39.85882444406045266 ) ) ;
#5229 = CARTESIAN_POINT ( 'NONE',  ( -12.40486353669911601, 14.28570446965309593, 24.17760927369047153 ) ) ;
#5230 = CARTESIAN_POINT ( 'NONE',  ( -56.02612941101568111, 20.77936129281773958, 34.58613375590663708 ) ) ;
#5231 = LINE ( 'NONE', #1013, #2275 ) ;
#5232 = ORIENTED_EDGE ( 'NONE', *, *, #141, .T. ) ;
#5233 = VERTEX_POINT ( 'NONE', #2386 ) ;
#5234 = ADVANCED_FACE ( 'NONE', ( #4070 ), #1537, .T. ) ;
#5235 = CARTESIAN_POINT ( 'NONE',  ( -17.49974298084085333, 7.487341504828529892, 36.35882444406050240 ) ) ;
#5236 = CARTESIAN_POINT ( 'NONE',  ( -13.52263102787648918, 43.82352284164420553, 46.04331823654355560 ) ) ;
#5237 = VERTEX_POINT ( 'NONE', #2067 ) ;
#5238 = DIRECTION ( 'NONE',  ( 0.000000000000000000, 1.000000000000000000, 0.000000000000000000 ) ) ;
#5239 = ORIENTED_EDGE ( 'NONE', *, *, #1362, .T. ) ;
#5240 = LINE ( 'NONE', #573, #4409 ) ;
#5241 = ORIENTED_EDGE ( 'NONE', *, *, #2530, .T. ) ;
#5242 = LINE ( 'NONE', #3139, #3344 ) ;
#5243 = CARTESIAN_POINT ( 'NONE',  ( -48.16773203099797485, 10.86805774517748091, 44.64388830521386353 ) ) ;
#5244 = CARTESIAN_POINT ( 'NONE',  ( -51.23122916787015413, 14.12513007473730831, 47.74169174330950938 ) ) ;
#5245 = DIRECTION ( 'NONE',  ( 1.000000000000000000, 0.000000000000000000, 0.000000000000000000 ) ) ;
#5246 = DIRECTION ( 'NONE',  ( 2.775557561562889810E-17, -1.000000000000000000, 0.000000000000000000 ) ) ;
#5247 = EDGE_CURVE ( 'NONE', #4774, #2503, #3413, .T. ) ;
#5248 = CARTESIAN_POINT ( 'NONE',  ( -47.66642315250414441, 43.17505776335882217, 45.83098136678641055 ) ) ;
#5249 = CARTESIAN_POINT ( 'NONE',  ( -16.20586766977402249, 11.05852878311922716, 44.48722916428857133 ) ) ;
#5250 = ADVANCED_FACE ( 'NONE', ( #404, #2095, #4615, #2490, #4170, #3334 ), #4192, .T. ) ;
#5251 = ORIENTED_EDGE ( 'NONE', *, *, #1483, .T. ) ;
#5252 = CARTESIAN_POINT ( 'NONE',  ( -50.80185405717759295, 13.58952453166762098, 45.34969731371670321 ) ) ;
#5253 = CARTESIAN_POINT ( 'NONE',  ( -51.09877237343081902, 43.78006619459700488, 48.52913878664790559 ) ) ;
#5254 = ORIENTED_EDGE ( 'NONE', *, *, #3426, .T. ) ;
#5255 = LINE ( 'NONE', #3921, #1940 ) ;
#5256 = CARTESIAN_POINT ( 'NONE',  ( 0.000000000000000000, 50.11429676277849410, 42.16311116877835019 ) ) ;
#5257 = DIRECTION ( 'NONE',  ( 0.000000000000000000, 0.000000000000000000, 1.000000000000000000 ) ) ;
#5258 = CARTESIAN_POINT ( 'NONE',  ( -55.50016705249915816, 36.86964708499466781, 34.98393485776664846 ) ) ;
#5259 = VERTEX_POINT ( 'NONE', #3746 ) ;
#5260 = AXIS2_PLACEMENT_3D ( 'NONE', #2569, #1292, #3831 ) ;
#5261 = ORIENTED_EDGE ( 'NONE', *, *, #1271, .F. ) ;
#5262 = VERTEX_POINT ( 'NONE', #3724 ) ;
#5263 = DIRECTION ( 'NONE',  ( 0.000000000000000000, 1.000000000000000000, 0.000000000000000000 ) ) ;
#5264 = AXIS2_PLACEMENT_3D ( 'NONE', #3227, #4004, #4836 ) ;
#5265 = CARTESIAN_POINT ( 'NONE',  ( -59.59811073578330110, 3.868306462471565066, 21.27206602578909767 ) ) ;
#5266 = ORIENTED_EDGE ( 'NONE', *, *, #5207, .F. ) ;
#5267 = CARTESIAN_POINT ( 'NONE',  ( -21.79346926866904965, 49.11429676277849410, 37.85882444406049530 ) ) ;
#5268 = EDGE_LOOP ( 'NONE', ( #1471, #781, #719, #2347 ) ) ;
#5269 = VECTOR ( 'NONE', #1230, 1000.000000000000000 ) ;
#5270 = AXIS2_PLACEMENT_3D ( 'NONE', #5333, #1532, #4976 ) ;
#5271 = CARTESIAN_POINT ( 'NONE',  ( -14.85400089785716027, 45.35671186307253322, 50.42824396852478230 ) ) ;
#5272 = EDGE_LOOP ( 'NONE', ( #4425, #1978, #2424, #1870, #1604, #2221 ) ) ;
#5273 = CARTESIAN_POINT ( 'NONE',  ( 0.000000000000000000, 50.11429676277849410, 34.35882444406045266 ) ) ;
#5274 = DIRECTION ( 'NONE',  ( 0.000000000000000000, 0.000000000000000000, -1.000000000000000000 ) ) ;
#5275 = CIRCLE ( 'NONE', #840, 23.99999999999234745 ) ;
#5276 = VECTOR ( 'NONE', #1189, 1000.000000000000000 ) ;
#5277 = CARTESIAN_POINT ( 'NONE',  ( -50.43292591840992145, 13.15330496053292642, 49.92844381877078064 ) ) ;
#5278 = CARTESIAN_POINT ( 'NONE',  ( -13.35570936947424059, 14.12513007474380089, 47.35882438196049549 ) ) ;
#5279 = LINE ( 'NONE', #4458, #1123 ) ;
#5280 = EDGE_CURVE ( 'NONE', #823, #4311, #5073, .T. ) ;
#5281 = CARTESIAN_POINT ( 'NONE',  ( -14.35338485183523183, 12.92594273662096427, 44.58259302341253516 ) ) ;
#5282 = CIRCLE ( 'NONE', #388, 1.699999999999999734 ) ;
#5283 = DIRECTION ( 'NONE',  ( 0.000000000000000000, 0.000000000000000000, -1.000000000000000000 ) ) ;
#5284 = CARTESIAN_POINT ( 'NONE',  ( -19.79346926866905321, 10.76443947225271991, 89.74078634214809824 ) ) ;
#5285 = CIRCLE ( 'NONE', #1833, 21.00000000000679989 ) ;
#5286 = ORIENTED_EDGE ( 'NONE', *, *, #3043, .F. ) ;
#5287 = FACE_OUTER_BOUND ( 'NONE', #3822, .T. ) ;
#5288 = ORIENTED_EDGE ( 'NONE', *, *, #3210, .T. ) ;
#5289 = AXIS2_PLACEMENT_3D ( 'NONE', #5167, #3533, #1046 ) ;
#5290 = CARTESIAN_POINT ( 'NONE',  ( -18.05870006740504863, 44.30785983888765855, 45.88317234206848383 ) ) ;
#5291 = DIRECTION ( 'NONE',  ( 0.000000000000000000, -1.000000000000000000, 0.000000000000000000 ) ) ;
#5292 = CARTESIAN_POINT ( 'NONE',  ( -17.25488731650316154, 10.16430475571532810, 48.88861612785433408 ) ) ;
#5293 = CIRCLE ( 'NONE', #1746, 3.300000000000000711 ) ;
#5294 = ORIENTED_EDGE ( 'NONE', *, *, #3630, .T. ) ;
#5295 = ORIENTED_EDGE ( 'NONE', *, *, #4833, .F. ) ;
#5296 = ORIENTED_EDGE ( 'NONE', *, *, #4352, .T. ) ;
#5297 = EDGE_CURVE ( 'NONE', #2636, #938, #5285, .T. ) ;
#5298 = DIRECTION ( 'NONE',  ( 0.000000000000000000, 0.000000000000000000, -1.000000000000000000 ) ) ;
#5299 = VECTOR ( 'NONE', #5381, 1000.000000000000000 ) ;
#5300 = DIRECTION ( 'NONE',  ( -0.7071067811865470176, 0.7071067811865481278, 0.000000000000000000 ) ) ;
#5301 = ORIENTED_EDGE ( 'NONE', *, *, #3132, .T. ) ;
#5302 = CARTESIAN_POINT ( 'NONE',  ( -49.77811073578330081, -2.931693537528434756, -14.17766952966370120 ) ) ;
#5303 = ORIENTED_EDGE ( 'NONE', *, *, #4146, .F. ) ;
#5304 = CARTESIAN_POINT ( 'NONE',  ( -13.35570936947420861, 43.61148285019937276, 47.74195769777374210 ) ) ;
#5305 = VERTEX_POINT ( 'NONE', #2945 ) ;
#5306 = EDGE_CURVE ( 'NONE', #2722, #5330, #5413, .T. ) ;
#5307 = FACE_OUTER_BOUND ( 'NONE', #4739, .T. ) ;
#5308 = CYLINDRICAL_SURFACE ( 'NONE', #5270, 21.00000537967435577 ) ;
#5309 = DIRECTION ( 'NONE',  ( 0.000000000000000000, 1.000000000000000000, 0.000000000000000000 ) ) ;
#5310 = CARTESIAN_POINT ( 'NONE',  ( -11.32909421774971825, 3.868306462471565066, 23.68124034523389909 ) ) ;
#5311 = DIRECTION ( 'NONE',  ( 0.000000000000000000, 1.000000000000000000, 0.000000000000000000 ) ) ;
#5312 = EDGE_CURVE ( 'NONE', #3654, #1335, #746, .T. ) ;
#5313 = CARTESIAN_POINT ( 'NONE',  ( -32.10044120611970442, -10.13169353752843982, 0.000000000000000000 ) ) ;
#5314 = CARTESIAN_POINT ( 'NONE',  ( -46.98224823042072273, 43.87799174938603386, 45.65901044270995612 ) ) ;
#5315 = DIRECTION ( 'NONE',  ( 1.000000000000000000, 0.000000000000000000, 0.000000000000000000 ) ) ;
#5316 = ORIENTED_EDGE ( 'NONE', *, *, #5373, .F. ) ;
#5317 = CARTESIAN_POINT ( 'NONE',  ( -50.44748503609960011, 39.42442845475025592, 69.85882444406040293 ) ) ;
#5318 = VERTEX_POINT ( 'NONE', #3404 ) ;
#5319 = CARTESIAN_POINT ( 'NONE',  ( -43.79346926866904965, 10.43572661048155936, 37.85882444406049530 ) ) ;
#5320 = CARTESIAN_POINT ( 'NONE',  ( -55.53782450503630486, 20.86066747739052474, 34.94537808143697788 ) ) ;
#5321 = CARTESIAN_POINT ( 'NONE',  ( -16.13264853439871871, 11.12491324334791720, 50.27546441727987769 ) ) ;
#5322 = EDGE_CURVE ( 'NONE', #2636, #513, #5030, .T. ) ;
#5323 = ORIENTED_EDGE ( 'NONE', *, *, #2666, .F. ) ;
#5324 = VERTEX_POINT ( 'NONE', #1232 ) ;
#5325 = LINE ( 'NONE', #2451, #3616 ) ;
#5326 = DIRECTION ( 'NONE',  ( 0.000000000000000000, 0.000000000000000000, 1.000000000000000000 ) ) ;
#5327 = ORIENTED_EDGE ( 'NONE', *, *, #1094, .T. ) ;
#5328 = FACE_OUTER_BOUND ( 'NONE', #3475, .T. ) ;
#5329 = EDGE_CURVE ( 'NONE', #1552, #4904, #583, .T. ) ;
#5330 = VERTEX_POINT ( 'NONE', #5053 ) ;
#5331 = CARTESIAN_POINT ( 'NONE',  ( -13.51188910165534374, 43.80999302578800325, 48.62521292972215292 ) ) ;
#5332 = CARTESIAN_POINT ( 'NONE',  ( -18.69504404861235258, 44.87089473856244837, 47.35882438196049549 ) ) ;
#5333 = CARTESIAN_POINT ( 'NONE',  ( -32.29346435921620184, 28.86830420341390280, 79.68520902586020327 ) ) ;
#5334 = CARTESIAN_POINT ( 'NONE',  ( -60.56252771658730438, 3.868306462471565066, 13.49665260242922038 ) ) ;
#5335 = DIRECTION ( 'NONE',  ( 0.7071067811865477948, -0.7071067811865472397, 0.000000000000000000 ) ) ;
#5336 = CARTESIAN_POINT ( 'NONE',  ( -17.62525937429310119, 50.11429676277849410, 34.35882444406048108 ) ) ;
#5337 = CARTESIAN_POINT ( 'NONE',  ( -9.730797171557240333, 13.86830646247156018, 22.17766952966350047 ) ) ;
#5338 = FACE_OUTER_BOUND ( 'NONE', #4634, .T. ) ;
#5339 = DIRECTION ( 'NONE',  ( 1.000000000000000000, 0.000000000000000000, 0.000000000000000000 ) ) ;
#5340 = VERTEX_POINT ( 'NONE', #2509 ) ;
#5341 = DIRECTION ( 'NONE',  ( 0.000000000000000000, 1.000000000000000000, 0.000000000000000000 ) ) ;
#5342 = ADVANCED_FACE ( 'NONE', ( #1252 ), #4053, .F. ) ;
#5343 = CARTESIAN_POINT ( 'NONE',  ( -14.42277167645602098, 3.868306462471565066, 14.37766952966370049 ) ) ;
#5344 = CARTESIAN_POINT ( 'NONE',  ( -54.99791389153508447, 20.95208865143180077, 35.86212645421407785 ) ) ;
#5345 = EDGE_CURVE ( 'NONE', #2246, #4968, #2923, .T. ) ;
#5346 = CARTESIAN_POINT ( 'NONE',  ( -17.20469787310329934, 10.20470148036648794, 49.00554724269165519 ) ) ;
#5347 = ORIENTED_EDGE ( 'NONE', *, *, #1725, .F. ) ;
#5348 = ORIENTED_EDGE ( 'NONE', *, *, #5357, .F. ) ;
#5349 = CYLINDRICAL_SURFACE ( 'NONE', #3080, 5.000000000000000888 ) ;
#5350 = CYLINDRICAL_SURFACE ( 'NONE', #300, 1.000000000000000888 ) ;
#5351 = VERTEX_POINT ( 'NONE', #1692 ) ;
#5352 = CARTESIAN_POINT ( 'NONE',  ( -49.77811073578359924, -3.131693537528430049, 17.67766952966350047 ) ) ;
#5353 = ORIENTED_EDGE ( 'NONE', *, *, #4336, .T. ) ;
#5354 = CARTESIAN_POINT ( 'NONE',  ( -13.96792313898568061, 44.36581265660873186, 49.68382093783681341 ) ) ;
#5355 = CIRCLE ( 'NONE', #5264, 2.499999999999998668 ) ;
#5356 = CARTESIAN_POINT ( 'NONE',  ( -47.59811073578330110, 8.954375923019691541, 34.56495894638185007 ) ) ;
#5357 = EDGE_CURVE ( 'NONE', #2958, #2660, #2104, .T. ) ;
#5358 = CARTESIAN_POINT ( 'NONE',  ( -48.23872718442029850, 12.92304854672017989, 47.35882438196059496 ) ) ;
#5359 = CYLINDRICAL_SURFACE ( 'NONE', #2093, 1.999999999999998224 ) ;
#5360 = DIRECTION ( 'NONE',  ( 0.000000000000000000, 0.000000000000000000, -1.000000000000000000 ) ) ;
#5361 = VECTOR ( 'NONE', #2064, 1000.000000000000000 ) ;
#5362 = CARTESIAN_POINT ( 'NONE',  ( -13.35570936947424592, 14.12513007474380622, 46.97588385165228431 ) ) ;
#5363 = EDGE_CURVE ( 'NONE', #5209, #2818, #3823, .T. ) ;
#5364 = CARTESIAN_POINT ( 'NONE',  ( -15.32290652020365052, 11.89774371400618058, 47.35882438196049549 ) ) ;
#5365 = AXIS2_PLACEMENT_3D ( 'NONE', #1661, #2937, #5044 ) ;
#5366 = LINE ( 'NONE', #4957, #1119 ) ;
#5367 = CARTESIAN_POINT ( 'NONE',  ( -41.79346926866904965, 47.59662726280569700, 69.85882444406040293 ) ) ;
#5368 = DIRECTION ( 'NONE',  ( 0.000000000000000000, -0.7071067811865550112, 0.7071067811865400232 ) ) ;
#5369 = CARTESIAN_POINT ( 'NONE',  ( -54.31095715547309766, 37.08294139986200122, 39.85882444406045266 ) ) ;
#5370 = AXIS2_PLACEMENT_3D ( 'NONE', #4983, #3565, #626 ) ;
#5371 = EDGE_CURVE ( 'NONE', #4826, #899, #2546, .T. ) ;
#5372 = EDGE_LOOP ( 'NONE', ( #3000, #2531, #681, #3569 ) ) ;
#5373 = EDGE_CURVE ( 'NONE', #2503, #4774, #4140, .T. ) ;
#5374 = FACE_OUTER_BOUND ( 'NONE', #1529, .T. ) ;
#5375 = CIRCLE ( 'NONE', #392, 1.000000000000000888 ) ;
#5376 = VECTOR ( 'NONE', #4874, 1000.000000000000000 ) ;
#5377 = FACE_OUTER_BOUND ( 'NONE', #4332, .T. ) ;
#5378 = CARTESIAN_POINT ( 'NONE',  ( -16.74220988452669090, 10.58835352097823979, 49.75051385667716630 ) ) ;
#5379 = ORIENTED_EDGE ( 'NONE', *, *, #2037, .T. ) ;
#5380 = VERTEX_POINT ( 'NONE', #1717 ) ;
#5381 = DIRECTION ( 'NONE',  ( 0.000000000000000000, 0.000000000000000000, 1.000000000000000000 ) ) ;
#5382 = DIRECTION ( 'NONE',  ( 0.000000000000000000, 0.7071067811865489050, 0.7071067811865460184 ) ) ;
#5383 = CIRCLE ( 'NONE', #769, 31.50000000000000000 ) ;
#5384 = EDGE_LOOP ( 'NONE', ( #238, #3163, #1078, #3547 ) ) ;
#5385 = FACE_OUTER_BOUND ( 'NONE', #2391, .T. ) ;
#5386 = ORIENTED_EDGE ( 'NONE', *, *, #3224, .F. ) ;
#5387 = CARTESIAN_POINT ( 'NONE',  ( -14.29432994734080609, 44.74382722949943769, 50.07480698761902715 ) ) ;
#5388 = DIRECTION ( 'NONE',  ( -0.000000000000000000, 1.000000000000000000, 0.000000000000000000 ) ) ;
#5389 = CARTESIAN_POINT ( 'NONE',  ( -47.03664565640320205, 9.670357353262069466, 47.35882438196059496 ) ) ;
#5390 = AXIS2_PLACEMENT_3D ( 'NONE', #531, #2249, #177 ) ;
#5391 = CARTESIAN_POINT ( 'NONE',  ( -13.48639081763384162, 13.95878561079216595, 48.52160465035186121 ) ) ;
#5392 = CARTESIAN_POINT ( 'NONE',  ( -13.59889886748659293, 13.81740838778485347, 45.79619344903024825 ) ) ;
#5393 = PLANE ( 'NONE',  #2293 ) ;
#5394 = DIRECTION ( 'NONE',  ( -1.000000000000000000, 0.000000000000000000, 0.000000000000000000 ) ) ;
#5395 = DIRECTION ( 'NONE',  ( 0.000000000000000000, 0.000000000000000000, -1.000000000000000000 ) ) ;
#5396 = PLANE ( 'NONE',  #5370 ) ;
#5397 = ADVANCED_FACE ( 'NONE', ( #5102 ), #2980, .F. ) ;
#5398 = VERTEX_POINT ( 'NONE', #5182 ) ;
#5399 = DIRECTION ( 'NONE',  ( 0.000000000000000000, 0.000000000000000000, -1.000000000000000000 ) ) ;
#5400 = CARTESIAN_POINT ( 'NONE',  ( -46.52405892482607186, 44.31284532485393868, 48.84342548587276411 ) ) ;
#5401 = CARTESIAN_POINT ( 'NONE',  ( -17.25021316336040300, 10.16806232926171205, 48.89991633425179174 ) ) ;
#5402 = ORIENTED_EDGE ( 'NONE', *, *, #593, .F. ) ;
#5403 = DIRECTION ( 'NONE',  ( 0.7071067811865474617, 0.7071067811865474617, 0.000000000000000000 ) ) ;
#5404 = CARTESIAN_POINT ( 'NONE',  ( -22.27074199594200010, 47.32216616758719852, 89.74078634214809824 ) ) ;
#5405 = ORIENTED_EDGE ( 'NONE', *, *, #2342, .F. ) ;
#5406 = DIRECTION ( 'NONE',  ( 1.000000000000000000, 0.000000000000000000, 0.000000000000000000 ) ) ;
#5407 = ORIENTED_EDGE ( 'NONE', *, *, #2700, .F. ) ;
#5408 = EDGE_CURVE ( 'NONE', #4947, #1067, #1301, .T. ) ;
#5409 = DIRECTION ( 'NONE',  ( 0.000000000000000000, 1.000000000000000000, 0.000000000000000000 ) ) ;
#5410 = DIRECTION ( 'NONE',  ( 0.000000000000000000, 0.000000000000000000, -1.000000000000000000 ) ) ;
#5411 = CARTESIAN_POINT ( 'NONE',  ( -13.52260694634146887, 13.91312030539724098, 48.67424254928385352 ) ) ;
#5412 = ORIENTED_EDGE ( 'NONE', *, *, #2578, .T. ) ;
#5413 = LINE ( 'NONE', #1645, #680 ) ;
#5414 = DIRECTION ( 'NONE',  ( 0.000000000000000000, 0.000000000000000000, -1.000000000000000000 ) ) ;
#5415 = ORIENTED_EDGE ( 'NONE', *, *, #3441, .F. ) ;
#5416 = DIRECTION ( 'NONE',  ( 0.000000000000000000, 0.000000000000000000, 1.000000000000000000 ) ) ;
#5417 = CYLINDRICAL_SURFACE ( 'NONE', #4116, 1.000000000000000888 ) ;
#5418 = DIRECTION ( 'NONE',  ( 0.000000000000000000, 0.000000000000000000, -1.000000000000000000 ) ) ;
#5419 = ORIENTED_EDGE ( 'NONE', *, *, #5060, .F. ) ;
#5420 = CYLINDRICAL_SURFACE ( 'NONE', #4047, 12.00000000000000000 ) ;
#5421 = EDGE_CURVE ( 'NONE', #2455, #574, #3956, .T. ) ;
#5422 = CARTESIAN_POINT ( 'NONE',  ( -19.06172201619595086, 8.954375923019693317, 36.15377951818217639 ) ) ;
#5423 = DIRECTION ( 'NONE',  ( 1.000000000000000000, 0.000000000000000000, 0.000000000000000000 ) ) ;
#5424 = VERTEX_POINT ( 'NONE', #3046 ) ;
#5425 = CARTESIAN_POINT ( 'NONE',  ( -16.59811073578330110, 8.954375923019691541, 27.17766952966350047 ) ) ;
#5426 = DIRECTION ( 'NONE',  ( 0.000000000000000000, 0.000000000000000000, -1.000000000000000000 ) ) ;
#5427 = ORIENTED_EDGE ( 'NONE', *, *, #1740, .F. ) ;
#5428 = CARTESIAN_POINT ( 'NONE',  ( -50.61967968664885120, 44.36502568993125095, 45.03482296571041132 ) ) ;
#5429 = VERTEX_POINT ( 'NONE', #4741 ) ;
#5430 = CARTESIAN_POINT ( 'NONE',  ( -16.29088099257809930, 15.26988124241490041, 47.35882438196049549 ) ) ;
#5431 = AXIS2_PLACEMENT_3D ( 'NONE', #1180, #4568, #756 ) ;
#5432 = DIRECTION ( 'NONE',  ( 0.000000000000000000, 0.000000000000000000, -1.000000000000000000 ) ) ;
#5433 = DIRECTION ( 'NONE',  ( 0.000000000000000000, 0.000000000000000000, 1.000000000000000000 ) ) ;
#5434 = CARTESIAN_POINT ( 'NONE',  ( -13.48824490374838803, 13.95644743318233161, 48.52947204278331128 ) ) ;
#5435 = AXIS2_PLACEMENT_3D ( 'NONE', #2932, #789, #4157 ) ;
#5436 = DIRECTION ( 'NONE',  ( 0.000000000000000000, 0.000000000000000000, -1.000000000000000000 ) ) ;
#5437 = CARTESIAN_POINT ( 'NONE',  ( -54.95282232633920216, 36.77739737154699640, -6.042575751263660422 ) ) ;
#5438 = EDGE_CURVE ( 'NONE', #3469, #474, #1803, .T. ) ;
#5439 = AXIS2_PLACEMENT_3D ( 'NONE', #1502, #3657, #1892 ) ;
#5440 = CARTESIAN_POINT ( 'NONE',  ( -47.68376088082061415, 10.45258020179483793, 49.53900472164064439 ) ) ;
#5441 = CARTESIAN_POINT ( 'NONE',  ( -17.13447557482664863, 14.33392357947187357, 45.70182206575233153 ) ) ;
#5442 = FACE_OUTER_BOUND ( 'NONE', #5154, .T. ) ;
#5443 = ORIENTED_EDGE ( 'NONE', *, *, #2241, .T. ) ;
#5444 = AXIS2_PLACEMENT_3D ( 'NONE', #4361, #1844, #1510 ) ;
#5445 = DIRECTION ( 'NONE',  ( 0.000000000000000000, 0.000000000000000000, 1.000000000000000000 ) ) ;
#5446 = CARTESIAN_POINT ( 'NONE',  ( -46.98378296782103547, 43.87648684559535894, 49.05891198939200848 ) ) ;
#5447 = AXIS2_PLACEMENT_3D ( 'NONE', #3099, #2721, #984 ) ;
#5448 = LINE ( 'NONE', #2518, #1275 ) ;
#5449 = AXIS2_PLACEMENT_3D ( 'NONE', #4241, #3393, #4260 ) ;
#5450 = ORIENTED_EDGE ( 'NONE', *, *, #836, .F. ) ;
#5451 = CARTESIAN_POINT ( 'NONE',  ( -47.23505842208430039, 47.64996425813218650, 48.62491460453826164 ) ) ;
#5452 = AXIS2_PLACEMENT_3D ( 'NONE', #4646, #890, #74 ) ;
#5453 = VECTOR ( 'NONE', #349, 1000.000000000000000 ) ;
#5454 = FACE_OUTER_BOUND ( 'NONE', #993, .T. ) ;
#5455 = EDGE_LOOP ( 'NONE', ( #3497, #1888, #4357 ) ) ;
#5456 = CARTESIAN_POINT ( 'NONE',  ( -50.38584555254666952, 44.63745591967612825, 44.73723870559352633 ) ) ;
#5457 = AXIS2_PLACEMENT_3D ( 'NONE', #704, #1941, #3701 ) ;
#5458 = ORIENTED_EDGE ( 'NONE', *, *, #4109, .T. ) ;
#5459 = EDGE_CURVE ( 'NONE', #5037, #899, #5240, .T. ) ;
#5460 = VECTOR ( 'NONE', #2469, 1000.000000000000000 ) ;
#5461 = FACE_OUTER_BOUND ( 'NONE', #4784, .T. ) ;
#5462 = ORIENTED_EDGE ( 'NONE', *, *, #3754, .T. ) ;
#5463 = CARTESIAN_POINT ( 'NONE',  ( -17.99880724618731165, 8.954375923019693317, 34.99311861507830201 ) ) ;
#5464 = AXIS2_PLACEMENT_3D ( 'NONE', #4665, #883, #2231 ) ;
#5465 = EDGE_CURVE ( 'NONE', #368, #4792, #2201, .T. ) ;
#5466 = CARTESIAN_POINT ( 'NONE',  ( -43.38063203069630447, 50.11429676277849410, 36.11293103919099678 ) ) ;
#5467 = CARTESIAN_POINT ( 'NONE',  ( 1.253707587577131954E-14, 16.86830646247155130, 27.17766952966350047 ) ) ;
#5468 = EDGE_LOOP ( 'NONE', ( #170, #3250, #3342, #3863 ) ) ;
#5469 = CARTESIAN_POINT ( 'NONE',  ( -59.59811073578330110, -20.11629170496135188, 34.35882444406045266 ) ) ;
#5470 = CARTESIAN_POINT ( 'NONE',  ( -18.20021926608671237, 13.29892270256341114, 45.99821560018190070 ) ) ;
#5471 = CARTESIAN_POINT ( 'NONE',  ( -45.84005615716653637, 8.954375923019691541, 35.72847277015348766 ) ) ;
#5472 = EDGE_CURVE ( 'NONE', #2428, #5380, #3136, .T. ) ;
#5473 = EDGE_CURVE ( 'NONE', #2320, #1437, #538, .T. ) ;
#5474 = DIRECTION ( 'NONE',  ( -1.000000000000000000, 0.000000000000000000, 0.000000000000000000 ) ) ;
#5475 = DIRECTION ( 'NONE',  ( 0.000000000000000000, 0.000000000000000000, 1.000000000000000000 ) ) ;
#5476 = CYLINDRICAL_SURFACE ( 'NONE', #4838, 2.000000000000001776 ) ;
#5477 = DIRECTION ( 'NONE',  ( 0.000000000000000000, -1.000000000000000000, 0.000000000000000000 ) ) ;
#5478 = LINE ( 'NONE', #1684, #2985 ) ;
#5479 = CARTESIAN_POINT ( 'NONE',  ( -50.07611529325637889, 44.98592167847207435, 50.24935387563822786 ) ) ;
#5480 = CARTESIAN_POINT ( 'NONE',  ( -49.59811073578330110, 40.11429676277850120, 42.16311116877835019 ) ) ;
#5481 = ADVANCED_FACE ( 'NONE', ( #1480 ), #3335, .F. ) ;
#5482 = CARTESIAN_POINT ( 'NONE',  ( -50.17818788883840142, 44.87278763322127872, 44.54193798712511665 ) ) ;
#5483 = EDGE_LOOP ( 'NONE', ( #4766, #2956, #3293, #2289 ) ) ;
#5484 = EDGE_CURVE ( 'NONE', #2331, #1688, #1037, .T. ) ;
#5485 = CARTESIAN_POINT ( 'NONE',  ( -17.36411365573493981, 14.09918192070905540, 49.05878041313682303 ) ) ;
#5486 = CARTESIAN_POINT ( 'NONE',  ( -13.46965946439105188, 43.75671168166120850, 46.26958687340628273 ) ) ;
#5487 = EDGE_CURVE ( 'NONE', #2780, #5216, #2140, .T. ) ;
#5488 = CARTESIAN_POINT ( 'NONE',  ( -43.92460702654911131, 50.11429676277848699, 35.41569553603106613 ) ) ;
#5489 = B_SPLINE_CURVE_WITH_KNOTS ( 'NONE', 3,
 ( #5278, #3177, #5028, #749, #3282, #299, #4978, #327, #3698, #2066, #5391, #5434, #5411, #1620, #346, #4562, #1176, #2045, #2489, #3332, #4168, #3303, #1643, #4998, #3745, #1598, #1231, #1199, #2019, #2871, #2900, #2466, #4143, #4593, #3723, #777, #3292, #1135, #2884, #3240, #2002, #4967, #1549, #4500, #316, #3189, #4901, #733, #2448, #1165, #763, #2806, #4129, #2860, #4101, #5321, #2778, #1185, #1103, #3599, #1608, #1917, #3213, #2032, #4551, #1976, #4577, #3712, #4987, #2366, #4529, #688, #260, #5378, #3653, #2479, #2398, #653, #200, #4050, #4078, #3681, #284, #5346, #1950, #3627, #4937, #5401, #5292, #2422, #2839, #1497, #4876, #1522, #712, #1077, #1582, #4467 ),
 .UNSPECIFIED., .F., .F.,
 ( 4, 2, 2, 1, 1, 1, 2, 2, 2, 2, 2, 1, 1, 2, 2, 2, 2, 1, 1, 1, 1, 2, 2, 2, 2, 1, 1, 2, 2, 2, 2, 2, 1, 1, 1, 2, 2, 2, 2, 1, 1, 1, 2, 2, 2, 2, 2, 1, 2, 2, 2, 2, 2, 2, 1, 1, 2, 2, 4 ),
 ( 0.000000000000000000, 0.06249999999979367893, 0.09374999999969162168, 0.1093749999996406208, 0.1171874999996160849, 0.1210937499996047467, 0.1230468749996000560, 0.1249999999995953515, 0.1874999999993615107, 0.2187499999992443822, 0.2343749999991851241, 0.2421874999991563138, 0.2460937499991414645, 0.2480468749991346644, 0.2499999999991278921, 0.2812499999990218380, 0.2968749999989694355, 0.3046874999989432897, 0.3085937499989287458, 0.3105468749989214183, 0.3115234374989192534, 0.3120117187489200306, 0.3124999999989208077, 0.3437499999989536148, 0.3593749999989705457, 0.3671874999989788169, 0.3710937499989829802, 0.3730468749989848676, 0.3749999999989866994, 0.4999999999991578958, 0.5624999999992439381, 0.5937499999992864597, 0.6093749999993079980, 0.6171874999993187672, 0.6210937499993244293, 0.6230468749993268718, 0.6249999999993293143, 0.6562499999993794964, 0.6718749999994049205, 0.6796874999994177990, 0.6835937499994247935, 0.6855468749994289013, 0.6865234374994308997, 0.6874999999994328981, 0.7187499999994856337, 0.7343749999995123900, 0.7421874999995258237, 0.7460937499995325961, 0.7480468749995357047, 0.7499999999995387023, 0.8124999999996165290, 0.8281249999996359579, 0.8320312499996425082, 0.8359374999996491695, 0.8437499999996647126, 0.8593749999996960209, 0.8671874999997126743, 0.8749999999997293276, 1.000000000000000000 ),
 .UNSPECIFIED. ) ;
#5490 = DIRECTION ( 'NONE',  ( 1.000000000000000000, 0.000000000000000000, 0.000000000000000000 ) ) ;
#5491 = DIRECTION ( 'NONE',  ( 1.000000000000000000, 0.000000000000000000, 0.000000000000000000 ) ) ;
#5492 = EDGE_LOOP ( 'NONE', ( #3896, #3775, #202, #4861 ) ) ;
#5493 = CARTESIAN_POINT ( 'NONE',  ( -48.16616101990794618, 10.86652314552700105, 50.07384361556449903 ) ) ;
#5494 = DIRECTION ( 'NONE',  ( 1.000000000000000000, 0.000000000000000000, 0.000000000000000000 ) ) ;
#5495 = CARTESIAN_POINT ( 'NONE',  ( -51.97136222314622955, 14.26714017311901372, 24.13455640973715788 ) ) ;
#5496 = CARTESIAN_POINT ( 'NONE',  ( -48.60034562903869926, 11.25907515869386444, 44.36450125439960601 ) ) ;
#5497 = EDGE_CURVE ( 'NONE', #3352, #4857, #4923, .T. ) ;
#5498 = CARTESIAN_POINT ( 'NONE',  ( -16.51237186304832605, 42.72408159676214723, 48.40164732281963467 ) ) ;
#5499 = CARTESIAN_POINT ( 'NONE',  ( -59.59811073578330110, 13.86830646247156018, 24.17766952966350047 ) ) ;
#5500 = CARTESIAN_POINT ( 'NONE',  ( -14.42277167645602098, -2.931693537528434756, 14.17766952966370120 ) ) ;
#5501 = CARTESIAN_POINT ( 'NONE',  ( -46.75981332052788275, 8.954375923019693317, 34.91711420824927359 ) ) ;
#5502 = CARTESIAN_POINT ( 'NONE',  ( -47.70401678826049618, 47.26708465436126261, 49.56775574782514582 ) ) ;
#5503 = DIRECTION ( 'NONE',  ( 0.000000000000000000, 0.000000000000000000, -1.000000000000000000 ) ) ;
#5504 = DIRECTION ( 'NONE',  ( -3.053109982854984654E-11, -1.000000000000000000, 0.000000000000000000 ) ) ;
#5505 = CARTESIAN_POINT ( 'NONE',  ( -47.57052407212216849, 47.37824671514924546, 45.35245737739609950 ) ) ;
#5506 = ORIENTED_EDGE ( 'NONE', *, *, #3500, .F. ) ;
#5507 = CARTESIAN_POINT ( 'NONE',  ( -18.69504404861235258, 12.86571818638065956, 47.35882438196049549 ) ) ;
ENDSEC;
END-ISO-10303-21;
